seq	xt	in_code	name
0xdf	0x0000020c	0	LOADFILE
0xe2	0x00000214	0	MAXSTRING
0xe3	0x0000021c	0	MAX-PATH
0xe4	0x00000224	0	MAXCOUNTED
0xe6	0x0000022c	0	^IMAGE
0xeb	0x00000234	0	NEXT-SEQ
0xf3	0x00000240	0	DEFER-LIST
0xf7	0x00000248	0	FORTH
0xfd	0x000004c8	0	STC?
0x102	0x000004d8	0	ESI=OP
0x109	0x000004dc	0	&ORIGIN
0x10a	0x000004e4	0	&MAGIC
0x10b	0x000004ec	0	&APP-SIZE
0x10c	0x000004f4	0	&APP-ACTUAL
0x10d	0x000004fc	0	&SYS-SIZE
0x10e	0x00000504	0	&SYS-ACTUAL
0x10f	0x0000050c	0	&SYS-SEPARATION
0x110	0x00000514	0	&ENTRY
0x111	0x0000051c	0	&TABLE
0x112	0x00000524	0	&HINST
0x113	0x0000052c	0	&CMDLEN
0x114	0x00000534	0	&CMDADR
0x115	0x0000053c	0	&HCON
0x116	0x00000544	0	&EXCEPT
0x117	0x0000054c	0	&EXREC
0x118	0x00000554	0	&EXRSTK
0x119	0x0000055c	0	&UNLOAD-FORTH
0x11a	0x00000564	0	&DLLINIT
0x11b	0x0000056c	0	&DLL-CALLBACK
0x11c	0x00000574	0	&MESSAGE-CALLBACK
0x11d	0x0000057c	0	&WINMESSAGE-CALLBACK
0x126	0x00000584	0	DOCOL
0x127	0x0000058c	0	DOCON
0x128	0x00000594	0	DODOES
0x129	0x0000059c	0	DOVAR
0x12a	0x000005a4	0	DODEFER
0x12b	0x000005ac	0	DO2VALUE
0x12c	0x000005b4	0	DO2VALUE!
0x12d	0x000005bc	0	DO2VALUE+!
0x12e	0x000005c4	0	DOVALUE
0x12f	0x000005cc	0	DOVALUE!
0x130	0x000005d4	0	DOVALUE+!
0x131	0x000005dc	0	DOUSER
0x132	0x000005e4	0	DOOFF
0x133	0x000005ec	0	DOOBJ
0x136	0x000005f4	1	_EXIT
0x13e	0x00000600	1	UNNEST
0x145	0x0000060c	1	NEST
0x14d	0x0000061c	1	EXECUTE
0x158	0x0000062c	1	PERFORM
0x164	0x00000640	1	NOOP
0x168	0x00000648	1	UNLOOP
0x173	0x00000668	1	I
0x179	0x00000680	1	J
0x17f	0x00000698	1	K
0x185	0x000006b0	1	LEAVE
0x18d	0x000006c0	1	?LEAVE
0x1e9	0x000007f4	1	RP@
0x1f1	0x00000800	1	RP!
0x1fa	0x0000080c	1	>R
0x202	0x0000081c	1	R>
0x20a	0x0000082c	1	R@
0x212	0x00000838	1	DUP>R
0x218	0x00000844	1	R>DROP
0x21d	0x0000084c	1	2>R
0x226	0x00000860	1	2R>
0x22f	0x00000874	1	2R@
0x271	0x00000960	0	CELL
0x272	0x00000968	0	-CELL
0x2aa	0x00000a3c	1	MOVE
0x2cc	0x00000a84	1	FILL
0x2ec	0x00000ab8	1	ERASE
0x2ef	0x00000adc	1	CMOVE
0x2ff	0x00000b04	1	CMOVE>
0x339	0x00000bb4	0	TRUE
0x33a	0x00000bbc	0	FALSE
0x385	0x00000ce0	0	0
0x386	0x00000ce8	0	1
0x3ac	0x00000d84	1	UM*
0x3b5	0x00000da0	1	UM/MOD
0x3c0	0x00000dbc	1	WORD-SPLIT
0x3c9	0x00000dd8	1	WORD-JOIN
0x44d	0x00000f88	1	BETWEEN
0x459	0x00000fac	1	WITHIN
0x49e	0x000010a8	1	3DUP
0x4a2	0x000010dc	1	4DUP
0x4b7	0x00001130	1	DNEGATE
0x4bf	0x0000114c	1	DABS
0x4d0	0x00001184	1	D=
0x4e6	0x000011e0	1	D>
0x4ea	0x00001200	1	D<>
0x4ee	0x00001220	1	DMIN
0x4f2	0x00001254	1	DMAX
0x4f8	0x00001288	1	M*
0x501	0x000012a4	1	*
0x509	0x000012c0	1	SM/REM
0x513	0x000012dc	1	FM/MOD
0x52b	0x0000130c	1	/MOD
0x545	0x00001340	1	/
0x548	0x00001360	1	MOD
0x54b	0x0000137c	1	*/MOD
0x562	0x000013ac	1	*/
0x568	0x000013cc	0	USERSIZE
0x56a	0x000013d4	0	NEXT-USER
0x570	0x000013dc	0	CONUSER
0x57f	0x0000240c	0	RP0
0x580	0x00002414	0	SP0
0x581	0x0000241c	0	STATUS
0x582	0x00002424	0	FOLLOWER
0x583	0x0000242c	0	TOS
0x585	0x00002434	0	HANDLER
0x586	0x0000243c	0	LP
0x587	0x00002444	0	OP
0x588	0x0000244c	0	BASE
0x589	0x00002454	0	HLD
0x58b	0x0000245c	0	PAD
0x58d	0x00002464	0	MSG
0x58f	0x0000246c	0	USEREXTRA
0x590	0x00002474	0	USERMIN
0x594	0x0000247c	0	POCKET
0x595	0x00002584	0	CUR-FILE
0x596	0x0000268c	0	TEMP$
0x597	0x00002794	0	FIND-BUFFER
0x599	0x0000289c	0	DP
0x59a	0x000028a4	0	SDP
0x59c	0x000028ac	0	#VOCS
0x59e	0x000028b4	0	CONTEXT
0x59f	0x000028fc	0	CURRENT
0x5a0	0x00002904	0	LAST
0x5a1	0x0000290c	0	LAST-LINK
0x5a2	0x00002914	0	VOC-LINK
0x5a4	0x0000291c	0	SOURCE-ID
0x5a5	0x0000292c	0	SOURCE-POSITION
0x5a9	0x0000293c	0	TIB
0x5ac	0x00002a44	0	(SOURCE)
0x5b0	0x00002a50	0	#TIB
0x5b5	0x00002a58	0	>IN
0x5b6	0x00002a60	0	STATE
0x5b7	0x00002a68	0	WARNING
0x5b8	0x00002a70	0	CAPS
0x5ba	0x00002a78	0	.SMAX
0x5bc	0x00002a80	0	LOADLINE
0x5bd	0x00002a88	0	?LOADING
0x5c1	0x00002a90	0	BL
0x5c3	0x00002a98	1	BLANK
0x5db	0x00002b10	1	"CLIP"
0x5de	0x00002b38	1	PLACE
0x5df	0x00002b8c	1	+PLACE
0x5e1	0x00002bf4	1	-TRAILCHARS
0x5ef	0x00002c1c	1	-TRAILING
0x5f2	0x00002c40	1	-NULLS
0x5fc	0x00002c64	1	/STRING
0x65a	0x00002c88	1	XCALL
0x663	0x00002ca4	1	_BYE
0x666	0x00002ccc	1	INIT-CONSOLE
0x66e	0x00002d20	1	INIT-SCREEN
0x672	0x00002d48	1	SIZESTATE
0x675	0x00002d6c	1	EKEY
0x678	0x00002d90	1	_ACCEPT
0x67c	0x00002db8	1	_EMIT
0x67f	0x00002ddc	1	_TYPE
0x682	0x00002e08	1	_CR
0x685	0x00002e2c	1	_CLS
0x688	0x00002e50	1	EKEY?
0x68b	0x00002e74	1	_?CR
0x68e	0x00002e98	1	_MALLOC
0x691	0x00002ebc	1	_FREE
0x694	0x00002ee0	1	&START-NAME
0x699	0x00002f04	1	FOPEN-FILE
0x69c	0x00002f38	1	FMAKE-FILE
0x69f	0x00002f68	1	FCLOSE-FILE
0x6a2	0x00002f8c	1	FREAD-LINE
0x6a6	0x00002fe8	1	FREAD-FILE
0x6a9	0x00003018	1	FSEEK-FILE
0x6ac	0x0000303c	1	FREPOSITION-FILE
0x6af	0x00003068	1	FSAVE-FILE
0x6ba	0x000030dc	1	FFILE-POSITION
0x6bd	0x00003114	1	_GOTOXY
0x6c0	0x0000313c	1	_GETXY
0x6c3	0x00003164	1	_GETCOLROW
0x6c6	0x0000318c	1	TONE
0x6c9	0x000031b4	1	BEEP!
0x6cc	0x000031dc	1	PRINT-ORIENTATION
0x6cf	0x00003200	1	UPC
0x6d2	0x00003234	1	UPPER
0x6d5	0x00003260	1	LOWER
0x6d9	0x0000328c	1	UPPERCASE
0x6dc	0x000032bc	1	?UPPERCASE
0x6f1	0x00003310	1	MARKCONSOLE
0x6f6	0x00003334	0	BYE
0x6f7	0x00003344	0	KEY
0x6f8	0x00003354	0	ACCEPT
0x6f9	0x00003364	0	EMIT
0x6fa	0x00003374	0	TYPE
0x6fb	0x00003384	0	CR
0x6fc	0x00003394	0	CLS
0x6fd	0x000033a4	0	KEY?
0x6fe	0x000033b4	0	?CR
0x6ff	0x000033c4	0	CONSOLE
0x700	0x000033d4	0	GOTOXY
0x701	0x000033e4	0	GETXY
0x702	0x000033f4	0	GETCOLROW
0x703	0x00003404	0	MS
0x70a	0x00003414	0	DOCALL
0x726	0x0000342c	1	DIGIT
0x738	0x00003464	1	>NUMBER
0x764	0x000034d0	0	DOUBLE?
0x766	0x000034e0	0	DP-LOCATION
0x76a	0x000034f0	1	NUMBER?
0x784	0x00003654	1	?MISSING
0x787	0x00003684	1	(NUMBER)
0x78b	0x000036cc	0	NUMBER
0x78f	0x000036dc	1	SPACE
0x792	0x00003708	0	SPCS-MAX
0x794	0x00003710	0	SPCS
0x797	0x00003794	1	SPACES
0x79e	0x000037e8	1	_COL
0x7a1	0x0000381c	0	COL
0x7a3	0x0000382c	1	#TAB
0x7a8	0x00003870	1	NFA-COUNT
0x7b1	0x0000388c	1	.ID
0x7b4	0x000038bc	1	DECIMAL
0x7b5	0x000038e4	1	HEX
0x7b6	0x0000390c	1	BINARY
0x7b7	0x00003934	1	OCTAL
0x7b9	0x0000395c	1	HOLD
0x7c1	0x00003978	1	<#
0x7c4	0x000039a0	1	#>
0x7c7	0x000039d4	1	SIGN
0x7ca	0x00003a04	1	#
0x7e0	0x00003a44	1	#S
0x7e1	0x00003a78	1	(D.)
0x7e2	0x00003ab4	1	D.
0x7e3	0x00003ae4	1	D.R
0x7e4	0x00003b2c	1	.
0x7e5	0x00003b4c	1	.R
0x7e6	0x00003b7c	1	U.
0x7e7	0x00003ba0	1	U.R
0x7e8	0x00003bc8	1	H.
0x7e9	0x00003c00	1	?
0x7ed	0x00003c20	1	SOURCE
0x7ef	0x00003c44	1	WORD
0x833	0x00003cf4	1	PARSE
0x887	0x00003e9c	0	[UNKNOWN]
0x88b	0x00003ea4	1	?THREAD
0x89d	0x00003ee0	1	_>NAME
0x8b3	0x00003f9c	0	>NAME
0x8be	0x00003fd8	1	>VIEW
0x8c6	0x00004018	1	N>OFA
0x8cb	0x00004050	1	>OFA
0x8d0	0x00004078	0	LATEST-NFA
0x8d2	0x00004080	1	SEARCH-1WORDLIST
0x8fb	0x000040f0	1	"#HASH
0x913	0x0000412c	1	_SEARCH-WORDLIST
0x916	0x0000416c	0	NAME-MAX-CHARS
0x918	0x0000417c	1	SEARCH-WORDLIST
0x922	0x000041d8	1	(FIND)
0x931	0x00004288	1	CAPS-FIND
0x939	0x000042e0	0	FIND
0x93b	0x000042f0	1	DEFINED
0x946	0x00004338	0	HERE
0x953	0x00004378	0	VEC-ALLOT
0x95a	0x000043a0	1	SYS-ORIGIN
0x95d	0x000043c0	1	?MEMCHK
0x964	0x00004494	1	ALLOT
0x970	0x000044ec	0	,
0x982	0x00004544	0	C,
0x995	0x0000459c	0	W,
0x9a0	0x000045d0	0	SYS-WARNING?
0x9a2	0x000045e0	1	SYS-WARNING-OFF
0x9a5	0x00004600	1	SYS-WARNING-ON
0x9a8	0x00004620	1	?SYS-ADDRESS
0x9b7	0x00004770	0	IN-SYSTEM?
0x9c5	0x000047b0	0	ALIGN
0x9dc	0x0000481c	0	COMPILE,
0x9de	0x0000482c	0	COMPILE
0x9e0	0x0000483c	1	IN-APPLICATION
0x9eb	0x000048ac	1	IN-SYSTEM
0x9f6	0x0000491c	1	>SYSTEM
0x9f9	0x00004954	1	SYSTEM>
0x9fe	0x00004994	1	>APPLICATION
0xa01	0x000049cc	1	APPLICATION>
0xa09	0x00004a08	0	LAST-LITERAL-TAIL
0xa0b	0x00004a18	0	B/LITERAL
0xa13	0x00004a80	1	RESET-UN-LITERAL
0xa14	0x00004aa0	1	?UN-LITERAL
0xa1d	0x00004b14	1	STR,
0xa20	0x00004b58	1	X,
0xa29	0x00004b80	0	NEST-X
0xa2a	0x00004b88	0	B/NEST-X
0xa2c	0x00004b90	1	,NEST
0xa33	0x00004bb8	0	B/UNNEST-X
0xa36	0x00004bc0	0	LAST-COMPILE,-TAIL
0xa37	0x00004bd0	0	LAST-COMPILE,-LEN
0xa38	0x00004be0	0	LAST-COMPILE,-XT
0xa39	0x00004bf0	1	RESET-UN-COMPILE,
0xa3a	0x00004c10	1	?UN-COMPILE,
0xa47	0x00004c98	1	SET-UN-COMPILE,
0xa4d	0x00004cd0	1	NOOP-?OPT-COMPILE,
0xa4e	0x00004cf0	0	?OPT-COMPILE,
0xa51	0x00004d00	0	FIXED-DOXXX?
0xa57	0x00004d10	0	LAST-COMPILE,-XT
0xa58	0x00004d20	0	EXEC:-ING?
0xa59	0x00004d30	0	B/COMPILE,
0xa5a	0x00004d38	1	NORM-COMPILE,
0xa65	0x00004df4	1	FIXED-DOXXX-COMPILE,
0xa70	0x00004e80	1	_OFA@
0xa71	0x00004ea0	0	OFA@
0xa74	0x00004eb0	0	OPT?
0xa75	0x00004eb8	1	OPT-ON
0xa76	0x00004edc	1	OPT-OFF
0xa78	0x00004f00	1	_COMPILE,
0xaa0	0x000050c4	1	_COMPILE
0xaaf	0x00005108	1	IMMEDIATE
0xab2	0x00005130	1	HIDE
0xab5	0x00005160	1	REVEAL
0xab9	0x00005190	1	CHAR
0xabf	0x000051d8	1	'
0xad2	0x000052a4	0	\N->CRLF
0xad4	0x000052b4	1	,"
0xade	0x00005348	1	(("))
0xaea	0x00005370	0	NEW$
0xaec	0x00005380	1	(C")
0xaf7	0x0000541c	1	(S")
0xb02	0x000054c0	1	(.")
0xb0a	0x00005524	1	CATCH
0xb17	0x000055bc	1	THROW
0xb22	0x00005644	1	ABORT
0xb25	0x00005668	1	(ABORT")
0xb31	0x000056e0	1	?EXEC
0xb32	0x0000571c	1	?COMP
0xb33	0x0000575c	1	RESET-OPT
0xb35	0x0000577c	1	?PAIRS
0xb37	0x000057bc	1	>MARK
0xb39	0x000057e0	1	>RESOLVE
0xb3b	0x0000581c	1	ABS->RESOLVE
0xb3c	0x00005850	1	<MARK
0xb3e	0x00005874	1	<RESOLVE
0xb3f	0x000058b4	1	<RESOLVE-SHORT
0xb6e	0x00005928	1	CMP-BRANCH
0xb74	0x0000597c	1	CMP#-BRANCH
0xb81	0x00005a64	1	>=
0xb82	0x00005a84	1	<=
0xba2	0x00005acc	1	?BRANCH
0xbbd	0x00005c4c	1	?BRANCH-SHORT
0xbc0	0x00005c90	1	BRANCH
0xbc1	0x00005cb4	1	BRANCH-SHORT
0xbd0	0x00005e00	1	SHORT-OFFSET?
0xc83	0x000066f4	1	LINK,
0xc86	0x00006738	1	SYS-LINK,
0xc89	0x0000676c	1	VIEW,
0xc8f	0x000067b0	0	OFA-LAST
0xc91	0x000067c0	1	"NAME,
0xcaa	0x00006970	1	_"HEADER
0xcb2	0x000069f8	0	"HEADER
0xcb4	0x00006a08	1	_HEADER
0xcb8	0x00006a48	0	HEADER
0xcbb	0x00006a58	1	CREATE
0xcbe	0x00006a90	1	ALIAS
0xcc3	0x00006ac4	0	CSP
0xcc5	0x00006acc	1	!CSP
0xcc8	0x00006af0	1	?CSP
0xccc	0x00006b34	1	CALL,
0xcd1	0x00006b80	1	(;CODE)
0xcd4	0x00006bb0	1	#(;CODE)
0xcd7	0x00006bd8	1	_]
0xcda	0x00006bfc	1	_[
0xcdd	0x00006c20	0	]
0xce0	0x00006c40	0	?:M
0xce1	0x00006c50	0	PARMS
0xce3	0x00006c60	1	PARMS-INIT
0xceb	0x00006c94	0	B/NEST-X
0xced	0x00006c9c	1	,NEST
0xcf1	0x00006cc0	1	:NONAME
0xcf5	0x00006d20	0	CURRENT-COLON-CFA
0xcf7	0x00006d30	1	_:
0xd00	0x00006da8	0	:
0xd07	0x00006dec	1	CONSTANT
0xd0a	0x00006e30	1	VARIABLE
0xd0d	0x00006e60	1	USER
0xd10	0x00006ea4	1	DEFER
0xd17	0x00006f0c	1	NEWUSER
0xd1c	0x00006f44	1	.USERSIZE
0xd2d	0x00007004	1	DEFINITIONS
0xd30	0x00007028	1	2CONSTANT
0xd3a	0x00007074	1	2VARIABLE
0xd3f	0x000070a4	1	@(IP)
0xd4b	0x000070d4	1	(IS)
0xd4d	0x000070f8	1	?IS
0xd5c	0x000071e4	1	VALUE
0xd64	0x00007250	1	?TO_CHECK
0xd8d	0x00007410	1	DEPTH
0xd95	0x0000742c	1	?STACK
0xd98	0x0000746c	1	QUERY
0xd9d	0x000074c8	1	_NUMBER,
0xda4	0x00007524	0	NUMBER,
0xda5	0x00007534	0	SAVE-SRC
0xda6	0x00007544	0	?UNSAVE-SRC
0xda8	0x00007554	1	_INTERPRET
0xdb6	0x00007610	0	INTERPRET
0xdba	0x00007620	1	EVALUATE
0xdca	0x000076e0	1	WINPAUSE
0xdcf	0x00007704	0	ECHO
0xdd1	0x0000770c	1	?.REFILL
0xdd7	0x00007760	0	.REFILL
0xdda	0x00007770	0	LEN-PREV
0xddc	0x00007780	1	REFILL
0xdf6	0x000078b0	1	LINKFILE
0xdfe	0x00007908	0	STACK-CHECK
0xe00	0x00007918	0	START-LINE
0xe02	0x00007920	0	INCLUDING?
0xe04	0x00007930	1	>LINE
0xe0a	0x00007990	1	DO-INCLUDE
0xe1d	0x00007a68	0	DEFEXTMAX
0xe1e	0x00007a70	0	DEFEXT$
0xe21	0x00007a88	0	EXT_ADDED?
0xe24	0x00007a90	0	DEFEXT_ON?
0xe27	0x00007a98	1	DEFEXT
0xe2a	0x00007ad4	0	OPENBUF
0xe2d	0x00007bdc	1	"TO-PATHEND"
0xe36	0x00007c70	1	?DEFEXT
0xe45	0x00007d2c	1	_"OPEN
0xe4e	0x00007dac	0	"OPEN
0xe51	0x00007dbc	1	$OPEN
0xe55	0x00007de4	0	START-INCLUDE
0xe56	0x00007df4	0	END-INCLUDE
0xe58	0x00007e04	1	INCLUDE-FILE
0xe7c	0x00007fd4	1	INCLUDED
0xe7f	0x0000801c	1	FLOAD
0xe82	0x00008048	1	SYS-FLOAD
0xe87	0x000080a0	1	INCLUDE
0xe8a	0x000080bc	1	OK
0xe93	0x0000810c	0	EDIT-ERROR
0xe95	0x0000811c	1	_RESET-STACKS
0xe98	0x00008140	0	RESET-STACKS
0xe9a	0x00008150	1	_MESSAGE
0xead	0x000082c8	0	MESSAGE
0xeaf	0x000082d8	1	QUERY-INTERPRET
0xeb1	0x00008308	1	_QUIT
0xec3	0x0000842c	1	DOCMDTAIL
0xec6	0x00008454	1	/IMAGE
0xec9	0x00008478	0	QUIT
0xeca	0x00008488	0	COMMANDLINE
0xecb	0x00008498	0	BOOT
0xed0	0x000084a8	1	COLD
0xeeb	0x0000863c	1	DLLCOLD
0xef1	0x00008674	1	SKIP
0xf03	0x000086a0	1	SCAN
0xf15	0x000086cc	1	WSKIP
0xf27	0x000086f8	1	WSCAN
0xf39	0x00008724	1	LSKIP
0xf4d	0x00008754	1	LSCAN
0xf61	0x00008780	1	-SCAN
0xf77	0x000087ac	1	-SKIP
0xf90	0x000087d8	1	COMPARE
0xfb8	0x00008828	1	SEARCH
0xfe3	0x000088a0	1	LARGEST
0xff6	0x000088d0	1	CELL-SORT
0x100c	0x00008908	1	BYTE-SORT
0x1025	0x00008940	1	+OV?
0x104b	0x0000898c	0	DOLOCAL
0x104c	0x00008994	0	DOLOCAL!
0x104d	0x0000899c	0	DOLOCAL+!
0x104f	0x000089a4	0	LOCAL0
0x1050	0x000089b4	0	LOCAL1
0x1051	0x000089c4	0	LOCAL2
0x1052	0x000089d4	0	LOCAL3
0x1053	0x000089e4	0	LOCAL4
0x1054	0x000089f4	0	LOCAL5
0x1055	0x00008a04	0	LOCAL6
0x1056	0x00008a14	0	LOCAL7
0x1057	0x00008a24	0	LOCAL8
0x1058	0x00008a34	0	LOCAL9
0x1059	0x00008a44	0	LOCAL10
0x105a	0x00008a54	0	LOCAL11
0x105d	0x00008a64	1	UNNESTP
0x106b	0x00008a78	1	EXITP
0x1078	0x00008a8c	1	INIT-UNINIT-LOCALS
0x1084	0x00008aa4	1	INIT-IN-LOCALS
0x1096	0x00008ac8	1	INIT-LOCALS
0x10ad	0x00008af0	0	#-LOCALS
0x10af	0x00008af8	0	LOCAL-PTRS
0x10b3	0x00008b2c	1	>LOC
0x10be	0x00008b58	0	PARMLIST
0x10c2	0x00008e9c	1	>#PARM
0x10c4	0x00008ec8	1	"FIRSTPARM
0x10c7	0x00008ef8	1	ADDPARM
0x10d0	0x00008f80	0	INPARMS
0x10d1	0x00008f90	0	LOCFLG
0x10d4	0x00008fa0	1	PARMS,
0x10e3	0x0000906c	1	FIRSTCHR
0x10e6	0x0000908c	1	(LOCAL)
0x10f1	0x000090d8	1	NEXTWORD
0x1121	0x000092fc	1	REVERSEARGS
0x1145	0x000094b0	1	PFIND
0x1156	0x00009590	1	(&LOCAL)
0x115f	0x00009654	1	PARMFIND
0x116d	0x000096c4	1	METHOD-HASH
0x1186	0x000096f0	1	((FINDM))
0x1196	0x00009718	0	M0CFA
0x11ac	0x00009734	0	M1CFA
0x11c3	0x00009750	1	UNNESTM
0x11d0	0x00009760	1	EXITM
0x11dd	0x00009770	1	UNNESTMP
0x11ee	0x00009784	1	_LOCALFREE
0x11f8	0x00009798	1	_LOCALALLOCP
0x1201	0x000097a8	1	_LOCALALLOC
0x122b	0x00009840	0	(&IV)
0x1237	0x00009850	0	(IVC@)
0x1243	0x00009868	0	(IVC!)
0x124e	0x0000987c	0	(IVC+!)
0x125b	0x00009890	0	(IVW@)
0x1267	0x000098a8	0	(IVW!)
0x1272	0x000098bc	0	(IVW+!)
0x127f	0x000098d0	0	(IV@)
0x128a	0x000098e4	0	(IV!)
0x1295	0x000098f8	0	(IV+!)
0x12a2	0x0000990c	0	(IVD@)
0x12af	0x00009924	0	(IVD!)
0x12bb	0x0000993c	0	(IVD+!)
0x12ca	0x00009958	0	SUBCLASS-WNDPROC
0x12cc	0x00009968	0	SUBCLASS-ENTRY
0x1320	0x000099f4	1	WNDPROC
0x1343	0x00009aa8	0	UNLOADFORTH
0x134f	0x00009abc	1	.S
0x1360	0x00009b9c	1	WAIT
0x1363	0x00009bd8	0	SCREENDELAY
0x1365	0x00009be8	0	DELAYS
0x1368	0x00009c00	1	_START/STOP
0x1370	0x00009c90	0	START/STOP
0x1372	0x00009ca0	1	NUF?
0x1375	0x00009cc4	1	H.R
0x137b	0x00009d40	1	H.N
0x1380	0x00009de0	1	H.2
0x1381	0x00009e04	1	H.4
0x1382	0x00009e28	1	H.8
0x1384	0x00009e4c	1	.NAME
0x138a	0x00009ee0	1	KWORDS
0x1396	0x00009fec	1	EMIT.
0x1399	0x0000a038	1	+NO-WRAP
0x13da	0x0000a244	0	DO-;CHAIN
0x7	0x0000a310	1	D
0x9	0x0000a32c	1	X
0x1	0x0000a40c	0	VERSION#
0x3	0x0019451c	0	_BEGIN
0x4	0x00194538	0	_THEN
0x5	0x00194554	0	_UNTIL
0x6	0x00194570	0	_AGAIN
0x7	0x0019458c	0	_WHILE
0x8	0x001945a8	0	_REPEAT
0x9	0x001945c4	0	_CASE
0xa	0x001945dc	0	_OF
0xb	0x001945f8	0	_ENDOF
0xc	0x00194618	0	_ENDCASE
0xd	0x00194634	0	(LOOP)
0xe	0x00194650	0	(+LOOP)
0xf	0x0019466c	0	(DO)
0x10	0x00194688	0	(?DO)
0x11	0x001946a0	0	LIT
0x3	0x001946e8	0	_COMMENT
0xe	0x001947c4	0	MULTI-LINE?
0x15	0x00194844	0	"COMMENT
0x26	0x00194a4c	0	//{{NO_DEPENDENCIES}}
0x3	0x0000a41c	0	.OPT?
0x5	0x0000a42c	1	^
0x7	0x0000a48c	1	(.OPT")
0xd	0x00194b9c	0	_?OPT-COMPILE,
0x125	0x0000a4d0	0	#INLINE-WORDS
0x126	0x0000a4e0	0	INLINE-XT-TABLE
0x127	0x0000a4f0	0	INLINE-OFA-TABLE
0x129	0x0000a500	1	CACHE-OFA@
0x133	0x00195c14	0	ADD-INLINE-WORD
0x139	0x00195c80	0	%BUILD-OFA-CACHE
0x147	0x00195d30	0	BUILD-OFA-CACHE
0x8	0x0000a560	1	ROLL
0xc	0x0000a598	1	CONVERT
0xf	0x0000a5b8	0	SPAN
0x11	0x0000a5c0	1	EXPECT
0x20	0x0000a5e4	1	EKEY>CHAR
0x23	0x0000a608	1	D0=
0x25	0x0000a620	0	PAGE
0x27	0x0000a630	0	EMIT?
0x29	0x0000a638	1	D>S
0x2b	0x0000a64c	1	CS-PICK
0x2e	0x0000a674	1	CS-ROLL
0x34	0x0000a6a0	1	SAVE-INPUT
0x3d	0x0000a6ec	1	RESTORE-INPUT
0x47	0x0000a73c	0	DUMPC@
0x49	0x00196448	0	DUMP
0x55	0x00196600	0	DM
0x58	0x0000a74c	1	APPINST
0x59	0x0000a764	1	CMDLINE
0x5a	0x0000a784	1	&CMDLINE
0x5b	0x0000a79c	1	_CONHNDL
0x5c	0x0000a7b4	1	EXCEPTION@
0x5e	0x0000a7cc	0	CONHNDL
0x60	0x0000a7dc	0	NULL
0x62	0x0000a7e4	0	CRLF$
0x68	0x0000a7ec	0	'EXIT
0x6a	0x0000a7f4	0	DOCLASS
0x6b	0x0000a804	0	DO|CLASS
0x6d	0x0000a814	0	HAVE-KERNEL.BIN?
0x70	0x0000a824	1	BREAKER
0x73	0x0000a83c	1	APP-FREE
0x76	0x0000a874	1	APP-FREE!
0x82	0x0000aa5c	1	SYS-FREE
0x87	0x0000aaa0	1	SYS-FREE!
0x8d	0x0000aae8	1	$FLOAD
0x90	0x0000ab08	1	"FLOAD
0x94	0x001968fc	0	MAKEDEFER
0x98	0x0019694c	0	SYNONYM
0x9f	0x00009c90	0	STOP/START
0xa1	0x000033d4	0	AT-XY
0xa3	0x0000ab20	1	_BEEP
0xa6	0x0000ab40	0	BEEP
0xa7	0x0000ab50	0	>BOLD
0xa8	0x0000ab60	0	>NORM
0xaa	0x0000ab70	0	VOC-ALSO
0xab	0x0000ab80	0	"MESSAGE
0xac	0x0000ab90	0	"TOP-MESSAGE
0xad	0x0000aba0	0	MESSAGE-OFF
0xae	0x0000abb0	0	WIN32FORTH-MESSAGE
0xaf	0x0000abc0	0	DEFAULTWINDOWPROC
0xb0	0x0000abd0	0	.RSTACK
0xb1	0x0000abe0	0	RESETSRCINFO
0xb2	0x0000abf0	0	SAVE-SOURCE
0xbb	0x0000ac00	1	_\N->CRLF
0xc5	0x0000ac7c	1	-NULL,
0xcb	0x0000acd8	1	+NULL
0xce	0x0000ad08	1	(Z")
0xda	0x0000ad20	1	Z",
0xdf	0x0000ad8c	1	Z,"
0xe2	0x0000adac	1	+Z,"
0xe5	0x0000adc8	1	+Z",
0xe8	0x0000ade4	1	NOT
0xea	0x0000adfc	1	GET-COMMANDLINE
0xf1	0x00196d58	0	CFA-FUNC
0xf3	0x00196dac	0	ENTER-ASSEMBLER
0xf4	0x00196ddc	0	EXIT-ASSEMBLER
0xf6	0x00196e08	0	CFA-CODE
0xf9	0x00196e48	0	CFA-COMP,
0x102	0x0000ae38	1	_IS-DEFAULT
0x115	0x0000381c	0	SP>COL
0x117	0x0000ae54	1	COLS
0x11a	0x0000ae70	1	ROWS
0x11d	0x0000ae8c	0	ACCEPT-CNT
0x11f	0x0000ae9c	1	HIWORD
0x122	0x0000aeb4	1	LOWORD
0x125	0x0000aecc	1	"HOLD
0x12c	0x0000af08	0	TAB-SIZE
0x12d	0x0000af18	0	LEFT-MARGIN
0x12e	0x0000af28	0	RIGHT-MARGIN
0x12f	0x0000af38	0	TAB-MARGIN
0x130	0x0000af48	0	TABS-MAX
0x131	0x0000af58	0	TABING?
0x132	0x0000af68	0	FIRST-LINE?
0x133	0x0000af78	0	INDENT
0x135	0x0000af88	1	WRAP?
0x13a	0x0000afc0	1	TAB-WRAP?
0x140	0x0000b004	1	TAB
0x143	0x0000b044	1	0TAB
0x146	0x0000b060	1	+TAB
0x14c	0x0000b098	1	-TAB
0x152	0x0000b0fc	1	FIRST-LINE
0x156	0x0000b11c	1	TABING-ON
0x159	0x0000b138	1	TABING-OFF
0x15c	0x0000b138	1	TABBING-OFF
0x15d	0x0000b11c	1	TABBING-ON
0x15f	0x0000b154	1	CRTAB
0x169	0x0000b1cc	1	?LINE
0x16e	0x0000b210	1	ALLOT-TO
0x173	0x0000b278	0	&PROGNAM
0x176	0x0000b380	1	"PATH-ONLY"
0x17b	0x0000b3c4	1	"MINUS-EXT"
0x17e	0x0000b3ec	1	".EXT-ONLY"
0x181	0x0000b40c	1	?-\
0x187	0x0000b454	1	?+\
0x18d	0x0000b4ac	1	?+;
0x193	0x0000b504	1	?+:
0x19b	0x0000b55c	1	?NAME
0x1ac	0x0000b648	1	?.NAME
0x1b2	0x0000b698	1	ID.
0x1b5	0x0000b6c0	1	EXEC:
0x1b9	0x0000b6e8	0	OLDDEPTH
0x1bb	0x0000b6f8	1	NOSTACK1
0x1c2	0x0000b714	1	TNEGATE
0x1c8	0x0000b778	1	UT*
0x1cc	0x0000b7c4	1	MT*
0x1d8	0x0000b858	1	UT/
0x1dc	0x0000b898	1	M*/
0x1e2	0x0000b8e8	1	M+
0x1e9	0x001973dc	0	OFFSET
0x1ed	0x00197428	0	FIELD+
0x203	0x0000b908	1	APP-RESERVE
0x206	0x0000b938	0	RESERVE
0x208	0x0000b948	1	SYS-RESERVE
0x20b	0x0000b978	1	C+PLACE
0x20f	0x0000b9a4	1	,"TEXT"
0x227	0x0000bb08	1	UNUSED
0x22e	0x0000bb24	1	2+!
0x235	0x001975d8	0	2VALUE
0x23f	0x0000bb58	0	ARG"
0x240	0x0000bb70	0	ARG-POS"
0x243	0x0000bb88	1	"ARG-NEXT"
0x248	0x0000bbf8	1	ARG-1"
0x24c	0x0000bc1c	1	ARG-NEXT"
0x24f	0x0000bc3c	1	ARG-EXT"
0x256	0x0000bc60	1	(.)
0x25c	0x0000bc7c	1	(XUD,.)
0x265	0x0000bd3c	1	(UD,.)
0x26b	0x0000bd8c	1	UD,.R
0x26e	0x0000bdc8	1	U,.R
0x271	0x0000bdec	1	UD.
0x274	0x0000be08	1	UD.R
0x277	0x0000be4c	1	(D.#)
0x27d	0x0000bed4	1	D.R.#
0x281	0x0000bf18	1	.R.1
0x286	0x0000bf44	1	RADIX:
0x28c	0x0000bfd8	0	BUD,.R
0x28d	0x0000bff0	0	BU,.R
0x28e	0x0000c008	0	B.
0x294	0x00197878	0	(TRIM)
0x297	0x001978b4	0	TRIM
0x29e	0x0000c028	1	DO-CHAIN
0x2a8	0x00197914	0	CHAIN-LINK
0x2ab	0x00197938	0	NEW-CHAIN
0x2b1	0x001979e8	0	NEW-SYS-CHAIN
0x2b6	0x00197a80	0	.CHAIN
0x2c7	0x00197b8c	0	.CHAINS
0x2ce	0x00197c14	0	TRANSIENT-PTR
0x2d0	0x00197c40	0	?SYS-CHAIN
0x2da	0x00197d0c	0	NOOP-CHAIN-ADD
0x2df	0x00197d8c	0	CHAIN-ADD
0x2e5	0x00197e1c	0	CHAIN-ADD-BEFORE
0x2ec	0x0000c064	0	INITIALIZATION-CHAIN
0x2ed	0x0000c074	0	UNLOAD-CHAIN
0x2ee	0x0000c084	0	FORGET-CHAIN
0x2ef	0x0000c094	0	MOUSE-CHAIN
0x2f0	0x0000c0a4	0	SEMICOLON-CHAIN
0x2f1	0x0000c0b4	0	FORTH-IO-CHAIN
0x2f2	0x0000c0c4	0	NUMBER?-CHAIN
0x2f3	0x0000c0d4	0	LEDIT-CHAIN
0x2f4	0x0000c0e4	0	MSG-CHAIN
0x2f5	0x0000c0f4	0	FORTH-MSG-CHAIN
0x2f7	0x0000c104	1	_DO-;CHAIN
0x2fe	0x0000c120	0	HANDLES-LIST
0x300	0x0000c128	1	INIT-HANDLES
0x30a	0x00198028	0	HANDLE
0x317	0x0000c168	1	NEW-NUMBER?
0x32b	0x0000c1c0	1	0XNUMBER?
0x363	0x0000c418	1	_DISCARD-NUMBER
0x366	0x0000c42c	0	DISCARD-NUMBER
0x369	0x0000c43c	1	SUPER-NUMBER?
0x36d	0x0000c468	1	NEW-NUMBER
0x377	0x0000c4b0	1	/PARSE
0x37b	0x0000c524	1	/PARSE-WORD
0x381	0x00198150	0	#DEFINE
0x390	0x0000c558	0	FUNCTION_MASK
0x391	0x0000c560	0	SPECIAL_MASK
0x392	0x0000c568	0	CONTROL_MASK
0x393	0x0000c570	0	SHIFT_MASK
0x394	0x0000c578	0	ALT_MASK
0x395	0x0000c580	0	MOUSE_MASK
0x396	0x0000c588	0	MENU_MASK
0x397	0x0000c590	0	PROC_MASK
0x398	0x0000c598	0	DOUBLE_MASK
0x399	0x0000c5a0	0	DOWN_MASK
0x39a	0x0000c5a8	0	UP_MASK
0x39c	0x0000c5b0	0	PROC_NEXT
0x39e	0x001983bc	0	NEWPROC
0x3a8	0x0000c5c0	0	IDK_BASEPROC
0x3b0	0x0000c5c8	1	CURSORINVIEW
0x3b3	0x0000c5d8	1	FGBG!
0x3b6	0x0000c5f4	1	FG@
0x3b9	0x0000c610	1	BG@
0x3bc	0x0000c62c	1	PUSHKEY
0x3bf	0x0000c648	1	"PUSHKEYS
0x3c4	0x0000c6ac	1	&THE-SCREEN
0x3c8	0x0000c6cc	1	CHARWH
0x3cc	0x0000c6f4	1	SETCHARWH
0x3cf	0x0000c710	1	SHIFTMASK
0x3d2	0x0000c72c	1	?SHIFT
0x3d5	0x0000c750	1	?CONTROL
0x3d8	0x0000c774	1	SETCOLROW
0x3db	0x0000c774	1	SET-CONSIZE
0x3dd	0x0000c7b0	1	SET-CONPOS
0x3e0	0x0000c7cc	1	SET-POINTER
0x3e3	0x0000c7e8	1	SET-CURSOR
0x3e6	0x0000c804	1	GET-CURSOR
0x3e9	0x0000c820	1	BIG-CURSOR
0x3ec	0x0000c83c	0	NORM-HEIGHT
0x3ee	0x0000c84c	1	NORM-CURSOR
0x3f1	0x0000c868	0	HAVEMENU?
0x3f3	0x0000c878	1	HAVEMENU!
0x3f7	0x0000c89c	1	CONDC
0x3fa	0x0000c8b8	1	OPEN-DIALOG
0x3fd	0x0000c8d4	1	SAVE-DIALOG
0x408	0x0000c8f0	0	TOT-MALLOC
0x409	0x0000c900	0	HEAD-MALLOC
0x40b	0x0000c910	1	MALLOC-INIT
0x411	0x0000c93c	1	MALLOC-RELEASE
0x421	0x0000ca58	1	LINK-MALLOC
0x426	0x0000ca84	1	UNLINK-MALLOC
0x436	0x0000cb14	1	ALLOCATE
0x440	0x0000cb90	1	MALLOC
0x447	0x0000cc08	1	FREE
0x452	0x0000cc54	1	RELEASE
0x459	0x0000ccd0	1	REALLOC
0x467	0x0000cd94	1	RESIZE
0x46a	0x00198818	0	.MALLOCS
0x473	0x0000cdb4	0	SAVECONX
0x474	0x0000cdc4	0	SAVECONY
0x476	0x0000cdd4	1	HIDE-CONSOLE
0x47b	0x0000ce20	1	UNHIDE-CONSOLE
0x482	0x0000ce20	1	SHOW-CONSOLE
0x484	0x0000ce7c	1	SETFOCUS
0x487	0x0000ce98	1	FOCUS-CONSOLE
0x48a	0x0000ceb8	1	SETROWOFF
0x48d	0x0000ced4	1	GETROWOFF
0x490	0x0000cef0	1	GETMAXCOLROW
0x493	0x0000cf10	1	SETMAXCOLROW
0x498	0x0000cf70	1	NEW-DIALOG
0x49b	0x0000cf8c	1	NORMAL-CONSOLE
0x49d	0x0000cfa8	1	GET-VIEWFILE
0x4b3	0x0000d014	0	LMAXCOUNTED
0x4b4	0x0000d01c	0	LMAXSTRING
0x4b6	0x0000d024	1	"LCLIP"
0x4b9	0x0000d050	1	LPLACE
0x4bf	0x0000d098	1	+LPLACE
0x4c6	0x0000d104	1	C+LPLACE
0x4c9	0x0000d138	1	+LNULL
0x4d2	0x0000d168	1	CAPS-SEARCH
0x4f7	0x0000d2bc	1	CAPS-COMPARE
0x50c	0x0000d380	0	MOUSEX
0x50d	0x0000d390	0	MOUSEY
0x50e	0x0000d3a0	0	MOUSEFLAGS
0x50f	0x0000d3b0	0	DO-MABORT
0x511	0x0000d3c0	0	MKSTLIN
0x512	0x0000d3d0	0	MKSTCOL
0x513	0x0000d3e0	0	MKEDLIN
0x514	0x0000d3f0	0	MKEDCOL
0x515	0x0000d400	0	MKORLIN
0x516	0x0000d410	0	MKORCOL
0x518	0x0000d420	1	MARK-START
0x521	0x0000d4f0	1	MARK-END
0x532	0x0000d638	1	MARK-ALL
0x539	0x0000d6a4	1	MARK-NONE
0x540	0x0000d700	1	MARKED?
0x544	0x0000d740	1	_DO-MABORT
0x54a	0x0000d778	1	?MOUSE_ABORT
0x551	0x0000d7b4	0	AUTO_KEY
0x552	0x0000d7c4	0	AUTO_KEY?
0x554	0x0000d7d4	1	_MOUSE-CLICK
0x557	0x0000d7f0	0	MOUSE-CLICK
0x559	0x0000d800	1	PROCESS-MOUSE
0x585	0x0000d9c8	1	_MKEY
0x590	0x0000da0c	1	_MKEY?
0x59a	0x0000da4c	1	?MABORT
0x59d	0x0000da64	1	_MCLS
0x5a3	0x0000da80	1	_MEMIT
0x5a8	0x0000da9c	1	_MTYPE
0x5ad	0x0000dabc	1	_MCOL
0x5b2	0x0000dad4	1	_M?CR
0x5b7	0x0000daec	1	_MCRTAB
0x5bc	0x0000db04	0	REMOTE-IO?
0x5be	0x0000db14	0	DEFAULTACCEPT
0x5c0	0x0000db24	1	_BASIC-FORTH-IO
0x5d6	0x0000dc10	0	BASIC-FORTH-IO
0x5dc	0x0000dc28	1	FORTH-IO
0xa	0x0000dc44	1	%EXEC:
0xe	0x0000dca4	1	DISABLE-EXEC:-ING?
0x1a	0x00199000	0	FENCE
0x1c	0x00199024	0	SYS-TRIM?
0x24	0x00199080	0	TRIM?
0x26	0x001990ac	0	FULL-TRIM
0x30	0x0019911c	0	TRIM-CHAINS
0x36	0x00199184	0	TRIM-LOADFILE
0x3b	0x001991c4	0	TRIM-DEFER
0x48	0x0019924c	0	VTRIM
0x4d	0x001992bc	0	(FORGET)
0x67	0x00199464	0	FORGET
0x6b	0x001994bc	0	DO-MARK
0x79	0x001995c4	0	DO-MARKER
0x7e	0x00199634	0	MARKER
0x8	0x0000dcc8	0	PHEAD
0xa	0x0000dcd0	1	POINTERS-INIT
0x14	0x0019972c	0	TRIM-POINTERS
0x20	0x001997b8	0	.POINTERS
0x2d	0x0000dd0c	1	?VALID_POINTER
0x34	0x0000dd84	1	%UNPOINTER
0x3b	0x0000ddd4	1	%SIZEOF!
0x3e	0x0000ddf8	1	%SIZEOF@
0x41	0x0000de1c	1	POINTER
0x55	0x0000df60	1	_RESIZEPOINTER
0x83	0x0000dfec	1	NAMED-NEW$
0x8d	0x0000e008	0	MAX-DYN-STRING
0x8f	0x0000e010	0	DYN-PTR
0x91	0x0000e024	0	DYN-OFFSET
0x93	0x0000e034	1	DYNALLOC
0x9c	0x0000e0d8	1	_NEW$
0x5	0x00199ba4	0	WORDS-CNT
0x6	0x00199bcc	0	APP-CNT
0x7	0x00199bf8	0	HEADER-CNT
0x9	0x00199c24	0	COUNT-VOC
0x1a	0x00199d30	0	COUNT-WORDS
0x23	0x00199da4	0	.1THREAD
0x2d	0x00199e6c	0	1TCOUNT
0x35	0x00199ee8	0	.THREAD
0x3c	0x00199fd0	0	.THREADS
0x44	0x0019a0ac	0	.COUNTS
0x5	0x0019a3e4	0	#THREADS
0x7	0x0019a410	0	#WORDLIST
0xc	0x0019a4a0	0	WORDLIST
0xf	0x0019a4d8	0	#VOCABULARY
0x15	0x0019a540	0	VOCABULARY
0x18	0x0019a574	0	ROOT
0x1c	0x0019a59c	0	ALSO
0x1f	0x0019a5e0	0	ONLY
0x22	0x0019a638	0	PREVIOUS
0x28	0x0019a6ac	0	FORTH-WORDLIST
0x2b	0x0019a6e4	0	GET-CURRENT
0x2e	0x0019a718	0	SET-CURRENT
0x31	0x0019a74c	0	GET-ORDER
0x3a	0x0019a7ec	0	SET-ORDER
0x43	0x0019a88c	0	+ORDER
0x46	0x0019a8e0	0	SWAP-CURRENT
0x49	0x0019a91c	0	VOC:
0x4c	0x0019a968	0	ORDER
0x55	0x0019aa34	0	VOCS
0x6c	0x0019abf4	0	FORTH
0x6d	0x0019ac30	0	FORTH-WORDLIST
0x6e	0x0019ac64	0	SET-ORDER
0x72	0x0019ac94	0	ANYVOC
0x74	0x0019acb4	0	ANYFIND
0x8e	0x0019adf8	0	"ANYFIND
0x94	0x0019ae64	0	HIDDEN
0x95	0x0019aebc	0	EDITOR
0x96	0x0019af18	0	ASSEMBLER
0x7	0x0019b014	0	PRE-VOC
0xb	0x0019b040	0	INTERNAL
0x12	0x0019b0bc	0	EXTERNAL
0x16	0x0019b128	0	MODULE
0x17	0x0019b1b0	0	ASM-HIDDEN
0x1b	0x0019b1f0	0	IN-ASM
0x1d	0x0019b250	0	IN-HIDDEN
0x1f	0x0019b2b0	0	IN-FORTH
0x25	0x0019b30c	0	CELL-
0x26	0x0019b33c	0	CELL/
0x27	0x0019b364	0	8*
0x28	0x0019b38c	0	8/
0x29	0x0019b3b4	0	8+
0x2a	0x0019b3dc	0	8-
0x2b	0x0019b408	0	4+
0x2c	0x0019b430	0	2+
0x2d	0x0019b458	0	2-
0x2e	0x0019b484	0	8*+
0x2f	0x0019b4b4	0	16*+
0x30	0x0019b4e4	0	16/MOD
0x32	0x0019b518	0	C0-8*
0x33	0x0019b548	0	C0+
0x34	0x0019b574	0	C0-
0x37	0x0019b5a4	0	CODE-C,
0x38	0x0019b5cc	0	CODE-W,
0x39	0x0019b5f4	0	CODE-D,
0x3a	0x0019b61c	0	DATA-,
0x3b	0x0019b644	0	CODE-C!
0x3c	0x0019b66c	0	CODE-W!
0x3d	0x0019b694	0	CODE-D!
0x3e	0x0019b6bc	0	DATA-!
0x3f	0x0019b6e4	0	DATA-+!
0x40	0x0019b70c	0	CODE-C@
0x41	0x0019b734	0	CODE-W@
0x42	0x0019b75c	0	CODE-D@
0x43	0x0019b784	0	DATA-@
0x44	0x0019b7b0	0	DATA-HERE
0x45	0x0019b7dc	0	CODE-HERE
0x46	0x0019b808	0	CODE-ALIGN
0x47	0x0019b834	0	CODE-HEADER
0x4a	0x0019b864	0	REGISTER-REF
0x4c	0x0019b894	0	REGISTER-ASM
0x50	0x0019b8c8	0	SET-REGISTER-REF
0x51	0x0019b904	0	SET-REGISTER-ASM
0x55	0x0019b934	0	8B-ABS
0x56	0x0019b954	0	16B-ABS
0x57	0x0019b974	0	32B-ABS
0x58	0x0019b994	0	8B-REL
0x59	0x0019b9b4	0	16B-REL
0x5a	0x0019b9d4	0	32B-REL
0x5e	0x0019b9fc	0	DEF-ERR-HAND
0x61	0x0019ba50	0	DEH-XT
0x63	0x0019ba70	0	?PARAMS
0x64	0x0019ba98	0	?SEG
0x65	0x0019bac0	0	?LOCK
0x66	0x0019bae8	0	?REP
0x67	0x0019bb14	0	?INST-PRE
0x68	0x0019bb40	0	?OPERANDS
0x69	0x0019bb68	0	?OPSIZE
0x6a	0x0019bb90	0	?ADSIZE
0x6b	0x0019bbb8	0	?SHORT
0x6c	0x0019bbe0	0	?TOOFAR
0x6d	0x0019bc08	0	?UNRES
0x6e	0x0019bc34	0	?NOADSIZE
0x6f	0x0019bc60	0	?TOOMANYOPS
0x70	0x0019bc88	0	?NOFAR
0x71	0x0019bcb0	0	?MATCH
0x72	0x0019bcdc	0	?NOMATCH
0x73	0x0019bd08	0	?FINISHED
0x74	0x0019bd34	0	?BADTYPE
0x75	0x0019bd60	0	?BADCOMBINE
0x76	0x0019bd8c	0	?NOTENOUGH
0x77	0x0019bdb8	0	?NOIMMED
0x78	0x0019bde4	0	?BADMODE
0x79	0x0019be10	0	?REG,R/M
0x7a	0x0019be3c	0	?R/M,REG
0x7b	0x0019be64	0	?MEM
0x7c	0x0019be8c	0	?REG
0x81	0x0019bec0	0	NO-OPCODE-HANDLER
0x82	0x0019bf18	0	DO-OPCODE
0x87	0x0019bf3c	0	A;
0x8d	0x0019bf74	0	UNKNOWN
0x8e	0x0019bf94	0	8BIT
0x8f	0x0019bfb4	0	16BIT
0x90	0x0019bfd4	0	32BIT
0x91	0x0019bff4	0	64BIT
0x92	0x0019c014	0	80BIT
0x95	0x0019c03c	0	DEFAULT-SIZE
0x96	0x0019c06c	0	!DEFAULT-SIZE
0x9a	0x0019c0bc	0	USE16
0x9c	0x0019c0f0	0	USE32
0xa1	0x0019c12c	0	MAX-OPERANDS
0xa2	0x0019c14c	0	OPSTACK
0xa2	0x0019c18c	0	OPSTACK-END
0xa3	0x0019c1b0	0	CLR-OPSTACK
0xa5	0x0019c1fc	0	?CLR-OPSTACK
0xa9	0x0019c234	0	PUSH-OP
0xae	0x0019c2d4	0	POP-OP
0xb4	0x0019c380	0	OP-DEPTH
0xb8	0x0019c3d0	0	FRMAX
0xb9	0x0019c3f0	0	LBMAX
0xba	0x0019c410	0	FRTABLE
0xbb	0x0019cc2c	0	LBTABLE
0xbc	0x0019d148	0	ADDREF
0xc6	0x0019d244	0	BACKPATCH
0xcf	0x0019d378	0	REFSIZE
0xdf	0x0019d434	0	RESOLVE
0xe8	0x0019d4d8	0	!LABEL
0xeb	0x0019d52c	0	@LABEL
0xf0	0x0019d598	0	CREATE-REF
0xf4	0x0019d5f4	0	CREATE-BIND
0xfc	0x0019d65c	0	@@1
0xfc	0x0019d67c	0	@@1:
0xfd	0x0019d698	0	@@2
0xfd	0x0019d6b8	0	@@2:
0xfe	0x0019d6d4	0	@@3
0xfe	0x0019d6f4	0	@@3:
0xff	0x0019d710	0	@@4
0xff	0x0019d730	0	@@4:
0x100	0x0019d74c	0	@@5
0x100	0x0019d76c	0	@@5:
0x101	0x0019d788	0	@@6
0x101	0x0019d7a8	0	@@6:
0x102	0x0019d7c4	0	@@7
0x102	0x0019d7e4	0	@@7:
0x103	0x0019d800	0	@@8
0x103	0x0019d820	0	@@8:
0x104	0x0019d83c	0	@@9
0x104	0x0019d85c	0	@@9:
0x107	0x0019d880	0	IN-MACRO?
0x108	0x0019d8b0	0	MACRO-LABELS
0x109	0x0019d8e4	0	MACRO-LABEL-LEVEL
0x10a	0x0019d908	0	IN-MACRO
0x10d	0x0019d93c	0	!IN-MACRO
0x110	0x0019d96c	0	+MACRO
0x114	0x0019d9ec	0	+MACRO-REF
0x117	0x0019da24	0	+MACRO-BIND
0x11a	0x0019da5c	0	ENTER-MACRO
0x11e	0x0019daec	0	LEAVE-MACRO
0x121	0x0019db64	0	CREATE-MACRO-REF
0x125	0x0019dbc8	0	CREATE-MACRO-BIND
0x129	0x0019dc38	0	LOC-INIT
0x130	0x0019dc9c	0	@@M0
0x130	0x0019dcbc	0	@@M0:
0x131	0x0019dcdc	0	@@M1
0x131	0x0019dcfc	0	@@M1:
0x132	0x0019dd1c	0	@@M2
0x132	0x0019dd3c	0	@@M2:
0x133	0x0019dd5c	0	@@M3
0x133	0x0019dd7c	0	@@M3:
0x134	0x0019dd9c	0	@@M4
0x134	0x0019ddbc	0	@@M4:
0x135	0x0019dddc	0	@@M5
0x135	0x0019ddfc	0	@@M5:
0x136	0x0019de1c	0	@@M6
0x136	0x0019de3c	0	@@M6:
0x137	0x0019de5c	0	@@M7
0x137	0x0019de7c	0	@@M7:
0x138	0x0019de9c	0	@@M8
0x138	0x0019debc	0	@@M8:
0x139	0x0019dedc	0	@@M9
0x139	0x0019defc	0	@@M9:
0x13b	0x0019df18	0	L$0
0x13b	0x0019df38	0	L$0:
0x13c	0x0019df54	0	L$1
0x13c	0x0019df74	0	L$1:
0x13d	0x0019df90	0	L$2
0x13d	0x0019dfb0	0	L$2:
0x13e	0x0019dfcc	0	L$3
0x13e	0x0019dfec	0	L$3:
0x13f	0x0019e008	0	L$4
0x13f	0x0019e028	0	L$4:
0x140	0x0019e044	0	L$5
0x140	0x0019e064	0	L$5:
0x141	0x0019e080	0	L$6
0x141	0x0019e0a0	0	L$6:
0x142	0x0019e0bc	0	L$7
0x142	0x0019e0dc	0	L$7:
0x143	0x0019e0f8	0	L$8
0x143	0x0019e118	0	L$8:
0x144	0x0019e134	0	L$9
0x144	0x0019e154	0	L$9:
0x149	0x0019e178	0	INDIRECT
0x14a	0x0019e198	0	BASED
0x14b	0x0019e1b8	0	INDEX
0x14c	0x0019e1dc	0	IMMEDIATE
0x14d	0x0019e200	0	REGISTER
0x14e	0x0019e220	0	SREG
0x14f	0x0019e240	0	CREG
0x150	0x0019e260	0	DREG
0x151	0x0019e280	0	TREG
0x152	0x0019e2a0	0	FREG
0x15b	0x0019e2c4	0	<ENC-REG>
0x15f	0x0019e300	0	<DEC-REG>
0x163	0x0019e338	0	ASM-OP
0x16b	0x0019e390	0	AL
0x16c	0x0019e3ac	0	CL
0x16d	0x0019e3c8	0	DL
0x16e	0x0019e3e4	0	BL
0x16f	0x0019e400	0	AH
0x170	0x0019e41c	0	CH
0x171	0x0019e438	0	DH
0x172	0x0019e454	0	BH
0x173	0x0019e470	0	AX
0x174	0x0019e48c	0	CX
0x175	0x0019e4a8	0	DX
0x176	0x0019e4c4	0	BX
0x177	0x0019e4e0	0	SP
0x178	0x0019e4fc	0	BP
0x179	0x0019e518	0	SI
0x17a	0x0019e534	0	DI
0x17b	0x0019e550	0	EAX
0x17c	0x0019e56c	0	ECX
0x17d	0x0019e588	0	EDX
0x17e	0x0019e5a4	0	EBX
0x17f	0x0019e5c0	0	ESP
0x180	0x0019e5dc	0	EBP
0x181	0x0019e5f8	0	ESI
0x182	0x0019e614	0	EDI
0x183	0x0019e634	0	[BX+SI]
0x184	0x0019e654	0	[BX+DI]
0x185	0x0019e674	0	[BP+SI]
0x186	0x0019e694	0	[BP+DI]
0x187	0x0019e6b4	0	[SI]
0x188	0x0019e6d4	0	[DI]
0x189	0x0019e6f4	0	[BP]
0x18a	0x0019e714	0	[BX]
0x18b	0x0019e734	0	[EAX]
0x18c	0x0019e754	0	[ECX]
0x18d	0x0019e774	0	[EDX]
0x18e	0x0019e794	0	[EBX]
0x18f	0x0019e7b4	0	[ESP]
0x190	0x0019e7d4	0	[EBP]
0x191	0x0019e7f4	0	[ESI]
0x192	0x0019e814	0	[EDI]
0x193	0x0019e834	0	[EAX*2]
0x194	0x0019e854	0	[ECX*2]
0x195	0x0019e874	0	[EDX*2]
0x196	0x0019e894	0	[EBX*2]
0x197	0x0019e8b4	0	[EBP*2]
0x198	0x0019e8d4	0	[ESI*2]
0x199	0x0019e8f4	0	[EDI*2]
0x19a	0x0019e914	0	[EAX*4]
0x19b	0x0019e934	0	[ECX*4]
0x19c	0x0019e954	0	[EDX*4]
0x19d	0x0019e974	0	[EBX*4]
0x19e	0x0019e994	0	[EBP*4]
0x19f	0x0019e9b4	0	[ESI*4]
0x1a0	0x0019e9d4	0	[EDI*4]
0x1a1	0x0019e9f4	0	[EAX*8]
0x1a2	0x0019ea14	0	[ECX*8]
0x1a3	0x0019ea34	0	[EDX*8]
0x1a4	0x0019ea54	0	[EBX*8]
0x1a5	0x0019ea74	0	[EBP*8]
0x1a6	0x0019ea94	0	[ESI*8]
0x1a7	0x0019eab4	0	[EDI*8]
0x1a8	0x0019ead0	0	ES
0x1a9	0x0019eaec	0	CS
0x1aa	0x0019eb08	0	SS
0x1ab	0x0019eb24	0	DS
0x1ac	0x0019eb40	0	FS
0x1ad	0x0019eb5c	0	GS
0x1ae	0x0019eb78	0	CR0
0x1af	0x0019eb94	0	CR2
0x1b0	0x0019ebb0	0	CR3
0x1b1	0x0019ebcc	0	CR4
0x1b2	0x0019ebe8	0	DR0
0x1b3	0x0019ec04	0	DR1
0x1b4	0x0019ec20	0	DR2
0x1b5	0x0019ec3c	0	DR3
0x1b6	0x0019ec58	0	DR6
0x1b7	0x0019ec74	0	DR7
0x1b8	0x0019ec90	0	TR3
0x1b9	0x0019ecac	0	TR4
0x1ba	0x0019ecc8	0	TR5
0x1bb	0x0019ece4	0	TR6
0x1bc	0x0019ed00	0	TR7
0x1bd	0x0019ed1c	0	ST
0x1be	0x0019ed3c	0	ST(0)
0x1bf	0x0019ed5c	0	ST(1)
0x1c0	0x0019ed7c	0	ST(2)
0x1c1	0x0019ed9c	0	ST(3)
0x1c2	0x0019edbc	0	ST(4)
0x1c3	0x0019eddc	0	ST(5)
0x1c4	0x0019edfc	0	ST(6)
0x1c5	0x0019ee1c	0	ST(7)
0x1c6	0x0019ee3c	0	BYTE
0x1c7	0x0019ee5c	0	WORD
0x1c8	0x0019ee7c	0	DWORD
0x1c9	0x0019ee9c	0	QWORD
0x1ca	0x0019eebc	0	FLOAT
0x1cb	0x0019eedc	0	DOUBLE
0x1cc	0x0019eefc	0	LONG
0x1cd	0x0019ef20	0	EXTENDED
0x1ce	0x0019ef40	0	TBYTE
0x1cf	0x0019ef60	0	SHORT
0x1d0	0x0019ef80	0	NEAR
0x1d1	0x0019ef9c	0	FAR
0x1d2	0x0019efb8	0	#
0x1d3	0x0019efd4	0	,
0x1df	0x0019eff8	0	INST-PREFIX
0x1e0	0x0019f01c	0	ADDR-PREFIX
0x1e1	0x0019f040	0	DATA-PREFIX
0x1e2	0x0019f064	0	SEG-PREFIX
0x1e3	0x0019f08c	0	SV-INST-PREFIX
0x1e4	0x0019f0b0	0	INST-SAVE
0x1e5	0x0019f0d0	0	SP-SAVE
0x1e7	0x0019f118	0	IMMED-SV
0x1e8	0x0019f138	0	DT-SIZE
0x1e9	0x0019f158	0	AD-SIZE
0x1ea	0x0019f178	0	RTYPE
0x1eb	0x0019f198	0	MAXTYPE
0x1ec	0x0019f1b8	0	MOD-R/M
0x1ed	0x0019f1d8	0	S-I-B
0x1ee	0x0019f1f8	0	ADDMODE
0x1f0	0x0019f21c	0	RESET-VARS
0x1f7	0x0019f3b4	0	RESET-FOR-NEXT-INSTR
0x1fd	0x0019f4a8	0	IMMED-BIT
0x1fe	0x0019f4cc	0	DIRECT-BIT
0x1ff	0x0019f4f0	0	MOD-R/M-BIT
0x200	0x0019f514	0	S-I-B-BIT
0x201	0x0019f53c	0	FULL-OFF-BIT
0x202	0x0019f560	0	BASED-BIT
0x203	0x0019f584	0	OFFSET-BIT
0x204	0x0019f5a8	0	SHORT-BIT
0x205	0x0019f5cc	0	NEAR-BIT
0x206	0x0019f5ec	0	FAR-BIT
0x207	0x0019f610	0	DO-1OP-BIT
0x208	0x0019f63c	0	MAYBE-OFFSET-BIT
0x215	0x0019f660	0	MODE-MASK
0x217	0x0019f684	0	1MODE-BIT!
0x21a	0x0019f6e4	0	0MODE-BIT!
0x21d	0x0019f748	0	MODE-BIT@
0x220	0x0019f790	0	HAS-IMMED
0x223	0x0019f7c8	0	HAS-IMMED?
0x226	0x0019f800	0	HAS-MOD-R/M
0x229	0x0019f83c	0	HAS-MOD-R/M?
0x22c	0x0019f874	0	HAS-S-I-B
0x22f	0x0019f8ac	0	HAS-S-I-B?
0x232	0x0019f8e0	0	REG,R/M
0x235	0x0019f914	0	R/M,REG
0x238	0x0019f94c	0	DIRECTION?
0x23b	0x0019f988	0	HAS-FULL-OFF
0x23e	0x0019f9c4	0	HAS-FULL-OFF?
0x241	0x0019f9fc	0	HAS-BASE
0x244	0x0019fa34	0	HAS-BASE?
0x247	0x0019fa70	0	MAYBE-S-I-B?
0x24a	0x0019fab8	0	HAS-OFFSET
0x24d	0x0019faf0	0	HAS-OFFSET?
0x250	0x0019fb38	0	IS-SHORT
0x253	0x0019fb70	0	IS-SHORT?
0x256	0x0019fba4	0	IS-NEAR
0x259	0x0019fbdc	0	IS-NEAR?
0x25c	0x0019fc24	0	IS-FAR
0x25f	0x0019fc58	0	IS-FAR?
0x262	0x0019fc90	0	DO-1OP-EXED
0x266	0x0019fccc	0	DO-1OP-EXED?
0x269	0x0019fd0c	0	MAYBE-HAS-OFFSET
0x26c	0x0019fd4c	0	MAYBE-HAS-OFFSET?
0x271	0x0019fd84	0	_?PARAMS
0x276	0x0019fe14	0	_?SEG
0x27b	0x0019fe90	0	_?LOCK
0x280	0x0019ff14	0	_?REP
0x285	0x0019ffc0	0	_?INST-PRE
0x28a	0x001a0044	0	_?OPERANDS
0x28f	0x001a00b0	0	_?OPSIZE1
0x293	0x001a0148	0	_?OPSIZE2
0x298	0x001a0194	0	_?ADSIZE1
0x29c	0x001a022c	0	_?ADSIZE2
0x2a1	0x001a0274	0	_?SHORT
0x2a7	0x001a02f4	0	?NOSHORT
0x2ab	0x001a0350	0	_?TOOFAR
0x2b1	0x001a03b4	0	_?UNRES
0x2b7	0x001a0450	0	_?NOADSIZE
0x2bd	0x001a04b0	0	_?TOOMANYOPS
0x2c3	0x001a050c	0	_?NOFAR
0x2c9	0x001a0598	0	<_?MATCH>
0x2ce	0x001a05e0	0	_?MATCH
0x2d3	0x001a061c	0	_?NOMATCH
0x2d8	0x001a0654	0	_?FINISHED
0x2de	0x001a06a8	0	_?BADTYPE
0x2e4	0x001a0724	0	_?BADCOMBINE
0x2ea	0x001a077c	0	_?NOTENOUGH
0x2f0	0x001a07e0	0	_?NOIMMED
0x2f5	0x001a0854	0	_?BADMODE
0x2fb	0x001a08a4	0	_?REG,R/M
0x301	0x001a0930	0	_?R/M,REG
0x307	0x001a09b0	0	_?MEM
0x30d	0x001a0a40	0	_?REG
0x313	0x001a0ad0	0	?MEM,REG
0x317	0x001a0b10	0	?REG,MEM
0x31b	0x001a0b50	0	?REGEXCLUS
0x320	0x001a0ba0	0	REPORT-ERRORS
0x33c	0x001a0d20	0	NO-ERRORS
0x35a	0x001a0e9c	0	INST,
0x35d	0x001a0f04	0	ADDR,
0x360	0x001a0f6c	0	DATA,
0x363	0x001a0fd4	0	SEG,
0x367	0x001a1048	0	GENERATE-PREFIXES
0x36c	0x001a1084	0	SEG-PRE
0x36d	0x001a10ec	0	INST-PRE
0x36f	0x001a114c	0	CS:
0x370	0x001a1168	0	SS:
0x371	0x001a1184	0	DS:
0x372	0x001a11a0	0	ES:
0x373	0x001a11bc	0	FS:
0x374	0x001a11d8	0	GS:
0x375	0x001a11f4	0	REP
0x376	0x001a1214	0	REPE
0x377	0x001a1234	0	REPZ
0x378	0x001a1254	0	REPNE
0x379	0x001a1274	0	REPNZ
0x37a	0x001a1294	0	LOCK
0x37e	0x001a12b8	0	SAVE-DEPTH
0x380	0x001a1300	0	DEPTH-CHANGE
0x384	0x001a1358	0	COMPILE-OPCODE
0x38e	0x001a13c4	0	SAVE-INST
0x38f	0x001a13f0	0	_SAVE-INST
0x397	0x001a149c	0	POSTFIX
0x398	0x001a14d4	0	PREFIX
0x39b	0x001a1510	0	_DO-OPCODE
0x3a1	0x001a1554	0	OPCODE
0x3a7	0x001a15b4	0	ALL-EXCEPT
0x3ab	0x001a1638	0	OFFSET8,
0x3ae	0x001a16b4	0	OFFSET16,
0x3b1	0x001a1734	0	OFFSET32,
0x3b4	0x001a1794	0	OFFSET16/32,
0x3b8	0x001a17e4	0	FLAG-FOR-SIZE-PREFIX
0x3bb	0x001a1844	0	CHECK-AD-SIZE
0x3be	0x001a189c	0	CHECK-DT-SIZE
0x3c1	0x001a18f0	0	CHECK-SIZES
0x3c4	0x001a1924	0	RTYPE!
0x3c8	0x001a19a0	0	SPECIAL-PROCESS?
0x3cb	0x001a1a1c	0	SPECIAL-REGISTER?
0x3ce	0x001a1a8c	0	DO-REG
0x3eb	0x001a1bf8	0	DO-IMMED
0x3ee	0x001a1c48	0	DO-INDIRE
0x3f9	0x001a1cd0	0	DO-INDEX
0x404	0x001a1d94	0	DO-BASED
0x415	0x001a1ec8	0	OPERAND-CASES
0x424	0x001a2020	0	SAVE-OFFSET
0x428	0x001a2080	0	DO-1OP
0x430	0x001a2160	0	PARSE-CALL/JMP-OPERANDS
0x436	0x001a225c	0	DO-2OPS
0x439	0x001a2298	0	INSTALL-/R
0x43d	0x001a22f0	0	DISP,
0x443	0x001a23e0	0	DEFAULT-8BIT
0x446	0x001a2424	0	>DEFAULT-SIZE
0x449	0x001a2468	0	GET-DT-SIZE
0x44c	0x001a24ac	0	GET-AD-SIZE
0x44f	0x001a24f0	0	GET-FP-SIZE
0x452	0x001a2530	0	IMMED,
0x45d	0x001a260c	0	8BIT?
0x460	0x001a2648	0	A16BIT?
0x463	0x001a2684	0	A32BIT?
0x467	0x001a26c0	0	S-I-B,
0x46b	0x001a271c	0	+SIZE-BIT
0x46e	0x001a2758	0	+DIRECT-BIT
0x472	0x001a2798	0	MATCH-R/M?
0x475	0x001a27e4	0	PURE-REG?
0x478	0x001a283c	0	DISPLACEMENT?
0x47b	0x001a2890	0	[(E)BP]?
0x47f	0x001a2910	0	[REG*N]?
0x482	0x001a2950	0	[ESP][REG]?
0x485	0x001a299c	0	[ESP]?
0x489	0x001a29f0	0	DO-[(E)BP]
0x48c	0x001a2a2c	0	DO-DISP
0x490	0x001a2a9c	0	DO-[REG*N]
0x493	0x001a2b0c	0	DO-[ESP][REG]
0x496	0x001a2b78	0	DO-[ESP]
0x499	0x001a2bd0	0	MOD-R/M,
0x49e	0x001a2ca4	0	COMPILE-FIELDS
0x4a1	0x001a2ce8	0	GENERIC-ENTRY2
0x4a6	0x001a2d3c	0	+FP-SIZE
0x4a9	0x001a2d90	0	/R&FREG>MOD-R/M
0x4ac	0x001a2dd0	0	SWAP-REGS
0x4b0	0x001a2e44	0	PARSE-FP-OPS
0x4b4	0x001a2ee8	0	MOD-R/M>FREG
0x4b7	0x001a2f40	0	FP-DIRECTION?
0x4ba	0x001a2f98	0	+FP-DIRECT-BIT
0x4bd	0x001a2fe0	0	FP-GENERIC-ASSEMBLE
0x4c0	0x001a302c	0	SAVE-IMMED
0x4c3	0x001a3078	0	NEXT-IS-,
0x4c9	0x001a30b8	0	1BYTE
0x4cc	0x001a3120	0	2BYTE
0x4cf	0x001a3188	0	3BYTE
0x4d3	0x001a3218	0	SIZE-COND-COMP
0x4d9	0x001a32b4	0	STR-ENTRY
0x4dd	0x001a338c	0	STR-OPERANDS
0x4e0	0x001a33dc	0	STR-INST
0x4e5	0x001a3478	0	BYTE-STR-INST
0x4e8	0x001a34b8	0	WORD-STR-INST
0x4eb	0x001a34f8	0	DWORD-STR-INST
0x4f0	0x001a3534	0	JCC-ENTRY
0x4f5	0x001a3610	0	JCC-8BIT
0x4f8	0x001a3650	0	JCC-16/32BIT
0x4fc	0x001a36dc	0	JCC-UNKNOWN
0x507	0x001a377c	0	JCC-COMPILE
0x511	0x001a3834	0	LOOP-ENTRY
0x517	0x001a392c	0	LOOP-COMPILE
0x51d	0x001a3994	0	JCXZ-COMPILE
0x520	0x001a39d4	0	JECXZ-COMPILE
0x525	0x001a3a14	0	GROUP1-COMPILE
0x52d	0x001a3b34	0	GROUP2-COMPILE
0x539	0x001a3c80	0	GROUP3-COMPILE
0x53e	0x001a3d34	0	TEST-COMPILE
0x544	0x001a3db8	0	INC-DEC-COMPILE
0x54a	0x001a3e4c	0	GROUP6&7-COMPILE
0x551	0x001a3f28	0	GROUP8-COMPILE
0x558	0x001a3fe4	0	ENTER-COMPILE
0x55e	0x001a406c	0	ARPL-COMPILE
0x564	0x001a4104	0	XCHG&ALU-COMPILE
0x56a	0x001a4188	0	CMPXCHG8B-COMP
0x571	0x001a423c	0	BOUND-COMPILE
0x577	0x001a42a8	0	BSWAP-COMPILE
0x57d	0x001a4350	0	PUSH/POP-ENTRY
0x582	0x001a43e8	0	PUSH-COMPILE
0x592	0x001a45c4	0	POP-COMPILE
0x5a0	0x001a472c	0	CALL/JMP-ENTRY
0x5a3	0x001a4784	0	CALL-COMPILE
0x5aa	0x001a48b4	0	JMP-COMPILE
0x5b4	0x001a4a18	0	I/O-COMPILE
0x5c6	0x001a4c1c	0	BS-COMPILE
0x5cc	0x001a4c90	0	MOV-COMPILE
0x5d9	0x001a4dfc	0	XCHG-COMPILE
0x5df	0x001a4e58	0	RETF?
0x5e2	0x001a4e98	0	RET-COMPILE
0x5ed	0x001a4fc4	0	RETF-COMPILE
0x5f2	0x001a5000	0	INT-COMPILE
0x5f8	0x001a50a0	0	SETCC-COMPILE
0x5fe	0x001a513c	0	XLAT-COMPILE
0x607	0x001a522c	0	XLATB-COMPILE
0x60d	0x001a52a4	0	DOUBLE-SHIFT
0x615	0x001a5390	0	LOAD-PTR-COMP
0x61b	0x001a5420	0	MOVX-COMPILE
0x622	0x001a54e8	0	FAD/FMUL-COMPILE
0x62c	0x001a55ec	0	FST-COMPILE
0x63c	0x001a5754	0	FIX-COMPILE
0x643	0x001a5800	0	FXP-COMPILE
0x649	0x001a5888	0	FCOM-COMPILE
0x657	0x001a59b0	0	FMISC-COMPILE
0x660	0x001a5aac	0	GENERIC-FP-ENTRY1
0x664	0x001a5b24	0	FBLD/STP-COMPILE
0x66a	0x001a5b8c	0	FIST-COMPILE
0x674	0x001a5c38	0	FSTSW-COMPILE
0x681	0x001a5d7c	0	FILD-COMPILE
0x68b	0x001a5e30	0	FLD-COMPILE
0x69a	0x001a5f94	0	FDIV/SUB-COMPILE
0x6a6	0x001a60d4	0	AAA
0x6a7	0x001a60f4	0	AAD
0x6a8	0x001a6114	0	AAM
0x6a9	0x001a6134	0	AAS
0x6aa	0x001a6154	0	ADC
0x6ab	0x001a6174	0	ADD
0x6ac	0x001a6194	0	AND
0x6ad	0x001a61b8	0	ARPL
0x6ae	0x001a61dc	0	BOUND
0x6af	0x001a61fc	0	BSF
0x6b0	0x001a621c	0	BSR
0x6b1	0x001a6240	0	BSWAP
0x6b2	0x001a6260	0	BT
0x6b3	0x001a6280	0	BTC
0x6b4	0x001a62a0	0	BTR
0x6b5	0x001a62c0	0	BTS
0x6b6	0x001a62e4	0	CALL
0x6b7	0x001a6304	0	CBW
0x6b8	0x001a6324	0	CDQ
0x6b9	0x001a6344	0	CLC
0x6ba	0x001a6364	0	CLD
0x6bb	0x001a6384	0	CLI
0x6bc	0x001a63a8	0	CLTS
0x6bd	0x001a63c8	0	CMC
0x6be	0x001a63e8	0	CMP
0x6bf	0x001a640c	0	CMPS
0x6c0	0x001a6430	0	CMPSB
0x6c1	0x001a6454	0	CMPSD
0x6c2	0x001a6478	0	CMPSW
0x6c3	0x001a649c	0	CMPXCHG
0x6c4	0x001a64c4	0	CMPXCHG8B
0x6c5	0x001a64e8	0	CPUID
0x6c6	0x001a6508	0	CWD
0x6c7	0x001a652c	0	CWDE
0x6c8	0x001a654c	0	DAA
0x6c9	0x001a656c	0	DAS
0x6ca	0x001a658c	0	DEC
0x6cb	0x001a65ac	0	DIV
0x6cc	0x001a65d0	0	ENTER
0x6cd	0x001a65f4	0	F2XM1
0x6ce	0x001a6618	0	FABS
0x6cf	0x001a663c	0	FADD
0x6d0	0x001a6660	0	FADDP
0x6d1	0x001a6684	0	FBLD
0x6d2	0x001a66a8	0	FBSTP
0x6d3	0x001a66cc	0	FCHS
0x6d4	0x001a66f0	0	FCLEX
0x6d5	0x001a6714	0	FCOM
0x6d6	0x001a6738	0	FCOMP
0x6d7	0x001a675c	0	FCOMPP
0x6d8	0x001a6780	0	FCOS
0x6d9	0x001a67a4	0	FDECSTP
0x6da	0x001a67c8	0	FDIV
0x6db	0x001a67ec	0	FDIVP
0x6dc	0x001a6810	0	FDIVR
0x6dd	0x001a6834	0	FDIVPR
0x6de	0x001a6858	0	FDIVRP
0x6df	0x001a687c	0	FFREE
0x6e0	0x001a68a0	0	FIADD
0x6e1	0x001a68c4	0	FICOM
0x6e2	0x001a68e8	0	FICOMP
0x6e3	0x001a690c	0	FIDIV
0x6e4	0x001a6930	0	FIDIVR
0x6e5	0x001a6954	0	FILD
0x6e6	0x001a6978	0	FIMUL
0x6e7	0x001a699c	0	FINCSTP
0x6e8	0x001a69c0	0	FINIT
0x6e9	0x001a69e4	0	FISUB
0x6ea	0x001a6a08	0	FISUBR
0x6eb	0x001a6a2c	0	FIST
0x6ec	0x001a6a50	0	FISTP
0x6ed	0x001a6a70	0	FLD
0x6ee	0x001a6a94	0	FLD1
0x6ef	0x001a6ab8	0	FLDCW
0x6f0	0x001a6adc	0	FLDENV
0x6f1	0x001a6b00	0	FLDL2T
0x6f2	0x001a6b24	0	FLDL2E
0x6f3	0x001a6b48	0	FLDPI
0x6f4	0x001a6b6c	0	FLDLG2
0x6f5	0x001a6b90	0	FLDLN2
0x6f6	0x001a6bb4	0	FLDZ
0x6f7	0x001a6bd8	0	FMUL
0x6f8	0x001a6bfc	0	FMULP
0x6f9	0x001a6c20	0	FNCLEX
0x6fa	0x001a6c44	0	FNINIT
0x6fb	0x001a6c68	0	FNOP
0x6fc	0x001a6c8c	0	FNSAVE
0x6fd	0x001a6cb0	0	FNSTCW
0x6fe	0x001a6cd4	0	FNSTSW
0x6ff	0x001a6cf8	0	FNSTENV
0x700	0x001a6d1c	0	FPATAN
0x701	0x001a6d40	0	FPREM
0x702	0x001a6d64	0	FPREM1
0x703	0x001a6d88	0	FPTAN
0x704	0x001a6dac	0	FRNDINT
0x705	0x001a6dd0	0	FRSTOR
0x706	0x001a6df4	0	FSAVE
0x707	0x001a6e18	0	FSCALE
0x708	0x001a6e3c	0	FSIN
0x709	0x001a6e60	0	FSINCOS
0x70a	0x001a6e84	0	FSQRT
0x70b	0x001a6ea4	0	FST
0x70c	0x001a6ec8	0	FSTCW
0x70d	0x001a6eec	0	FSTENV
0x70e	0x001a6f10	0	FSTP
0x70f	0x001a6f34	0	FSTSW
0x710	0x001a6f58	0	FSUB
0x711	0x001a6f7c	0	FSUBP
0x712	0x001a6fa0	0	FSUBPR
0x713	0x001a6fc4	0	FSUBRP
0x714	0x001a6fe8	0	FSUBR
0x715	0x001a700c	0	FTST
0x716	0x001a7030	0	FUCOM
0x717	0x001a7054	0	FUCOMP
0x718	0x001a7078	0	FUCOMPP
0x719	0x001a709c	0	FWAIT
0x71a	0x001a70c0	0	FXAM
0x71b	0x001a70e4	0	FXCH
0x71c	0x001a7108	0	FXTRACT
0x71d	0x001a712c	0	FYL2X
0x71e	0x001a7150	0	FYL2XP1
0x71f	0x001a7170	0	HLT
0x720	0x001a7194	0	IDIV
0x721	0x001a71b8	0	IMUL
0x722	0x001a71d8	0	IN
0x723	0x001a71f8	0	INC
0x724	0x001a7218	0	INS
0x725	0x001a723c	0	INSB
0x726	0x001a7260	0	INSD
0x727	0x001a7284	0	INSW
0x728	0x001a72a4	0	INT
0x729	0x001a72c8	0	INTO
0x72a	0x001a72ec	0	INVD
0x72b	0x001a7310	0	INVLPG
0x72c	0x001a7334	0	IRET
0x72d	0x001a7358	0	IRETD
0x72e	0x001a7378	0	JA
0x72f	0x001a7398	0	JAE
0x730	0x001a73b8	0	JB
0x731	0x001a73d8	0	JBE
0x732	0x001a73f8	0	JC
0x733	0x001a741c	0	JCXZ
0x734	0x001a7440	0	JECXZ
0x735	0x001a7460	0	JE
0x736	0x001a7480	0	JG
0x737	0x001a74a0	0	JGE
0x738	0x001a74c0	0	JL
0x739	0x001a74e0	0	JLE
0x73a	0x001a7500	0	JMP
0x73b	0x001a7520	0	JNA
0x73c	0x001a7544	0	JNAE
0x73d	0x001a7564	0	JNB
0x73e	0x001a7588	0	JNBE
0x73f	0x001a75a8	0	JNC
0x740	0x001a75c8	0	JNE
0x741	0x001a75e8	0	JNG
0x742	0x001a760c	0	JNGE
0x743	0x001a762c	0	JNL
0x744	0x001a7650	0	JNLE
0x745	0x001a7670	0	JNO
0x746	0x001a7690	0	JNP
0x747	0x001a76b0	0	JNS
0x748	0x001a76d0	0	JNZ
0x749	0x001a76f0	0	JO
0x74a	0x001a7710	0	JP
0x74b	0x001a7730	0	JPE
0x74c	0x001a7750	0	JPO
0x74d	0x001a7770	0	JS
0x74e	0x001a7790	0	JZ
0x74f	0x001a77b4	0	LAHF
0x750	0x001a77d4	0	LAR
0x751	0x001a77f4	0	LDS
0x752	0x001a7814	0	LEA
0x753	0x001a7838	0	LEAVE
0x754	0x001a7858	0	LES
0x755	0x001a7878	0	LFS
0x756	0x001a7898	0	LGS
0x757	0x001a78b8	0	LSL
0x758	0x001a78d8	0	LSS
0x759	0x001a78fc	0	LGDT
0x75a	0x001a7920	0	LIDT
0x75b	0x001a7944	0	LLDT
0x75c	0x001a7968	0	LMSW
0x75d	0x001a798c	0	LODS
0x75e	0x001a79b0	0	LODSB
0x75f	0x001a79d4	0	LODSD
0x760	0x001a79f8	0	LODSW
0x761	0x001a7a1c	0	LOOP
0x762	0x001a7a40	0	LOOPE
0x763	0x001a7a64	0	LOOPNE
0x764	0x001a7a88	0	LOOPNZ
0x765	0x001a7aac	0	LOOPZ
0x766	0x001a7acc	0	LTR
0x767	0x001a7aec	0	MOV
0x768	0x001a7b10	0	MOVS
0x769	0x001a7b34	0	MOVSX
0x76a	0x001a7b58	0	MOVSB
0x76b	0x001a7b7c	0	MOVSD
0x76c	0x001a7ba0	0	MOVSW
0x76d	0x001a7bc4	0	MOVZX
0x76e	0x001a7be4	0	MUL
0x76f	0x001a7c04	0	NEG
0x770	0x001a7c24	0	NOP
0x771	0x001a7c44	0	NOT
0x772	0x001a7c64	0	OR
0x773	0x001a7c84	0	OUT
0x774	0x001a7ca8	0	OUTS
0x775	0x001a7ccc	0	OUTSB
0x776	0x001a7cf0	0	OUTSD
0x777	0x001a7d14	0	OUTSW
0x778	0x001a7d34	0	POP
0x779	0x001a7d58	0	POPA
0x77a	0x001a7d7c	0	POPAD
0x77b	0x001a7da0	0	POPF
0x77c	0x001a7dc4	0	POPFD
0x77d	0x001a7de8	0	PUSH
0x77e	0x001a7e0c	0	PUSHA
0x77f	0x001a7e30	0	PUSHAD
0x780	0x001a7e54	0	PUSHF
0x781	0x001a7e78	0	PUSHFD
0x782	0x001a7e98	0	RCL
0x783	0x001a7eb8	0	RCR
0x784	0x001a7edc	0	RDMSR
0x785	0x001a7f00	0	RDTSC
0x786	0x001a7f20	0	RET
0x787	0x001a7f44	0	RETF
0x788	0x001a7f64	0	ROL
0x789	0x001a7f84	0	ROR
0x78a	0x001a7fa4	0	RSM
0x78b	0x001a7fc8	0	SAHF
0x78c	0x001a7fe8	0	SAL
0x78d	0x001a8008	0	SAR
0x78e	0x001a8028	0	SBB
0x78f	0x001a804c	0	SCAS
0x790	0x001a8070	0	SCASB
0x791	0x001a8094	0	SCASD
0x792	0x001a80b8	0	SCASW
0x793	0x001a80dc	0	SETA
0x794	0x001a8100	0	SETAE
0x795	0x001a8124	0	SETB
0x796	0x001a8148	0	SETBE
0x797	0x001a816c	0	SETC
0x798	0x001a8190	0	SETE
0x799	0x001a81b4	0	SETG
0x79a	0x001a81d8	0	SETGE
0x79b	0x001a81fc	0	SETL
0x79c	0x001a8220	0	SETLE
0x79d	0x001a8244	0	SETNA
0x79e	0x001a8268	0	SETNAE
0x79f	0x001a828c	0	SETNB
0x7a0	0x001a82b0	0	SETNBE
0x7a1	0x001a82d4	0	SETNC
0x7a2	0x001a82f8	0	SETNE
0x7a3	0x001a831c	0	SETNG
0x7a4	0x001a8340	0	SETNGE
0x7a5	0x001a8364	0	SETNL
0x7a6	0x001a8388	0	SETNLE
0x7a7	0x001a83ac	0	SETNO
0x7a8	0x001a83d0	0	SETNP
0x7a9	0x001a83f4	0	SETNS
0x7aa	0x001a8418	0	SETNZ
0x7ab	0x001a843c	0	SETO
0x7ac	0x001a8460	0	SETP
0x7ad	0x001a8484	0	SETPE
0x7ae	0x001a84a8	0	SETPO
0x7af	0x001a84cc	0	SETS
0x7b0	0x001a84f0	0	SETZ
0x7b1	0x001a8514	0	SGDT
0x7b2	0x001a8534	0	SHL
0x7b3	0x001a8558	0	SHLD
0x7b4	0x001a8578	0	SHR
0x7b5	0x001a859c	0	SHRD
0x7b6	0x001a85c0	0	SIDT
0x7b7	0x001a85e4	0	SLDT
0x7b8	0x001a8608	0	SMSW
0x7b9	0x001a8628	0	STC
0x7ba	0x001a8648	0	STD
0x7bb	0x001a8668	0	STI
0x7bc	0x001a868c	0	STOS
0x7bd	0x001a86b0	0	STOSB
0x7be	0x001a86d4	0	STOSD
0x7bf	0x001a86f8	0	STOSW
0x7c0	0x001a8718	0	STR
0x7c1	0x001a8738	0	SUB
0x7c2	0x001a875c	0	TEST
0x7c3	0x001a8780	0	VERR
0x7c4	0x001a87a4	0	VERW
0x7c5	0x001a87c8	0	WAIT
0x7c6	0x001a87ec	0	WBINVD
0x7c7	0x001a8810	0	WRMSR
0x7c8	0x001a8834	0	XADD
0x7c9	0x001a8858	0	XCHG
0x7ca	0x001a887c	0	XLAT
0x7cb	0x001a88a0	0	XLATB
0x7cc	0x001a88c0	0	XOR
0x7d0	0x001a88e8	0	CURRENT-SV
0x7d1	0x001a8910	0	SAVE-CURRENT
0x7d5	0x001a8960	0	UNSAVE-CURRENT
0x7d9	0x001a89a8	0	RESTORE-CURRENT
0x7de	0x001a8a08	0	RESET-ASM
0x7e1	0x001a8a48	0	INIT-ASM
0x7e7	0x001a8a84	0	_CODE
0x7ea	0x001a8adc	0	_;CODE
0x7ee	0x001a8b34	0	CODE
0x7f2	0x001a8b84	0	SUBR:
0x7f6	0x001a8c24	0	MACRO:
0x7fb	0x001a8c88	0	END-ASM
0x7fe	0x001a8cc0	0	_END-CODE
0x803	0x001a8d28	0	END-CODE
0x804	0x001a8d4c	0	;C
0x810	0x001a8dfc	0	?LEAVE-MACRO
0x818	0x001a8ea0	0	PREFIX?
0x81c	0x001a8ee4	0	POSTFIX?
0x821	0x001a8f1c	0	SET-POSTFIX
0x825	0x001a8f70	0	SET-PREFIX
0x829	0x001a8fc8	0	RESET-SYNTAX
0x14	0x001a9070	0	AL,
0x15	0x001a90b4	0	CL,
0x16	0x001a90f8	0	DL,
0x17	0x001a913c	0	BL,
0x18	0x001a9180	0	AH,
0x19	0x001a91c4	0	CH,
0x1a	0x001a9208	0	DH,
0x1b	0x001a924c	0	BH,
0x1c	0x001a9290	0	AX,
0x1d	0x001a92d4	0	CX,
0x1e	0x001a9318	0	DX,
0x1f	0x001a935c	0	BX,
0x20	0x001a93a0	0	SP,
0x21	0x001a93e4	0	BP,
0x22	0x001a9428	0	SI,
0x23	0x001a946c	0	DI,
0x24	0x001a94b4	0	EAX,
0x25	0x001a94fc	0	ECX,
0x26	0x001a9544	0	EDX,
0x27	0x001a958c	0	EBX,
0x28	0x001a95d4	0	ESP,
0x29	0x001a961c	0	EBP,
0x2a	0x001a9664	0	ESI,
0x2b	0x001a96ac	0	EDI,
0x2c	0x001a96f8	0	[BX+SI],
0x2d	0x001a9744	0	[BX+DI],
0x2e	0x001a9790	0	[BP+SI],
0x2f	0x001a97dc	0	[BP+DI],
0x30	0x001a9824	0	[SI],
0x31	0x001a986c	0	[DI],
0x32	0x001a98b4	0	[BP],
0x33	0x001a98fc	0	[BX],
0x34	0x001a9944	0	[EAX],
0x35	0x001a998c	0	[ECX],
0x36	0x001a99d4	0	[EDX],
0x37	0x001a9a1c	0	[EBX],
0x38	0x001a9a64	0	[ESP],
0x39	0x001a9aac	0	[EBP],
0x3a	0x001a9af4	0	[ESI],
0x3b	0x001a9b3c	0	[EDI],
0x3c	0x001a9b88	0	[EAX*2],
0x3d	0x001a9bd4	0	[ECX*2],
0x3e	0x001a9c20	0	[EDX*2],
0x3f	0x001a9c6c	0	[EBX*2],
0x40	0x001a9cb8	0	[EBP*2],
0x41	0x001a9d04	0	[ESI*2],
0x42	0x001a9d50	0	[EDI*2],
0x43	0x001a9d9c	0	[EAX*4],
0x44	0x001a9de8	0	[ECX*4],
0x45	0x001a9e34	0	[EDX*4],
0x46	0x001a9e80	0	[EBX*4],
0x47	0x001a9ecc	0	[EBP*4],
0x48	0x001a9f18	0	[ESI*4],
0x49	0x001a9f64	0	[EDI*4],
0x4a	0x001a9fb0	0	[EAX*8],
0x4b	0x001a9ffc	0	[ECX*8],
0x4c	0x001aa048	0	[EDX*8],
0x4d	0x001aa094	0	[EBX*8],
0x4e	0x001aa0e0	0	[EBP*8],
0x4f	0x001aa12c	0	[ESI*8],
0x50	0x001aa178	0	[EDI*8],
0x51	0x001aa1bc	0	ES,
0x52	0x001aa200	0	CS,
0x53	0x001aa244	0	SS,
0x54	0x001aa288	0	DS,
0x55	0x001aa2cc	0	FS,
0x56	0x001aa310	0	GS,
0x57	0x001aa358	0	CR0,
0x58	0x001aa3a0	0	CR2,
0x59	0x001aa3e8	0	CR3,
0x5a	0x001aa430	0	CR4,
0x5b	0x001aa478	0	DR0,
0x5c	0x001aa4c0	0	DR1,
0x5d	0x001aa508	0	DR2,
0x5e	0x001aa550	0	DR3,
0x5f	0x001aa598	0	DR6,
0x60	0x001aa5e0	0	DR7,
0x61	0x001aa628	0	TR3,
0x62	0x001aa670	0	TR4,
0x63	0x001aa6b8	0	TR5,
0x64	0x001aa700	0	TR6,
0x65	0x001aa748	0	TR7,
0x66	0x001aa78c	0	ST,
0x67	0x001aa7d4	0	ST(0),
0x68	0x001aa81c	0	ST(1),
0x69	0x001aa864	0	ST(2),
0x6a	0x001aa8ac	0	ST(3),
0x6b	0x001aa8f4	0	ST(4),
0x6c	0x001aa93c	0	ST(5),
0x6d	0x001aa984	0	ST(6),
0x6e	0x001aa9cc	0	ST(7),
0xa	0x001aaa4c	0	DEFINITE-WORD
0x11	0x001aaabc	0	MATCH-[IF]
0x15	0x001aab24	0	MATCH-[THEN]
0x19	0x001aab90	0	MATCH-[ELSE]
0x1d	0x001aac00	0	MATCH-#IF
0x21	0x001aac64	0	MATCH-#THEN
0x25	0x001aaccc	0	MATCH-#ENDIF
0x29	0x001aad34	0	MATCH-#ELSE
0xf	0x001ab008	0	EXEC
0x1e	0x001ab10c	0	RESOLVE-OFA
0x26	0x001ab1a4	0	NEST
0x2e	0x001ab23c	0	_OPT-CODE
0x3d	0x001ab288	0	NEXT
0x48	0x001ab324	0	NEXT,
0x4c	0x001ab358	0	PTR
0x50	0x001ab388	0	C;
0x54	0x001ab3c4	0	[UP]
0x58	0x001ab410	0	[UP],
0x5d	0x001ab454	0	BSP
0x63	0x001ab490	0	[BSP]
0x64	0x001ab4cc	0	[BSP],
0x7c	0x001ab5f0	0	_ENTER-ASSEMBLER
0x81	0x001ab630	0	_EXIT-ASSEMBLER
0x8b	0x001ab66c	0	INLINE-CSP-BAK
0x94	0x001ab6e4	0	]INLINE
0x6	0x001ab77c	0	_?OPT-COMPILE,2
0x5	0x001ac614	0	ICON_FORTH
0x6	0x001ac638	0	APP_ICON
0x7	0x001ac65c	0	IDC_SPLITV
0x8	0x001ac680	0	IDC_SPLITH
0x9	0x001ac6a4	0	IDC_MAGNIFY
0xa	0x001ac6c8	0	IDC_HAND
0xb	0x001ac6ec	0	IDC_HARROW
0xa	0x001ac740	0	TRANSIENT-STATE
0xc	0x001ac770	0	START-TRANSIENT
0x18	0x001ac898	0	END-TRANSIENT
0x25	0x001ac924	0	CLEAR-TRANSIENT
0x7	0x0000e0f4	1	OP@
0x8	0x0000e114	1	OP!
0xc	0x001aca1c	0	HASHED
0xe	0x001aca84	0	CLASSES
0x14	0x0000e134	0	VOC-PFA-SIZE
0x18	0x0000e13c	0	HASH-WID
0x1a	0x0000e144	1	UNHASH
0x28	0x0000e1e8	1	?UNHASH
0x34	0x0000e280	0	OBJ-SAVE
0x36	0x0000e290	1	.M0NAME
0x39	0x0000e2c0	1	.M1NAME
0x4b	0x0000e3b4	1	ADD-HASH
0x17	0x0000e454	0	.EXECUTION-CLASS-CHAIN
0x18	0x0000e464	0	.OTHER-CLASS-CHAIN
0x19	0x0000e474	0	.WORD-CHAIN
0x1b	0x0000e484	0	&FLIT
0x1c	0x0000e494	0	CELLS/FLOAT
0x1d	0x0000e4a4	0	DEBUGGING?
0x1f	0x0000e4b4	1	DUMMY.FLOAT
0x22	0x0000e4dc	0	.FLOAT
0x24	0x0000e4ec	0	(SEE)
0x28	0x0000e4fc	1	.PROC-NAME
0x78	0x0000e558	0	DOES-OP
0x82	0x0000e560	1	D_CR
0x87	0x0000e590	1	.EXECUTION-CLASS
0xb2	0x0000e5a4	1	.PFA
0xbe	0x0000e5b8	1	.IMMEDIATE
0xc5	0x0000e5fc	1	.CONSTANT
0xc8	0x0000e62c	1	.USER
0xcc	0x0000e67c	1	.VARIABLE
0xd0	0x0000e6c8	1	.VALUE
0xd3	0x0000e6f4	1	.CLASS
0xd6	0x0000e718	1	.VOCABULARY
0xdb	0x0000e740	1	.DOES>
0xe0	0x0000e764	1	.DEFER
0xe3	0x0000e7a8	0	DISCODE
0xe7	0x0000e7b8	1	.CODE
0xea	0x0000e7ec	1	.;CODE
0xed	0x0000e820	1	.SYNONYM
0xf0	0x0000e868	1	.OTHER
0xf9	0x0000e8c0	1	.OBJECT
0xfc	0x0000e8e4	0	A_VALUE
0x100	0x0000e8f4	1	.DEFINITION-CLASS
0x112	0x0000ea04	1	((SEE))
0x119	0x0000e4ec	0	'SEE
0x11b	0x0000ea30	1	SEE
0x3	0x0000ea54	0	WITH-SOURCE?
0x5	0x0000ea64	0	SRCINFOPTR
0x6	0x0000ea78	0	SRCINFOCNT
0x8	0x0000ea88	0	DOLOADINFO
0xa	0x0000ea98	1	SRCINFO,
0x10	0x0000eac8	1	_RESETSRCINFO
0x19	0x0000eb24	0	SRCINFOHERE
0x1b	0x0000eb34	1	_SAVE-SOURCE
0x27	0x0000ebf4	1	_SAVE-SRC
0x2b	0x0000ec20	1	_?UNSAVE-SRC
0xd	0x0000ec98	0	MAX.RSTACK
0xe	0x0000eca8	0	REMOTE-DEBUG?
0xf	0x0000ecb8	0	IN-BREAKPOINT?
0x11	0x0000ecc8	1	COLON?
0x14	0x0000ecec	1	CODE?
0x17	0x0000ed14	0	DEBUG-.S
0x18	0x0000ed24	0	WORD-WATCH
0x1b	0x0000ed34	0	STACK-WATCH
0x1e	0x0000ed44	0	$WATCH
0x22	0x0000ed54	0	FOREGROUND-CONSOLE
0x26	0x0000ed64	0	START-WATCH?
0x27	0x0000ed74	0	WATCHED-CFA
0x29	0x0000ed84	1	CFA-WATCH
0x38	0x0000ed98	1	KEY-BREAKER
0x3b	0x0000edb0	1	L.ID
0x3d	0x0000ede0	0	DBG-NEXT-CELL
0x3e	0x0000edf0	0	DBG-NEST-CHAIN
0x3f	0x0000ee00	0	.WORD-TYPE-CHAIN
0x41	0x001ad2d4	0	BUG
0x45	0x0000ee10	1	CHR>ASC
0x48	0x0000ee40	1	&
0x4b	0x0000ee80	1	&S
0x50	0x0000ee9c	1	<&
0x53	0x0000eebc	1	&>
0x55	0x0000eed0	1	&TYPE
0x5c	0x0000ef00	1	U%.
0x5f	0x0000ef2c	1	%.
0x64	0x0000ef68	1	0%.R
0x6c	0x0000efcc	1	H%.
0x6f	0x0000f00c	1	%.S
0x7f	0x0000f0a8	0	IP
0x80	0x0000f0b4	0	IP0
0x81	0x0000f0bc	0	RTOP
0x82	0x0000f0c4	0	NESTING
0x84	0x0000f0cc	0	?DBG-CONT
0x85	0x0000f0dc	0	'TRACE
0x87	0x0000f0ec	1	PATCH
0x8f	0x0000f13c	1	VARIABLE?
0x91	0x0000f160	1	DEFER?
0x93	0x0000f184	1	EXECUTE?
0x95	0x0000f1a4	1	CONSTANT?
0x97	0x0000f1c8	1	DOES>?
0x99	0x0000f1ec	1	M1CFA?
0x9b	0x0000f210	1	M0CFA?
0xbd	0x0000f234	1	DBG-NEXT
0xeb	0x0000f244	0	NEXTBREAK
0xec	0x0000f254	0	STACK-TOP
0xed	0x0000f264	0	RETURN-TOP
0xef	0x0000f274	0	DEBUG-ENTRY
0xf0	0x0000f284	0	DEBUG-EXIT
0xf2	0x0000f294	0	TIB-SAVE
0xf3	0x0000f39c	0	POCKET-SAVE
0xf4	0x0000f4a4	0	HERE-SAVE
0xf5	0x0000f5ac	0	WATCH-BUF
0xf8	0x0000f6b4	1	PERFORM-WATCH
0xfd	0x0000f700	1	DO-WATCH
0x101	0x0000f77c	1	RUN-FORTH
0x113	0x0000f78c	1	DBG-WATCH
0x119	0x0000f79c	0	EMIT-SAVE
0x11a	0x0000f7ac	0	TYPE-SAVE
0x11b	0x0000f7bc	0	CR-SAVE
0x11c	0x0000f7cc	0	?CR-SAVE
0x11d	0x0000f7dc	0	KEY-SAVE
0x11e	0x0000f7ec	0	KEY?-SAVE
0x11f	0x0000f7fc	0	CLS-SAVE
0x120	0x0000f80c	0	PAGE-SAVE
0x121	0x0000f81c	0	GOTOXY-SAVE
0x122	0x0000f82c	0	GETXY-SAVE
0x123	0x0000f83c	0	COL-SAVE
0x124	0x0000f84c	0	TABING?-SAVE
0x125	0x0000f85c	0	LEFT-MARGIN-SAVE
0x126	0x0000f86c	0	INDENT-SAVE
0x127	0x0000f87c	0	X-SAVE
0x128	0x0000f88c	0	Y-SAVE
0x12a	0x0000f89c	1	_DBG-NEST
0x158	0x0000f8b0	1	DBG-NEST
0x159	0x0000f8c4	1	DEBG-UNNEST
0x16a	0x0000f8d4	1	DBG-JUMP
0x181	0x0000f8e4	1	#DBG-RSTACK
0x192	0x0000f8f8	1	DBG-RSTACK
0x195	0x0000f924	0	DBG-FSTACK
0x198	0x0000f934	1	DBG-HELP
0x1aa	0x0000f944	1	.WORDTYPE
0x1c1	0x0000f954	0	DEBUG-BASE
0x1c3	0x0000f964	1	.S-BASE
0x1c8	0x0000f9b8	1	BASE-TOGGLE
0x1ce	0x0000f9f8	1	RESTORE-IO
0x1e5	0x0000fb44	1	DEBUG-IO
0x20f	0x0000fb54	1	TRACE
0x285	0x0000fb68	1	_.RSTACK
0x28a	0x0000fb90	1	UNBUG
0x28f	0x0000fb90	1	UNBP
0x291	0x0000fbd0	1	REMOTE-DEBUG
0x2ad	0x0000fbe0	1	ADEBUG
0x2d7	0x001adaac	0	DEBUG
0x2db	0x001adaac	0	BP
0x2dd	0x0000fbf4	1	DEBUG-IO
0x2de	0x0000fc0c	1	RESTORE-IO
0x2e0	0x0000fc24	1	DBG
0x2e3	0x0000fc48	1	WATCH
0x2eb	0x001adb74	0	#PATCHINTO
0x2f9	0x001add1c	0	PATCHINTO
0x300	0x0000fc94	1	WITH-SOURCE
0x305	0x0000fcb0	1	WITHOUT-SOURCE
0xb	0x0000fccc	0	LATER-PTR
0xc	0x0000fce0	0	LATER-OFF
0xd	0x0000fcf0	0	LATER-MAGIC
0xf	0x0000fcf8	1	LATER-INIT
0x15	0x0000fd34	1	?LATER-FULL
0x19	0x0000fd8c	1	-LATER
0x1d	0x0000fde0	1	&LATER
0x22	0x0000fe04	1	#LATER
0x27	0x0000fe30	1	"LATER
0x2d	0x0000fe7c	1	CFA-LATER
0x33	0x0000fe9c	1	LATER"
0x38	0x0000fed4	1	LATER#
0x3c	0x0000fef8	1	DO-LATER
0x18	0x0000ff60	0	IGNORE-MISSING-PROCS?
0x1c	0x0000ff70	0	WINLIB-LINK
0x1f	0x0000ff78	0	WINPROC-LINK
0x24	0x001adf98	0	TRIM-PROCS
0x2d	0x0000ff80	1	DO-LINK
0x32	0x0000ffcc	1	LOAD-WINLIBRARY
0x3d	0x00010048	1	FREE-WINLIBRARY
0x42	0x001ae03c	0	"WINLIBRARY
0x50	0x001ae150	0	WINLIBRARY
0x5c	0x001ae21c	0	SYS-WINLIBRARY
0x70	0x00010070	0	DLL-ERROR
0x71	0x00010080	0	PROC-ERROR
0x79	0x00010090	1	LOAD-WINPROC
0x8d	0x00010184	0	PROC-NAME
0x90	0x0001028c	1	?PROC-ERROR
0x95	0x000102e8	1	FIND-IN-LIB
0x9c	0x00010354	1	FIND-WINLIBRARY
0xa1	0x001ae424	0	"PROC
0xbf	0x0001037c	1	"FIND-PROC
0xca	0x000103f0	1	RES-CALL
0xd6	0x001ae5a8	0	,CALL-PROC
0xe0	0x001ae688	0	PROC
0x100	0x0001043c	1	FUNC:
0x10d	0x001ae7e0	0	DLL:
0x115	0x001ae8a4	0	.LIBS
0x11f	0x001ae964	0	.PROCS
0x130	0x0001050c	0	IID_IUNKNOWN
0x131	0x00010520	0	IID_ICLASSFACTORY
0x132	0x00010534	0	IID_IDISPATCH
0x14d	0x000105d8	0	WINCONPTR
0x151	0x00010624	1	WINCON-NUMBER?
0x169	0x00010770	1	0WINPROC
0x16c	0x0001078c	1	0WINLIB
0x16f	0x000107a8	0	ERRBUF
0x172	0x000108b4	1	GET-WINPROC
0x17b	0x00010918	1	INIT-PROCEDURES
0x18a	0x000109f8	1	_DEFAULTWINDOWPROC
0x195	0x00010a4c	1	ISWINCONSTANT
0x1a7	0x00010adc	1	NT?
0x1ac	0x00010b20	1	WIN95?
0x1b5	0x00010bbc	1	WIN98?
0x1be	0x00010c5c	1	WIN32S?
0x1c8	0x00010ccc	1	ERRORBOX
0x1d0	0x00010d34	1	_DLL-ERROR
0x1d9	0x00010db4	1	_PROC-ERROR
0xe	0x001aec6c	0	BUILD-CALLBACK
0x42	0x001af138	0	CALLBACK:
0x5b	0x001af264	0	&FONTFUNC
0x5b	0x001af288	0	FONTFUNC
0x8e	0x00010e58	0	WM_WIN32FORTH
0x90	0x00010e68	1	HANDLEMESSAGES
0x96	0x00010f60	0	&HANDLEMESSAGES
0x98	0x00010f68	1	HANDLEWINDOWSMESSAGES
0xa2	0x0001104c	0	&WINDOWSMESSAGES
0xa4	0x00011054	1	HANDLEMESSAGES-INIT
0x9	0x001af660	0	HORIZONTAL-LINE
0x11	0x001af734	0	VOCSAVE
0x13	0x001af75c	0	WORDS-POCKET
0x15	0x001af880	0	.VOC-ONCE
0x1c	0x001af8f4	0	MATCH?
0x23	0x001af9b0	0	WITH-ADDRESS?
0x25	0x001af9d8	0	(WORDS)
0x4a	0x001afc4c	0	CONSTANT-CNT
0x4b	0x001afc7c	0	CONSTANT-TOT
0x4c	0x001afca8	0	COUNT-ONLY?
0x4e	0x001afd28	0	&.WINCONSTANT
0x4e	0x001afd50	0	.WINCONSTANT
0x62	0x001afe18	0	COUNT-CONSTANTS
0x6d	0x001afea8	0	.WORDS
0x74	0x001affe0	0	CONSTANTS
0x88	0x001b018c	0	WITH-ADDRESS
0x8b	0x001b01c0	0	WORDS
0xa5	0x001b03dc	0	ON-ALLWORDS
0x7	0x00011084	0	?WIN-ERROR-ENABLED
0x9	0x00011094	0	NEWOBJECT
0xb	0x000110a4	1	@WORD
0xe	0x000110c4	1	HASH>
0x15	0x000110e8	1	?ISSEL
0x18	0x00011114	1	>SELECTOR
0x1b	0x00011154	1	GETSELECT
0x21	0x00011170	0	^CLASS
0x24	0x00011180	0	MFA
0x25	0x00011188	0	IFA
0x26	0x00011190	0	DFA
0x27	0x00011198	0	XFA
0x28	0x000111a0	0	SFA
0x29	0x000111a8	0	CLASS-SIZE
0x2b	0x000111b0	1	>OBJ
0x2d	0x000111c8	1	OBJ>
0x2f	0x000111e0	1	OBJ>CLASS
0x31	0x000111f8	1	CLASS>OBJ
0x33	0x0001120c	1	CLASS>
0x35	0x00011220	1	>CLASS
0x37	0x00011234	1	CLASSPOINTER?
0x39	0x00011258	1	CLASS-ALLOT
0x3b	0x00011278	0	BITCNT
0x3c	0x00011288	0	BITMAXVAL
0x3e	0x00011298	1	>MASK
0x43	0x000112ec	1	CLASS-BITALLOT
0x51	0x00011428	1	BITMAX
0x62	0x000114a4	0	TEMPMSG$
0x64	0x000114b8	1	(FINDM)
0x6c	0x00011560	1	FIND-METHOD
0x7e	0x00011698	1	(DEFER)
0x83	0x000116c0	1	DO-LATE-METHOD
0x85	0x000116e4	1	DBG-NEXT-CELL-CLASS
0x8c	0x00011720	1	DBG-NEST-CLASS
0x9a	0x001b0890	0	.WORD-TYPE-CLASS
0xa4	0x001b0908	0	.EXECUTION-CLASS-CLASS
0xb0	0x0001179c	0	^SELF
0xb1	0x000117ac	0	^SUPER
0xb3	0x000117bc	1	?ISCLASS
0xb5	0x000117fc	1	?ISOBJ
0xb6	0x00011820	1	?ISVALUE
0xb7	0x00011844	1	?ISVECT
0xbb	0x00011898	1	?ISPAREN
0xbf	0x000118d0	1	?CLASS
0xc4	0x00011904	1	VFIND
0xcb	0x00011968	1	CLASSVFIND
0xcf	0x000119b8	1	IDX-HDR
0xea	0x00011a04	1	ICLASS
0xec	0x00011a18	1	@IVAROFFS
0xee	0x00011a30	1	@IVARCPTR
0xf0	0x00011a48	1	@IVARELEMS
0xf4	0x00011a60	1	INITIVAR
0xf9	0x00011ab0	0	CONTIGUOUS-DATA?
0xfd	0x00011ac0	1	ITRAV
0x118	0x00011c1c	0	CLASSINIT
0x11c	0x00011c2c	1	<VAR
0x134	0x00011dac	1	(|BUILD)
0x140	0x00011e5c	1	(BUILD)
0x14d	0x00011f18	0	OBJ-BUF
0x14f	0x00012020	1	(OBJ-BUILD)
0x165	0x000120d4	1	(HEAPOBJ)
0x18f	0x00012230	0	SUPER
0x198	0x0001224c	0	SELF
0x1a6	0x00012268	0	OLDCURRENT
0x1ab	0x001b0d2c	0	INHERIT
0x1bd	0x0001227c	0	OBJ-CLASS
0x1be	0x0001228c	0	OBJ-LOADLINE
0x1c5	0x0001229c	1	:OBJECT
0x1d5	0x00012358	1	:CLASS
0x1ed	0x001b0e78	0	<SUPER
0x1f4	0x001b0e78	0	<OBJECT
0x1f5	0x001b0e78	0	<CLASS
0x1fd	0x001b0f28	0	CLONE
0x211	0x000123c4	1	|CLASS
0x221	0x001b0fac	0	;CLASS
0x22c	0x001b107c	0	;OBJECT
0x23c	0x00012430	1	METHOD
0x24a	0x000124c4	0	UNRES-LEN
0x24c	0x000124cc	0	UNRES-METHODS
0x26f	0x00012cb8	1	RESOLVE-METHODS
0x282	0x00012d0c	1	REFTOKEN
0x28c	0x00012dd4	0	METHOD_HVAL
0x294	0x00012de4	1	LATEBOUND
0x2a2	0x00012e90	0	MET_HSTRING
0x2a3	0x00012ed8	0	OBJ_HSTRING
0x2a5	0x00012f20	0	&(IVB@)
0x2a7	0x00012f30	1	VARFIND
0x2b4	0x0001306c	1	NESTEDOBJECT
0x2c8	0x000131c4	1	NESTEDIVAR
0x2db	0x00013314	1	OBJ.VAR,
0x2e2	0x000133a0	0	VARCFA
0x2e4	0x000133b0	1	RUNOBJ.VAR
0x2eb	0x00013438	1	IVARREF
0x2f2	0x000134dc	1	RUNIVARREF
0x2fd	0x000135c8	1	GETIVARREF
0x303	0x00013638	1	OBJREF
0x310	0x00013738	1	GETREF
0x31b	0x000137f0	1	RUNREF
0x323	0x00013830	0	GET-REFERENCE?
0x325	0x00013840	1	_DO_MESSAGE
0x341	0x00013940	0	X.BUF
0x358	0x00013a98	1	_MSGFIND
0x393	0x00013e6c	1	MSGFIND
0x3a1	0x00013ee4	1	_CLASSINIT
0x3ac	0x00013f4c	1	<NOCLASSPOINTER
0x3b0	0x00013f70	1	<INDEXED
0x3bb	0x001b16a4	0	BEGINNINGOFRECORDADDRESS
0x3bd	0x001b16cc	0	RECORD:
0x3c6	0x001b1768	0	;RECORD
0x3c9	0x001b17a4	0	;RECORDSIZE:
0x3cf	0x001b17f4	0	BYTES
0x3da	0x001b188c	0	BYTE
0x3e3	0x00013fc0	0	(IVB@)
0x3ea	0x00014008	0	(IVB!)
0x3f3	0x0001407c	0	(IVB+!)
0x401	0x001b1974	0	BITS
0x409	0x001b1a24	0	SHORT
0x412	0x001b1ac0	0	INT
0x41b	0x001b1b60	0	DINT
0x42e	0x00014154	1	DISPOSE
0x437	0x0001419c	0	OBJECT
0x439	0x000141d8	0	CLASSINIT:
0x43d	0x000141f8	0	~:
0x43f	0x00014218	0	ADDR:
0x441	0x00014238	0	PRINT:
0x443	0x00014270	0	GET:
0x445	0x00014294	0	PUT:
0x447	0x000142bc	0	ADD:
0x449	0x000142e4	0	AND:
0x44b	0x00014324	0	OR:
0x44d	0x00014364	0	XOR:
0x45a	0x000143ac	0	STRING
0x45c	0x000143e8	0	THEBUFFER
0x461	0x00014488	0	APPEND:
0x465	0x000144c4	0	RECTANGLE
0x467	0x00014500	0	ADDROF
0x468	0x00014510	0	LEFT
0x469	0x00014520	0	TOP
0x46a	0x00014530	0	RIGHT
0x46b	0x00014540	0	BOTTOM
0x46e	0x00014550	0	ERASERECT:
0x47a	0x000145c4	0	SETRECT:
0x481	0x000145f4	0	ADDROF:
0x482	0x0001461c	0	LEFT:
0x483	0x00014640	0	TOP:
0x484	0x00014664	0	RIGHT:
0x485	0x00014688	0	BOTTOM:
0x487	0x000146ac	0	.RECT:
0x48d	0x0001470c	0	TEMPRECT
0x48f	0x001b1ee0	0	.CLASSES
0xa	0x00014724	0	CHECK-REGISTRY-DIRECTORY?
0x12	0x00014734	0	PROGREG
0x16	0x0001483c	0	BASEREG
0x17	0x0001484c	0	DISPOSITION
0x18	0x00014854	0	REGKEY
0x19	0x0001485c	0	REGTYPE
0x1a	0x00014864	0	REGLEN
0x1c	0x0001486c	0	RETURNEDKEY$
0x23	0x00014880	1	REGGETKEY
0x40	0x00014990	1	REGGETSTRING
0x59	0x00014ae8	1	REGSETSTRING
0x6a	0x00014bf0	1	SETSETTING
0x6d	0x00014c18	1	GETSETTING
0x70	0x00014c40	0	&FORTHDIR
0x73	0x00014d48	1	CURRENT-DIR$
0x77	0x00014dac	1	$CURRENT-DIR!
0x7a	0x00014df0	1	CHDIR
0x80	0x00014df0	1	CD
0x84	0x00014e64	1	PROGRAM-NAME-INIT
0x8f	0x00014f14	1	KERNEL.BIN-CHECK
0x9f	0x00015218	1	INIT-WIN32FDIRECTORY
0xc3	0x0001544c	1	.REGISTRY
0xc9	0x000155a4	1	RE-REGISTER
0x11	0x000155ec	1	BIN
0x12	0x000155fc	0	R/O
0x13	0x00015604	0	W/O
0x14	0x0001560c	0	R/W
0x15	0x00015614	0	MAX-HANDLE
0x17	0x0001561c	0	_HDL-SEARCH
0x1a	0x00015624	0	#FILES
0x1b	0x00015634	0	TOTAL-FILE-BYTES
0x1e	0x00015644	0	Z-BUF
0x1f	0x0001574c	0	Z-BUFF
0x21	0x00015854	0	_WIN32-FIND-DATA
0x30	0x00015998	0	PTR-DOS-DATE
0x31	0x000159a0	0	PTR-DOS-TIME
0x33	0x000159a8	0	_SYSTEMTIME
0x41	0x000159bc	1	ASCIIZ
0x47	0x00015a0c	1	ASCIIZ-B
0x50	0x00015a60	1	OPEN-FILE
0x63	0x00015b30	1	CREATE-FILE
0x73	0x00015bd0	1	DELETE-FILE
0x79	0x00015c38	1	CLOSE-FILE
0x7d	0x00015c78	1	READ-FILE
0x87	0x00015cf8	1	WRITE-FILE
0x91	0x00015d68	1	RENAME-FILE
0x9d	0x00015e04	1	FILE-POSITION
0xa6	0x00015e88	1	REPOSITION-FILE
0xae	0x00015ed8	1	FILE-SIZE
0xbc	0x00015f60	1	FILE-APPEND
0xc5	0x00015fc0	1	FLUSH-FILE
0xc9	0x00016004	0	_READ-LINE-LEN
0xca	0x00016014	0	NOT-END?
0xcb	0x00016024	1	READ-LINE
0xeb	0x000161bc	1	WRITE-LINE
0xef	0x000161f4	1	RESIZE-FILE
0xf3	0x00016248	1	FILE-STATUS
0xfc	0x00016290	1	GET-FSPACE
0x108	0x00016358	1	FIND-FIRST-FILE
0x118	0x000163f0	1	FIND-NEXT-FILE
0x120	0x0001644c	1	FIND-CLOSE
0x130	0x00016490	1	GET-DOS-CREATE-DATETIME
0x139	0x000164f0	1	GET-DOS-ACCESS-DATETIME
0x142	0x0001652c	1	GET-DOS-WRITE-DATETIME
0x14b	0x00016568	1	GET-FILE-SIZE
0x150	0x00016584	1	GET-FILE-NAME
0x155	0x000165a0	0	FILE-TIME-BUF
0x157	0x000165ac	1	GET-FILE-MODIFIED
0x165	0x00016664	1	FILETIME-TO-SYSTEMTIME
0x172	0x000166a4	1	ASCIIZ->ASC-LEN
0x17c	0x000166d0	1	.DIR->FILE-NAME
0x183	0x00016720	1	.DIR->FILE-SIZE
0x18a	0x0001679c	1	_PRINT-DIR-FILES
0x19a	0x00016834	1	PRINT-DIR-FILES
0x1a4	0x0001692c	1	DIR
0x1ad	0x000169dc	1	DO-RENAME-AFILE
0x1bc	0x00016ac8	1	RENAME
0x5	0x00016dd0	1	LITKEY
0x8	0x00016de8	0	K_ESC
0x8	0x00016df0	0	K_TAB
0x8	0x00016df8	0	K_BACKSPACE
0x9	0x00016e00	0	K_CR
0x9	0x00016e08	0	K_LF
0xc	0x00016e10	1	FKEY
0xf	0x00016e2c	0	K_F1
0xf	0x00016e34	0	K_F2
0xf	0x00016e3c	0	K_F3
0x10	0x00016e44	0	K_F4
0x10	0x00016e4c	0	K_F5
0x10	0x00016e54	0	K_F6
0x11	0x00016e5c	0	K_F7
0x11	0x00016e64	0	K_F8
0x11	0x00016e6c	0	K_F9
0x12	0x00016e74	0	K_F10
0x12	0x00016e7c	0	K_F11
0x12	0x00016e84	0	K_F12
0x14	0x00016e8c	1	SPLKEY
0x17	0x00016ea8	0	K_HOME
0x17	0x00016eb0	0	K_END
0x17	0x00016eb8	0	K_INSERT
0x18	0x00016ec0	0	K_DELETE
0x18	0x00016ec8	0	K_LEFT
0x18	0x00016ed0	0	K_RIGHT
0x19	0x00016ed8	0	K_UP
0x19	0x00016ee0	0	K_DOWN
0x19	0x00016ee8	0	K_SCROLL
0x1a	0x00016ef0	0	K_PAUSE
0x1a	0x00016ef8	0	K_PGUP
0x1a	0x00016f00	0	K_PGDN
0x1d	0x00016f08	1	+K_SHIFT
0x1f	0x00016f20	1	+K_ALT
0x21	0x00016f38	1	+K_CONTROL
0x5	0x00016f88	1	MAP-HANDLE
0xf	0x0001702c	0	DUMMY-MAP-HANDLE
0x11	0x00017148	1	MAP-FIELD+
0x18	0x000171cc	0	>HFILE
0x19	0x000171d4	0	>HFILEMAPPING
0x1a	0x000171dc	0	>HFILEADDRESS
0x1b	0x000171e4	0	>HFILELENGTH
0x1c	0x000171ec	0	>HFILEMAXLENGTH
0x1d	0x000171f4	0	>HFILENAME
0x20	0x000171fc	1	CREATE-FILE-MAP
0x2b	0x000172d0	1	MAP-NAME
0x2e	0x00017318	1	MAP-VIEW-FILE
0x3c	0x00017454	1	FLUSH-VIEW-FILE
0x41	0x000174bc	1	UNMAP-VIEW-FILE
0x45	0x00017510	1	CLOSE-MAP-FILE
0x51	0x000175f4	1	OPEN-MAP-FILE
0x62	0x000176ac	1	CLOSE-SHARE
0x66	0x000176dc	0	I-WAS-FIRST
0x68	0x000176ec	1	OPEN-SHARE
0x8e	0x0001783c	0	ED-TERMINATED?
0x8f	0x0001784c	0	ED-HNDL
0x90	0x0001785c	0	ED-PTR
0x91	0x0001786c	0	SECOND-FORTH?
0x93	0x0001787c	1	ED-FIELD+
0x98	0x000178c8	0	ED-PRESENT
0x99	0x000178d0	0	ED-CONSOLE-HIDDEN
0x9a	0x000178d8	0	ED-CONSOLE-REMOTE
0x9b	0x000178e0	0	ED-FORTH-COUNT
0x9c	0x000178e8	0	ED-RESPONSE
0x9d	0x000178f0	0	ED-LINE
0x9e	0x000178f8	0	ED-COLUMN
0x9f	0x00017900	0	ED-RESULT
0xa0	0x00017908	0	ED-FILENAME
0xa1	0x00017910	0	ED-NAME
0xa2	0x00017918	0	ED-STACK
0xa3	0x00017920	0	ED-RETURN
0xa4	0x00017928	0	ED-DBGLINE
0xa5	0x00017930	0	ED-INQUIRE
0xa7	0x00017938	0	ED-SIZE
0xaa	0x00017940	0	WM_SETBP
0xab	0x00017948	0	WM_STEPBP
0xac	0x00017950	0	WM_NESTBP
0xad	0x00017958	0	WM_UNESTBP
0xae	0x00017960	0	WM_CONTBP
0xaf	0x00017968	0	WM_JUMPBP
0xb0	0x00017970	0	WM_BEGNBP
0xb1	0x00017978	0	WM_HEREBP
0xb2	0x00017980	0	WM_RSTKBP
0xb3	0x00017988	0	WM_DONEBP
0xb4	0x00017990	0	WM_INQUIRE
0xb7	0x00017998	0	WM_PASTELOAD
0xba	0x000179a0	0	ED_OPEN_EDIT
0xbb	0x000179a8	0	ED_OPEN_BROWSE
0xbc	0x000179b0	0	ED_WATCH
0xbd	0x000179b8	0	ED_WORD
0xbe	0x000179c0	0	ED_STACK
0xbf	0x000179c8	0	ED_DEBUG
0xc0	0x000179d0	0	ED_NOTINBP
0xc4	0x000179d8	0	WM_EVALUATE
0xc5	0x000179e0	0	WM_KEY
0xc6	0x000179e8	0	WM_REMOTEIO
0xc7	0x000179f0	0	WM_FORTHIO
0xc8	0x000179f8	0	WM_TERMINATE
0xcc	0x00017a00	0	ED_READY
0xcd	0x00017a08	0	ED_ALIVE
0xce	0x00017a10	0	ED_EMIT
0xcf	0x00017a18	0	ED_TYPE
0xd0	0x00017a20	0	ED_QCR
0xd1	0x00017a28	0	ED_CRTAB
0xd2	0x00017a30	0	ED_COL
0xd3	0x00017a38	0	ED_GETXY
0xd4	0x00017a40	0	ED_GOTOXY
0xd5	0x00017a48	0	ED_GETCOLROW
0xd6	0x00017a50	0	ED_CLS
0xd7	0x00017a58	0	ED_SHUTDOWN
0xd9	0x00017a60	0	INIT-SHARED-TYPE
0xda	0x00017a70	0	UNINIT-SHARED-TYPE
0xdc	0x00017a80	1	INIT-SHARED-FORTH
0xe1	0x00017aa8	1	INIT-SHARED-MEMORY
0xef	0x00017b24	1	UNINIT-SHARED-FORTH
0xf9	0x00017b9c	1	UNINIT-SHARED-MEMORY
0x105	0x00017c14	1	EDITOR-PRESENT?
0x10b	0x00017c4c	1	_RCLS
0x111	0x00017c98	1	_REMIT
0x117	0x00017ce0	1	_RTYPE
0x11d	0x00017d30	1	_RCOL
0x123	0x00017d78	1	_R?CR
0x129	0x00017dc0	1	_RCRTAB
0x136	0x00017e70	1	_RACCEPT
0x13c	0x00017ec0	1	_RGOTOXY
0x143	0x00017f20	1	_RGETXY
0x14f	0x00017fc8	1	_RGETCOLROW
0x15b	0x00018070	1	REMOTE-FORTH-IO
0x16b	0x00018124	1	DO-REMOTE-FORTH-IO
0x16f	0x00018148	1	DO-FORTH-IO
0x173	0x0001816c	1	DO-FORTH-EVALUATE
0x178	0x00018194	1	DO-INQUIRE
0x18e	0x00018370	1	DB-PUSHKEY
0x195	0x000183b4	1	WIN-SET-BREAKPOINT
0x8	0x001b380c	0	ENVIRONMENT
0xa	0x0001871c	1	ENVIRONMENT?
0x12	0x0001875c	0	/COUNTED-STRING
0x13	0x00018764	0	/HOLD
0x14	0x0001876c	0	/PAD
0x15	0x00018774	0	ADDRESS-UNIT-BITS
0x16	0x0001877c	0	CORE
0x17	0x00018784	0	CORE-EXT
0x18	0x0001878c	0	FLOORED
0x19	0x00018794	0	MAX-CHAR
0x1a	0x0001879c	0	MAX-D
0x1b	0x000187a8	0	MAX-N
0x1c	0x000187b0	0	MAX-U
0x1d	0x000187b8	0	MAX-UD
0x1e	0x000187c4	0	RETURN-STACK-CELLS
0x1f	0x000187cc	0	STACK-CELLS
0x20	0x000187d4	0	DOUBLE
0x21	0x000187dc	0	DOUBLE-EXT
0x22	0x000187e4	0	EXCEPTION
0x23	0x000187ec	0	EXCEPTION-EXT
0x24	0x000187f4	0	FACILITY
0x25	0x000187fc	0	FACILITY-EXT
0x26	0x00018804	0	MEMORY-ALLOC
0x27	0x0001880c	0	MEMORY-ALLOC-EXT
0x28	0x00018814	0	FILE
0x29	0x0001881c	0	FILE-EXT
0x2a	0x00018824	0	TOOLS
0x2b	0x0001882c	0	TOOLS-EXT
0x2c	0x00018834	0	SEARCH-ORDER
0x2d	0x0001883c	0	SEARCH-ORDER-EXT
0x2e	0x00018844	0	WORDLISTS
0x2f	0x0001884c	0	STRING
0x30	0x00018854	0	STRING-EXT
0x31	0x0001885c	0	#LOCALS
0x32	0x00018864	1	LOCALS
0x33	0x00018874	0	WIN32FORTH
0x7	0x0001887c	1	HIDE-CURSOR
0xa	0x0001887c	1	CURSOR-OFF
0xc	0x000188c4	1	SHOW-CURSOR
0xf	0x000188c4	1	CURSOR-ON
0x11	0x0001890c	1	MINIMIZE-CONSOLE
0x14	0x00018958	1	SCREEN-SIZE
0x1c	0x001b3cd8	0	,$
0x35	0x0000318c	1	NOTE
0x37	0x000189b0	1	BEEP-INIT
0x40	0x000189dc	1	_RESTORE_DEFAULT
0x53	0x001b3ed8	0	.DEFERED
0x5e	0x00018a04	1	.CUR-FILE
0x61	0x00018a04	1	.FILE
0x6d	0x00018a50	0	STARTUPINFO
0x85	0x00018a98	0	PROCINFO
0x8d	0x00018aac	1	ZEXEC
0xa0	0x00018b38	0	&EXECBUF
0xa1	0x00018b4c	0	&FPATH
0xa3	0x00018c54	0	&LINENUM
0xa5	0x00018c5c	0	PATH-SOURCE
0xa7	0x00018c68	0	PATH-PTR
0xa9	0x00018c78	1	NEXT-PATH"
0xad	0x00018ccc	1	FIRST-PATH"
0xb1	0x00018d00	1	"FPATH+
0xc0	0x00018d9c	1	PROGRAM-PATH-INIT
0xcc	0x00018e0c	1	.PROGRAM
0xcf	0x00018e38	1	.FPATH
0xd8	0x00018ec8	1	FPATH+
0xdb	0x00018eec	0	OPEN-SAVE$
0xdc	0x00018ff4	0	OPEN-PATH$
0xde	0x000190fc	1	N"OPEN
0x101	0x0001939c	1	"PATH-FILE
0x10b	0x000193f0	1	"FILE-CLIP"
0x11b	0x001b420c	0	.PLATFORM
0x12d	0x001b4384	0	"RESOURCE-IMAGE-SAVE
0x160	0x001b468c	0	RESOURCE-IMAGE-SAVE
0x168	0x001b46d8	0	"IMAGE-SAVE
0x185	0x001b48f8	0	IMAGE-SAVE
0x18d	0x001b4938	0	WITH-IMG?
0x18f	0x001b4960	0	"FSAVE
0x1c6	0x00019580	0	DEFAULT-APPLICATION
0x1c8	0x00019590	1	_DEFAULT-HELLO
0x1d5	0x000195fc	0	DEFAULT-HELLO
0x23c	0x001b4d98	0	WITH-IMG
0x241	0x001b4dcc	0	FSAVE
0x244	0x001b4e08	0	TURNKEY
0x25f	0x001b4f44	0	APPLICATION
0x26c	0x001b4fdc	0	.LOADED
0x281	0x001b5124	0	"LOADED?
0x2a1	0x001b52ec	0	\LOADED-
0x2a9	0x001b5368	0	\LOADED
0x2ba	0x0001960c	1	EXECBUF+
0x2be	0x0001966c	0	NEW-PROMPT?
0x2c3	0x0001967c	1	$EXEC
0x2ec	0x00019994	0	EDITOR$
0x2ed	0x00019a9c	0	BROWSE$
0x2ee	0x00019ba4	0	SHELL$
0x2ef	0x00019cac	0	DOS$
0x2f1	0x00019db4	1	EDITOR"
0x2f4	0x00019de4	1	BROWSE"
0x2f7	0x00019e14	1	SHELL"
0x2fa	0x00019e44	1	DOS"
0x2fd	0x001b54f4	0	.EDITOR
0x303	0x001b54f4	0	.SHELL
0x304	0x001b54f4	0	.DOS
0x305	0x001b54f4	0	.BROWSE
0x307	0x00019e80	1	?MESSAGEBOX
0x312	0x00019f24	1	?ERRORBOX
0x320	0x00019ff4	1	?TERMINATEBOX
0x32c	0x0001a0a8	0	CUR-LINE
0x331	0x0001a0b0	1	DO-EDIT
0x33a	0x0001a144	1	DO-BROWSE
0x343	0x0001a1d8	1	DO-WATCH
0x357	0x0001a344	1	[$EDIT]
0x366	0x0001a420	1	$EDIT
0x369	0x0001a43c	1	$BROWSE
0x36e	0x0001a458	1	_$WATCH
0x375	0x001b5794	0	LOCATE-HEIGHT
0x378	0x001b57e4	0	LOCATE-HEADER
0x37b	0x001b5818	0	ORIG-LOC
0x37d	0x001b5840	0	$LOCATE
0x3ab	0x0001a484	1	?WIN-ERROR
0x3c0	0x0001a53c	0	SHELL-NAME$
0x3c1	0x0001a644	0	SHELL-BUF
0x3c3	0x0001a74c	0	?SHELL-PAUSE
0x3c7	0x0001a75c	1	$SHELL
0x3dd	0x0001a8b0	1	SHELL
0x3e1	0x0001a8b0	1	`
0x3e2	0x0001a8b0	1	SYS
0x3e4	0x0001a8dc	1	DOS
0x3e8	0x0001a908	1	COPYFILE
0x400	0x001b5c68	0	$.VIEWINFO
0x40c	0x001b5dac	0	.VIEWINFO
0x417	0x001b5e28	0	WHERE
0x41b	0x001b5e28	0	.V
0x41d	0x001b5e74	0	LOCATE
0x420	0x001b5e74	0	L
0x421	0x001b5e74	0	LL
0x423	0x001b5ecc	0	N
0x426	0x001b5f10	0	B
0x429	0x001b5f68	0	LINELIST
0x42c	0x001b5f9c	0	VIEW
0x42f	0x001b5f9c	0	V
0x432	0x001b5fe0	0	E
0x435	0x001b5fe0	0	ED
0x437	0x001b6028	0	EDIT
0x43e	0x001b6028	0	Z
0x440	0x001b60ac	0	BROWSE
0x44b	0x001b611c	0	ANEW
0x455	0x001b6170	0	#FLOAD
0x459	0x001b61b0	0	LINELOAD
0x463	0x0001aa7c	1	_EDIT-ERROR
0x466	0x0001aaa4	1	AUTOEDITON
0x46b	0x0001aac4	1	AUTOEDITOFF
0x472	0x001b6240	0	.FREE
0x47f	0x001b6240	0	.MEM
0x485	0x001b64d4	0	USED
0x491	0x0001aae4	1	?ERROR
0x49c	0x0000b6f8	1	CHECKSTACK
0x49e	0x0001ab10	1	NOSTACK
0x4a1	0x0001ab2c	1	STACK-EMPTY?
0x4a4	0x0001ab70	1	_STACK-CHECK
0x4c5	0x0001aca4	0	TIME-BUF
0x4cf	0x0001acb8	0	TIME-LEN
0x4d1	0x0001acc0	0	DATE$
0x4d2	0x0001ace4	0	TIME$
0x4d4	0x0001ad08	1	GET-LOCAL-TIME
0x4d7	0x0001ad4c	0	COMPILE-VERSION
0x4dd	0x0001ad60	1	TIME&DATE
0x4e6	0x0001adc0	1	.#"
0x4e9	0x0001ae24	1	>DATE"
0x4ef	0x0001aec4	1	.DATE
0x4f2	0x0001aef4	0	MONTHS
0x500	0x0001af78	0	DAYS
0x502	0x0001afa0	1	>MONTH,DAY,YEAR"
0x50e	0x0001b104	1	.MONTH,DAY,YEAR
0x511	0x0001b134	1	>TIME"
0x517	0x0001b1d8	1	.TIME
0x51a	0x0001b208	1	>AM/PM"
0x524	0x0001b2d4	1	.AM/PM
0x527	0x0001b304	1	.CVERSION
0x52c	0x0001b368	0	MS@
0x52e	0x0001b378	1	_MS@
0x538	0x0001b3ec	0	START-TIME
0x53a	0x0001b3fc	1	TIME-RESET
0x53d	0x0001b3fc	1	TIMER-RESET
0x53f	0x0001b420	1	.ELAPSED
0x549	0x0001b4fc	1	ELAPSE
0x550	0x0001b530	0	SEED1
0x551	0x0001b540	0	SEED2
0x552	0x0001b550	0	SEED3
0x554	0x0001b560	1	RANDOM
0x55b	0x0001b654	1	RANDOM-INIT
0x567	0x0001b6ac	1	_MS
0x574	0x0001b774	1	SECONDS
0x581	0x0001b830	1	PAUSE-SECONDS
0x592	0x00009c90	0	?KEYPAUSE
0x598	0x0001ba30	1	"FTYPE
0x5a6	0x0001bb84	1	FTYPE
0x5a9	0x0001bb84	1	FLIST
0x5af	0x0001bba8	1	_OF-RANGE
0x5b9	0x0001bbd8	0	HELP_FILE$
0x5bc	0x0001bce0	1	$HELP-FILE
0x5c0	0x0001bd18	1	.HELP
0x5c4	0x0001bdd0	1	HELP-FILE
0x5c7	0x0001bdd0	1	SET-HELP
0x5c9	0x0001bdec	1	$HELP
0x5d1	0x0001be44	1	#HELP
0x5d7	0x0001be80	1	HELP
0x5da	0x0001bea0	1	HELP-INDEX
0x5e1	0x0001bee0	1	HELP-ON-HELP
0x5ea	0x0001bf20	1	_HELP-RELEASE
0x5f7	0x0001bf68	1	MXY>CXY
0x5fa	0x0001bfac	1	CHAR@SCREEN
0x5fd	0x0001bfd8	1	WORD@MOUSE"
0x60d	0x0001c0e4	1	WORD@MOUSE>KEYBOARD
0x617	0x0001c144	1	LINE@MOUSE"
0x61e	0x0001c1a8	1	LINE@MOUSE>KEYBOARD
0x639	0x0001c20c	1	EXIT-DO-CHAIN
0x641	0x0001c248	1	UNLOAD_FORTH
0x64b	0x0001c264	1	_FOREGROUND-CONSOLE
0x650	0x0001c2b4	1	MAKE-CURSOR
0x65a	0x0001c370	0	APPSTARTING-CURSOR
0x65b	0x0001c37c	0	ARROW-CURSOR
0x65c	0x0001c388	0	CROSS-CURSOR
0x65d	0x0001c394	0	HELP-CURSOR
0x65e	0x0001c3a0	0	IBEAM-CURSOR
0x65f	0x0001c3ac	0	NOWAY-CURSOR
0x660	0x0001c3b8	0	SIZEALL-CURSOR
0x661	0x0001c3c4	0	SIZENESW-CURSOR
0x662	0x0001c3d0	0	SIZENS-CURSOR
0x663	0x0001c3dc	0	SIZENWSE-CURSOR
0x664	0x0001c3e8	0	SIZEWE-CURSOR
0x665	0x0001c3f4	0	UPARROW-CURSOR
0x666	0x0001c400	0	WAIT-CURSOR
0x66a	0x0001c40c	0	SPLITV-CURSOR
0x66b	0x0001c418	0	SPLITH-CURSOR
0x66c	0x0001c424	0	MAGNIFY-CURSOR
0x66d	0x0001c430	0	HAND-CURSOR
0x66e	0x0001c43c	0	HARROW-CURSOR
0x670	0x0001c448	1	MACRO
0x67b	0x0001c498	1	"WEB-LINK
0x69e	0x0001c7cc	1	WEB
0x9	0x0001c804	0	?EXCEPTIONING
0xb	0x0001c814	1	.EXCEPTION-CODE
0x2c	0x0001ccc0	1	CONTEXT-BUFFER
0x2f	0x0001ccd8	1	EX-RSTACK
0x48	0x0001ccf0	0	EDI
0x49	0x0001ccf8	0	ESI
0x4a	0x0001cd00	0	EBX
0x4b	0x0001cd08	0	EDX
0x4c	0x0001cd10	0	ECX
0x4d	0x0001cd18	0	EAX
0x4e	0x0001cd20	0	EBP
0x4f	0x0001cd28	0	EIP
0x50	0x0001cd30	0	SEGCS
0x51	0x0001cd38	0	EFLAGS
0x52	0x0001cd40	0	ESP
0x53	0x0001cd48	0	SEGSS
0x54	0x0001cd50	0	CONTEXT-LENGTH
0x58	0x0001cd58	1	CLEAR-EXCEPTION
0x5b	0x0001cd74	1	.EXCEPTION
0x33	0x001b71a0	0	STC_;CODE
0x5	0x001b71f8	0	_METHODS
0xc	0x001b7278	0	CMETHODS
0xf	0x001b72b0	0	METHODS
0x15	0x001b7308	0	IVARS
0x22	0x001b73e8	0	THECLASS
0x24	0x001b7410	0	.OBJ
0x2f	0x001b7494	0	OBJECTS
0x38	0x001b74dc	0	GETMETHOD
0x41	0x001b758c	0	MSEE
0x46	0x001b75ec	0	MDEBUG
0x50	0x001b76a0	0	MDBG
0xa	0x0001d240	1	RGB
0x10	0x0001d268	1	PALETTERGB
0x16	0x0001d290	1	PALETTEINDEX
0x19	0x0001d2ac	0	COLORS-LINK
0x1c	0x0001d2b4	1	.COLORS
0x2a	0x0001d328	1	?COLORCHECK
0x3d	0x0001d3d0	0	COLOROBJECT
0x46	0x0001d40c	1	TRIM-COLORS
0x4b	0x0001d430	1	INIT-COLORS
0x52	0x0001d494	0	ZEROCOLOR:
0x52	0x0001d49c	0	INITCOLOR:
0x56	0x0001d4ac	1	UNINIT-COLORS
0x5c	0x0001d4fc	0	UNINITCOLOR:
0x62	0x0001d50c	0	COLORREF
0x63	0x0001d51c	0	HBRUSH
0x64	0x0001d52c	0	HPEN
0x65	0x0001d53c	0	PENWIDTH
0x66	0x0001d54c	0	PENSTYLE
0x8d	0x0001d724	0	COLOR:
0x90	0x0001d748	0	PEN:
0x93	0x0001d76c	0	BRUSH:
0x96	0x0001d790	0	NEWCOLOR:
0x9d	0x0001d7d4	0	PENWIDTH:
0xa9	0x0001d828	0	EXTCOLOROBJECT
0xab	0x0001d864	0	STYLECOUNT
0xac	0x0001d874	0	LPSTYLE
0xae	0x0001d884	0	&LOGBRUSH
0xaf	0x0001d894	0	LBSTYLE
0xb0	0x0001d8a4	0	LBCOLOR
0xb1	0x0001d8b4	0	LBHATCH
0xdf	0x0001d9c8	1	NEW-COLOR
0xe9	0x0001da00	0	BLACK
0xea	0x0001da24	0	DKGRAY
0xeb	0x0001da48	0	RED
0xec	0x0001da6c	0	LTRED
0xed	0x0001da90	0	GREEN
0xee	0x0001dab4	0	LTGREEN
0xef	0x0001dad8	0	BLUE
0xf0	0x0001dafc	0	LTBLUE
0xf1	0x0001db20	0	YELLOW
0xf2	0x0001db44	0	LTYELLOW
0xf3	0x0001db68	0	MAGENTA
0xf4	0x0001db8c	0	LTMAGENTA
0xf5	0x0001dbb0	0	CYAN
0xf6	0x0001dbd4	0	LTCYAN
0xf7	0x0001dbf8	0	GRAY
0xf8	0x0001dc1c	0	WHITE
0xf9	0x0001dc40	0	LTGRAY
0xfb	0x0001dc64	1	FOREGROUND
0x101	0x0001dd48	1	BACKGROUND
0x10b	0x0001ddf4	0	HATCHCOLOROBJECT
0x5	0x0001deb4	0	FONT-LINK
0x8	0x0001debc	0	FONT
0xa	0x0001def8	0	HANDLE
0xc	0x0001df08	0	LOGFONT
0xd	0x0001df18	0	LFHEIGHT
0xe	0x0001df28	0	LFWIDTH
0xf	0x0001df38	0	LFESCAPEMENT
0x10	0x0001df48	0	LFORIENTATION
0x11	0x0001df58	0	LFWEIGHT
0x12	0x0001df68	0	LFITALIC
0x13	0x0001df78	0	LFUNDERLINE
0x14	0x0001df88	0	LFSTRIKEOUT
0x15	0x0001df98	0	LFCHARSET
0x16	0x0001dfa8	0	LFOUTPRECISION
0x17	0x0001dfb8	0	LFCLIPPRECISION
0x18	0x0001dfc8	0	LFQUALITY
0x19	0x0001dfd8	0	LFPITCHANDFAMILY
0x1a	0x0001dfe8	0	LFFACENAME
0x1d	0x0001dff8	1	TRIM-FONTS
0x39	0x0001e140	0	HEIGHT:
0x3a	0x0001e164	0	WIDTH:
0x3b	0x0001e188	0	ESCAPEMENT:
0x3c	0x0001e1ac	0	ORIENTATION:
0x3d	0x0001e1d0	0	WEIGHT:
0x3e	0x0001e1f4	0	ITALIC:
0x3f	0x0001e21c	0	UNDERLINE:
0x40	0x0001e244	0	STRIKEOUT:
0x41	0x0001e26c	0	CHARSET:
0x42	0x0001e294	0	OUTPRECISION:
0x43	0x0001e2bc	0	CLIPPRECISION:
0x44	0x0001e2e4	0	QUALITY:
0x45	0x0001e30c	0	PITCHANDFAMILY:
0x47	0x0001e334	0	SETFACENAME:
0x4c	0x0001e38c	0	GETFACENAME:
0x50	0x0001e3d0	0	DELETE:
0x57	0x0001e418	0	CREATE:
0x5c	0x0001e488	0	HANDLE:
0x65	0x0001e4ac	0	ZHANDLE:
0x69	0x0001e4d0	1	ZERO-FONTS
0x73	0x0001e528	1	DELETE-FONTS
0x37	0x0001e580	1	NEWSTRUCT
0x3a	0x0001e5a8	1	DELETESTRUCT
0x3d	0x0001e5c0	0	CHAR-WIDTH
0x3e	0x0001e5d0	0	CHAR-HEIGHT
0x40	0x0001e5e0	0	WINDC
0x43	0x0001e61c	0	HDC
0x44	0x0001e62c	0	TABBUF
0x45	0x0001e63c	0	TABCNT
0x46	0x0001e64c	0	TABWIDTH
0x47	0x0001e65c	0	CURRENTFONT
0x49	0x0001e66c	0	FILLRECT
0x4b	0x0001e688	0	DEFTABS
0x4d	0x0001e690	0	TABARRAY
0x4f	0x0001e6a0	0	DEFAULTTABS:
0x5f	0x0001e784	0	SETTABS:
0x64	0x0001e7ac	0	SETTABSIZE:
0x69	0x0001e7e0	0	GETTABSIZE:
0x6d	0x0001e804	0	GETHANDLE:
0x6f	0x0001e828	0	PUTHANDLE:
0x71	0x0001e84c	0	SELECTOBJECT:
0x75	0x0001e898	0	DELETEOBJECT:
0x79	0x0001e8c8	0	GETSTOCKOBJECT:
0x7d	0x0001e914	0	SELECTSTOCKOBJECT:
0x81	0x0001e954	0	GETTEXTMETRICS:
0x85	0x0001e9a8	0	GETTEXTEXTENT:
0x93	0x0001eaac	0	SETTEXTCOLOR:
0x97	0x0001eaec	0	SETBKCOLOR:
0x9b	0x0001eb2c	0	SETBKMODE:
0x9f	0x0001eb78	0	SAVEDC:
0xa4	0x0001ebc0	0	RESTOREDC:
0xa8	0x0001ec14	0	SETFONT:
0xad	0x0001ec48	0	GETFONT:
0xb1	0x0001ec6c	0	TEXTOUT:
0xb5	0x0001ecd4	0	DRAWTEXT:
0xb9	0x0001ed3c	0	TABBEDTEXTOUT:
0xbe	0x0001edcc	0	LINECOLOR:
0xc3	0x0001ee0c	0	PENCOLOR:
0xc7	0x0001ee4c	0	BRUSHCOLOR:
0xcc	0x0001eea8	0	MOVETO:
0xd1	0x0001ef14	0	LINETO:
0xda	0x0001ef68	0	POLYBEZIERTO:
0xdd	0x0001efc4	0	POLYBEZIER:
0xe3	0x0001f01c	0	POLYGON:
0xe6	0x0001f074	0	POLYDRAW:
0xea	0x0001f0f4	0	BEGINPATH:
0xed	0x0001f144	0	FILLPATH:
0xf0	0x0001f190	0	STROKEPATH:
0xf6	0x0001f20c	0	STROKEANDFILLPATH:
0xf9	0x0001f264	0	ENDPATH:
0xfc	0x0001f2b0	0	SETROP2:
0x100	0x0001f2f8	0	SETPIXEL:
0x105	0x0001f378	0	GETPIXEL:
0x10b	0x0001f3c8	0	BITBLT:
0x10f	0x0001f44c	0	STRETCHBLT:
0x11b	0x0001f4e8	0	FILLRECT:
0x122	0x0001f568	0	FILLAREA:
0x129	0x0001f5e0	0	ELLIPSE:
0x12d	0x0001f654	0	ARC:
0x131	0x0001f6e0	0	FILLCIRCLE:
0x135	0x0001f760	0	CIRCLE:
0x139	0x0001f7f8	0	CREATECOMPATIBLEBITMAP:
0x144	0x0001f858	0	FILEDIALOGS
0x146	0x0001f894	0	SZFILE
0x147	0x0001f8a4	0	SZDIR
0x148	0x0001f8b4	0	SZFILTER
0x149	0x0001f8c4	0	SZTITLE
0x156	0x0001f9c8	0	SETDIR:
0x15d	0x0001fa3c	0	GETDIR:
0x161	0x0001fa6c	0	SETTITLE:
0x16d	0x0001faa8	0	SETFILTER:
0x172	0x0001fae4	0	GETFILTER:
0x176	0x0001fb14	1	RUN-DIALOG
0x186	0x0001fbc0	0	FILENEWDIALOG
0x188	0x0001fbfc	0	START:
0x18e	0x0001fc24	0	FILEOPENDIALOG
0x196	0x0001fc80	0	EDITFORTH
0x199	0x00020094	1	EDIT-FORTH
0x1a0	0x000200fc	0	LOADFORTH
0x1a3	0x00020510	1	LOAD-FORTH
0x1ad	0x00020598	0	EDITLOG
0x1b0	0x000209ac	1	EDIT-LOG
0x1b7	0x00020a14	0	FILESAVEDIALOG
0x1bf	0x00020a70	0	SAVEFORTH
0x2	0x00020e84	0	PRG-CP
0x6	0x00020e94	0	ACP
0x7	0x00020ea4	1	GET-ACP
0xc	0x00000cf0	1	WCHARS
0xd	0x00020ee8	1	WCHAR+
0xf	0x00020efc	1	ASCIIZ-BW
0x17	0x00020f48	1	">W
0x22	0x00020fd0	1	">ZW
0x26	0x00021004	1	">UNI
0x2c	0x0002101c	1	UNI>"
0x3c	0x000210dc	1	W>"
0x4d	0x00021174	1	"CP>CP
0x1a	0x0002125c	0	WINDOWS-LINK
0x1d	0x00021264	0	WRECT
0x1f	0x0002127c	0	GENERIC-WINDOW
0x2a	0x000212b8	0	HWND
0x2c	0x000212c8	1	STATIC-WINDOW?
0x31	0x000212f0	1	TRIM-WINDOWS
0x47	0x0002139c	0	ZEROWINDOW:
0x4b	0x000213c0	0	DESTROYWINDOW:
0x52	0x00021428	0	CLOSE:
0x56	0x00021458	0	PAINT:
0x5c	0x000214c4	0	SHOW:
0x63	0x00021508	0	GDIFLUSH:
0x67	0x00021550	0	UPDATE:
0x6d	0x000215b0	0	SCROLL:
0x74	0x00021630	0	MOVE:
0x7c	0x000216ec	0	SETWINDOWPOS:
0x8a	0x00021780	0	GETWINDOWRECT:
0x94	0x0002187c	0	SETMENU:
0x9c	0x000218dc	0	SETTEXT-95:
0xa7	0x000219b4	0	SETTEXT:
0xb5	0x00021a98	0	SETTEXTALIGN:
0xc1	0x00021b6c	0	GETTEXT$
0xc3	0x00021b80	0	GETTEXT:
0xcc	0x00021c14	0	GETDC:
0xcd	0x00021c44	0	GETWINDOWDC:
0xce	0x00021c90	0	RELEASEDC:
0xd0	0x00021cc4	0	BEGINPAINT:
0xd1	0x00021d10	0	ENDPAINT:
0xd3	0x00021d5c	0	GETCLIENTRECT:
0xd5	0x00021db0	0	GETWINDOWLONG:
0xd6	0x00021dfc	0	SETWINDOWLONG:
0xd8	0x00021e48	0	GETSTYLE:
0xd9	0x00021e7c	0	SETSTYLE:
0xda	0x00021eb0	0	+STYLE:
0xdb	0x00021ef0	0	-STYLE:
0xdd	0x00021f34	0	SETFOCUS:
0xde	0x00021f7c	0	SETFOREGROUNDWINDOW:
0xdf	0x00021fb0	0	SETACTIVEWINDOW:
0xe1	0x00022000	0	MESSAGEBOX:
0xe6	0x00022054	0	INVALIDATERECT:
0xeb	0x0002208c	0	GETDLGITEM:
0xef	0x000220d8	0	GETDLGITEMTEXT:
0xf3	0x00022140	0	SETDLGITEMTEXT-95:
0xfe	0x000221fc	0	SETDLGITEMTEXT:
0x10b	0x000222bc	0	SETDLGITEMFOCUS:
0x110	0x000222f8	0	SELECTDLGITEMALL:
0x115	0x0002236c	0	ISDLGBUTTONCHECKED:
0x119	0x000223c0	0	CHECKDLGBUTTON:
0x11d	0x00022410	0	SETDLGITEMALIGN:
0x129	0x000224e0	0	SETALIGN:
0x12d	0x00022510	0	ENABLEDLGITEM:
0x132	0x00022568	0	SHOWDLGITEM:
0x13d	0x000225d0	0	CHECKRADIOBUTTON:
0x143	0x00022628	0	SENDDLGITEMMESSAGE:
0x147	0x00022658	0	SETDLGITEMFONT:
0x14c	0x00000cf0	1	WCHARS
0x14e	0x000226ac	0	SETDLGITEMTEXTW:
0x155	0x00022720	0	GETDLGITEMTEXTW:
0x15b	0x00022788	1	ZERO-WINDOWS
0x21	0x000227e0	0	MESSAGENAME
0x23	0x000227f4	1	WM_WIN32FOR-INIT
0x31	0x0002285c	1	_WIN32FORTH-MESSAGE
0x43	0x000228d4	0	WM_BEEPME
0x47	0x000228dc	1	BEEPME
0x4f	0x00022908	1	FORTH-MSG-BEEP
0x56	0x00022940	0	DEFAULTMENUBAR
0x5c	0x00022950	0	ERRCFA
0x5d	0x00022960	0	ERRSTRING
0x5f	0x00022a68	1	WNDPROCERROR
0x70	0x00022b44	0	WM_MOUSEWHEEL
0x72	0x00022b4c	1	SWORD-SPLIT
0x79	0x00022b68	1	S-HIWORD
0x7a	0x00022b80	1	S-LOWORD
0x7c	0x00022b98	1	HANDLEMOUSEWHEEL
0x8e	0x00022d14	0	WNDRECT
0x90	0x00022d2c	0	WINDOW
0x94	0x00022d68	0	CURRENTPOPUP
0x95	0x00022d78	0	CURRENTMENU
0x96	0x00022d88	0	WIDTH
0x97	0x00022d98	0	HEIGHT
0x98	0x00022da8	0	ORIGINX
0x99	0x00022db8	0	ORIGINY
0x9a	0x00022dc8	0	CURSOR-ON?
0x9b	0x00022dd8	0	HAVE-FOCUS?
0x9c	0x00022de8	0	CLICK-FUNC
0x9d	0x00022df8	0	UNCLICK-FUNC
0x9e	0x00022e08	0	DBL-CLICK-FUNC
0x9f	0x00022e18	0	TRACK-FUNC
0xa0	0x00022e28	0	TRACKING?
0xa1	0x00022e38	0	CLICKING?
0xa2	0x00022e48	0	WINDOWCLASSNAME
0xa3	0x00022e58	0	DC
0xa4	0x00022e74	0	&PS
0xa5	0x00022e84	0	HWNDWHEELMOUSE
0xbb	0x00022f60	1	SET-SIZE
0xc1	0x00022f80	0	ON_SIZE:
0xc4	0x00022fa0	0	GETSIZE:
0xd0	0x00022ffc	0	SETSIZE:
0xd5	0x00023024	0	WM_SIZE
0xda	0x0002305c	0	WM_MOVE
0xe5	0x00023108	0	MINSIZE:
0xe6	0x00023134	0	MAXSIZE:
0xe7	0x00023160	0	STARTSIZE:
0xe9	0x00023188	0	STARTPOS:
0xee	0x000231b0	0	SETORIGIN:
0xf3	0x00023210	0	WM_GETMINMAXINFO
0x10a	0x00023430	0	WINDOWHASMENU:
0x10a	0x00023438	0	WINDOWSTYLE:
0x11e	0x00023440	1	(WNDPROC)
0x13d	0x00023578	0	DEFWINDOWPROC:
0x140	0x00023580	0	THEWNDPROC
0x14c	0x00023594	0	WNDCLASS
0x14d	0x000235a4	0	STYLE
0x14e	0x000235b4	0	WNDPROC
0x14f	0x000235c4	0	CLSEXTRA
0x150	0x000235d4	0	WNDEXTRA
0x151	0x000235e4	0	HINSTANCE
0x152	0x000235f4	0	HICON
0x153	0x00023604	0	HCURSOR
0x154	0x00023614	0	HBRBACKGROUND
0x155	0x00023624	0	MENUNAME
0x156	0x00023634	0	CLASSNAME
0x159	0x00023644	1	DEFAULT-WINDOW-CLASS
0x165	0x00023738	0	DEFAULTCURSOR:
0x167	0x00023740	1	REGISTER-THE-CLASS
0x16a	0x00023788	1	REGISTER-FRAME-WINDOW
0x16e	0x000237a4	1	CREATE-FRAME-WINDOW
0x182	0x00023920	0	LOADMENU:
0x182	0x00023928	0	PARENTWINDOW:
0x182	0x00023930	0	WINDOWTITLE:
0x182	0x00023938	0	EXWINDOWSTYLE:
0x188	0x00023940	0	SETCLASSNAME:
0x18c	0x0002396c	0	GETCLASSNAME:
0x1a8	0x00023a48	0	SETTITLEW:
0x1af	0x00023aa4	0	SETTITLE-95:
0x1c7	0x00023bc8	1	GET-DC
0x1c9	0x00023bf8	1	RELEASE-DC
0x1ce	0x00023c28	1	SYSTEM-FIXED-FONT
0x1d1	0x00023c50	1	SMALL-FONT
0x1d9	0x00023c78	1	BEGIN-PAINT
0x1dd	0x00023cb4	1	END-PAINT
0x1e5	0x00023ce4	0	ON_PAINT:
0x1e9	0x00023d04	0	WM_PAINT
0x1fc	0x00023dc8	0	MENUHANDLE:
0x1ff	0x00023dd0	0	SETMENUBAR:
0x204	0x00023e18	0	SETPOPUPBAR:
0x213	0x00023ecc	0	ENABLE:
0x217	0x00023efc	0	ON_INIT:
0x221	0x00023f28	0	SETWHEELMOUSEWINDOW:
0x224	0x00023f50	0	WM_MOUSEWHEEL
0x22e	0x00023fc4	0	ON_DONE:
0x232	0x00024000	0	CLOSEMENU:
0x24e	0x00024008	0	WM_CLOSE
0x252	0x00024034	0	WM_CREATE
0x256	0x00024068	0	WM_DESTROY
0x263	0x000240a8	0	C-WIDTH
0x264	0x000240b8	0	C-HEIGHT
0x265	0x000240c8	0	C-X
0x266	0x000240d8	0	C-Y
0x268	0x000240e8	0	MOVECURSOR:
0x274	0x000241b8	0	MAKECURSOR:
0x281	0x0002429c	0	DESTROYCURSOR:
0x28a	0x00024324	0	SHOWCURSOR:
0x290	0x00024380	0	HIDECURSOR:
0x296	0x000243c4	0	ON_SETFOCUS:
0x29f	0x000243ec	0	WM_SETFOCUS
0x2a3	0x00024420	0	ON_KILLFOCUS:
0x2a9	0x00024448	0	WM_KILLFOCUS
0x2ad	0x0002447c	0	PUSHKEY:
0x2b1	0x000244a0	1	VGA-SKEY
0x2b9	0x0002452c	1	SHIFT-PUSHKEY
0x2bf	0x0002458c	0	WM_CHAR
0x2c8	0x000245bc	0	WM_SYSKEYDOWN
0x2d0	0x00024610	0	WM_KEYDOWN
0x2ec	0x000248d4	1	SET-MOUSEXY
0x2f2	0x00024934	1	NULL-CHECK
0x2fc	0x000249a0	0	ONWMCOMMAND:
0x305	0x00024a10	0	DOMENU:
0x307	0x00024a18	0	WM_COMMAND
0x30b	0x00024a4c	0	WM_RBUTTONDOWN
0x311	0x00024ac0	0	TRACK:
0x313	0x00024ac8	0	WM_LBUTTONDOWN
0x31b	0x00024b18	0	WM_LBUTTONDBLCLK
0x320	0x00024b50	0	WM_LBUTTONUP
0x329	0x00024ba4	0	WM_MOUSEMOVE
0x334	0x00024c0c	0	SETCLICKFUNC:
0x338	0x00024c30	0	SETDBLCLICKFUNC:
0x33c	0x00024c54	0	SETTRACKFUNC:
0x340	0x00024c78	0	SETUNCLICKFUNC:
0x349	0x00024c9c	0	WIN32FORTH:
0x357	0x00024d1c	1	FIND-WINDOW
0x35a	0x00024d64	1	SEND-WINDOW
0xb	0x00024da0	0	CHILD-WINDOW
0xd	0x00024ddc	0	PARENT
0xe	0x00024dec	0	ID
0x16	0x00024e54	0	GETPARENT:
0x19	0x00024e7c	0	SETID:
0x1a	0x00024ea4	0	GETID:
0x2a	0x00024ecc	1	REGISTER-CHILD-WINDOW
0x38	0x00024f94	1	CREATE-CHILD-WINDOW
0x5	0x000251c8	0	MSGWINDOW
0x7	0x00025204	0	COLS
0x8	0x00025214	0	ROWS
0x9	0x00025224	0	ONTOP?
0xa	0x00025234	0	MSGACTIVE
0xb	0x00025244	0	MSG-STRING
0xc	0x00025254	0	MSG-LENGTH
0x19	0x000252f4	0	ONTOP:
0x1d	0x0002531c	0	GETACTIVE:
0x42	0x0002548c	0	MESSAGETEXT:
0x67	0x00025678	0	REFRESH:
0x70	0x000256e4	0	MSG-WINDOW
0x74	0x00025994	1	_MESSAGE-OFF
0x7b	0x000259b4	1	MESSAGE-ON
0x81	0x00025a04	1	MESSAGE-ORIGIN
0x86	0x00025a24	1	_"MESSAGE
0x91	0x00025a88	1	_"TOP-MESSAGE
0x9e	0x00025aec	1	ZMESSAGE
0xae	0x00025b64	0	MSGFONT
0xaf	0x00025b80	0	EXTENTX
0xb0	0x00025b90	0	EXTENTY
0xb2	0x00025ba0	0	&INFORECT
0xb4	0x00025bb0	0	TIPCOLOR
0xb6	0x00025bcc	0	FWIDTH
0xb7	0x00025bd4	0	FHEIGHT
0xac	0x00026064	0	INFOWINDOW
0x7	0x00026398	1	CALLWINDOWPROC
0xf	0x000263fc	0	&BINFO
0x10	0x0002640c	0	&BUTTONRECT
0x12	0x00026420	0	&CURSORPOINT
0x14	0x0002642c	0	MAX-BINFO
0x16	0x00026434	1	BUTTONINFO"
0x1d	0x000264c0	0	INFO-FLAG
0x1e	0x000264d0	0	MOUSE-IS-DOWN?
0x20	0x000264e0	1	GET-MOUSE-XY
0x26	0x00026580	1	IN-BUTTON?
0x2f	0x00026600	0	CONTROL
0x3b	0x0002663c	0	THUNK
0x3c	0x0002664c	0	OLD-WNDPROC
0x3e	0x0002665c	0	PARENT
0x3f	0x0002666c	0	ID
0x40	0x0002667c	0	TITLE
0x41	0x0002668c	0	HANDLEOFPARENT
0x42	0x0002669c	0	HORIZONTAL
0x43	0x000266ac	0	VERTICAL
0x44	0x000266bc	0	TIMERING?
0x45	0x000266cc	0	TIMERCLOSED?
0x46	0x000266dc	0	AUTO-CLOSE?
0x47	0x000266ec	0	BINFO
0x49	0x000266fc	0	UNIQUE-ID#
0x4b	0x0002670c	1	UNIQUE-ID
0x51	0x0002672c	1	_SUBCLASS-WNDPROC
0x64	0x000267d8	1	SUBCLASS
0x7e	0x00026908	0	GETHANDLEOFPARENT:
0x97	0x000269dc	0	CREATESTRUCT:
0x9b	0x00026a00	1	CREATE-CONTROL
0xad	0x00026ac4	0	INFO_START_TIMER
0xae	0x00026acc	0	INFO_END_TIMER
0xaf	0x00026ad4	0	INFO_CLOSE_TIMER
0xb1	0x00026adc	1	CLEAR-INFO
0xb9	0x00026b70	0	BINFO:
0xbd	0x00026b98	0	SETAUTOCLOSE:
0xc1	0x00026bbc	0	GETAUTOCLOSE:
0xc5	0x00026be0	0	WM_TIMER
0xea	0x00026e30	0	AMFORGROUND?:
0xee	0x00026e54	0	ON_MOUSEMOVE:
0x10	0x00026fcc	0	EDITCONTROL
0x14	0x00027008	0	PWMCHAR
0x15	0x00027018	0	PWMKEYDOWN
0x16	0x00027028	0	PWMKILLFOCUS
0x18	0x00027038	0	CLIENTRECT
0x34	0x00027114	0	SETWMCHAR:
0x38	0x0002713c	0	SETWMKEYDOWN:
0x3c	0x00027164	0	SETWMKILLFOCUS:
0x40	0x0002718c	0	SUBCLASS:
0x70	0x000272c0	0	WM_SETCURSOR
0x7e	0x000273dc	0	COMBOCONTROL
0x80	0x00027418	0	COMBOEDIT
0x9f	0x00027504	0	INSERTSTRING:
0xb5	0x0002762c	0	GETSTRING:
0xbd	0x000276a0	0	GETCOUNT:
0xd1	0x000277b4	0	COMBOLISTCONTROL
0xda	0x00027818	0	LISTCONTROL
0xea	0x000278c0	0	GROUPCONTROL
0xf7	0x00027954	0	STATICCONTROL
0xff	0x000279c0	0	CHECKCONTROL
0x10e	0x00027a58	0	RADIOCONTROL
0x11d	0x00027af0	0	BUTTONCONTROL
0x11f	0x00027b2c	0	BUTTONFUNC
0x126	0x00027b6c	0	SETFUNC:
0x142	0x00027c38	0	DIALOG-LINK
0x145	0x00027c40	0	DIALOGWINDOW
0x147	0x00027c7c	1	TRIM-DIALOGS
0x152	0x00027ce0	1	DODIALOGMSG
0x5	0x00027dd8	0	DEFBWIDTH
0x6	0x00027de8	0	DEFBHEIGHT
0xa	0x00027df8	0	BUTTON
0xc	0x00027e34	0	BPREV
0xd	0x00027e44	0	BFUNC
0xe	0x00027e54	0	BHEIGHT
0xf	0x00027e64	0	BWIDTH
0x18	0x00027ed8	0	SETPREV:
0x19	0x00027f00	0	GETPREV:
0x1b	0x00027f28	0	GETBWIDTH:
0x1f	0x00027f50	0	SETBWIDTH:
0x23	0x00027f78	0	GETBHEIGHT:
0x27	0x00027fa0	0	SETBHEIGHT:
0x39	0x00028084	0	REMOVEFOCUS:
0x3d	0x000280a8	0	DOBUTTON:
0x44	0x000280f4	0	ON_LBUTTONUP:
0x56	0x00028178	0	BUILDBAR
0x5c	0x00028188	0	GENERIC-BUTTONBAR
0x60	0x000281c4	0	HBB
0x61	0x000281d4	0	HB
0x62	0x000281e4	0	BID
0x63	0x000281f4	0	BCNT
0x65	0x00028204	0	FLOATBAR
0x74	0x0002828c	0	GETBAR:
0x75	0x000282b4	0	PUTBAR:
0x77	0x000282dc	0	GETBCNT:
0x78	0x00028304	0	PUTBCNT:
0x7a	0x0002832c	0	NEXTBID:
0x7d	0x0002835c	0	SETBUTTONWIDTH:
0x7e	0x00028380	0	SETBUTTONHEIGHT:
0x80	0x000283a4	0	ON_BUTTON:
0xc7	0x000286a4	0	VBUTTONBAR
0xca	0x000286e0	0	BVOFFSET
0xe1	0x00028814	1	BUTTON+V
0xf5	0x000288f4	0	BHBUTTONBAR
0xf8	0x00028930	0	BHOFFSET
0x10e	0x00028a54	1	BUTTON+H
0x120	0x00028b34	0	HBUTTONBAR
0x123	0x00028b70	0	BHOFFSET
0x138	0x00028c78	1	BUTTON+H
0x155	0x00028d58	0	LRBUTTONBAR
0x16a	0x00028ec0	0	GETORIGIN:
0x185	0x00028fcc	0	ADDBUTTON
0x1a0	0x00029168	0	1/1
0x1a1	0x00029170	0	1/4
0x1a2	0x00029178	0	2/4
0x1a3	0x00029180	0	3/4
0x1a4	0x00029188	0	4/4
0x1a5	0x00029190	0	1/2
0x1a6	0x00029198	0	2/2
0x1a8	0x000291a0	0	ADDXYBUTTON
0x1aa	0x000291dc	0	BX
0x1ab	0x000291ec	0	BY
0x1de	0x00029554	0	HSPACE
0x1ff	0x000296e8	0	BMPHEADER
0x206	0x000296fc	0	SIZEOF(BMPHEADER)
0x208	0x00029704	0	BMPINFOHEADER
0x217	0x00029730	0	SIZEOF(BMPINFOHEADER)
0x219	0x00029738	0	BMPRECT
0x21f	0x0002974c	0	SIZEOF(RGBQUAD)
0x221	0x00029754	0	SIZEOF(BMPBITMAP)
0x222	0x0002975c	0	BMPBITMAP
0x226	0x00029778	0	DEFTOOLHEIGHT
0x227	0x00029788	0	DEFTOOLWIDTH
0x228	0x00029798	0	DEFTOOLSPACING
0x22e	0x000297a8	0	TOOLBAR
0x230	0x000297e4	0	BHOFFSET
0x231	0x000297f4	0	BVOFFSET
0x232	0x00029804	0	TOOLWIDTH
0x233	0x00029814	0	TOOLHEIGHT
0x234	0x00029824	0	TOOL-SPACING
0x235	0x00029834	0	BAR-NAME
0x236	0x00029844	0	STARTED?
0x237	0x00029854	0	BMP-ADR
0x238	0x00029864	0	BMP-LEN
0x239	0x00029874	0	BMP-OFF
0x23a	0x00029884	0	PICTURE-BITMAP
0x23b	0x00029894	0	PREV-BITMAP
0x23d	0x000298a4	0	PICTURE-DC
0x23e	0x000298c0	0	TEMPRECT
0x240	0x000298dc	0	BORDER-WIDTH
0x241	0x000298e4	0	VERTICAL-OFFSET
0x242	0x000298ec	0	HORIZONTAL-OFFSET
0x25b	0x00029a64	1	READ-BMP
0x261	0x00029ad8	0	GETWINDC:
0x28e	0x00029cf4	1	BUTTON+H
0x308	0x0002a548	0	PICTUREBUTTON
0x30a	0x0002a584	0	PICTURE-NUMBER
0x323	0x0002a73c	0	&PS
0x34e	0x0002a8f4	0	EDITFIELD
0x350	0x0002a930	0	BPREV
0x351	0x0002a940	0	EDITWIDTH
0x352	0x0002a950	0	EDITHEIGHT
0x38b	0x0002ab8c	0	COMBOFIELD
0x38d	0x0002abc8	0	BPREV
0x38e	0x0002abd8	0	BHEIGHT
0x38f	0x0002abe8	0	COMBOWIDTH
0x390	0x0002abf8	0	COMBOHEIGHT
0x3a2	0x0002aca4	0	SETHEIGHT:
0x16	0x0002ae68	1	DIALOGID?
0x1c	0x0002aeac	1	?DLGERR
0x1f	0x0002aee4	1	FIND-DIALOG-ID
0x30	0x0002af90	1	READ-DIALOG
0x3c	0x0002b028	0	LD-BUF
0x3e	0x0002b078	1	LOAD-DIALOG
0x50	0x0002b194	0	DIALOG
0x52	0x0002b1d0	1	(DIALOGPROC)
0x71	0x0002b294	0	DIALOGPROC
0x77	0x0002b2a8	1	RUN-DIALOG
0x93	0x0002b470	0	GETTEMPLATE:
0x95	0x0002b478	0	ENDDIALOG:
0x99	0x0002b4c4	1	END-DIALOG
0x9f	0x0002b4e8	0	WM_INITDIALOG
0xa8	0x0002b57c	0	ON_COMMAND:
0xbb	0x0002b5e4	0	MODELESS-LINK
0xbe	0x0002b5ec	0	MODELESSDIALOG
0xc0	0x0002b628	0	HTEMPLATE
0xc2	0x0002b638	1	TRIM-MODELESS
0xda	0x0002b718	0	ORIGIN:
0xe2	0x0002b77c	1	RUN-MODELESS-DIALOG
0x115	0x0002ba84	1	DOMODELESSMSG
0x26	0x0002bb5c	0	\N->CRLFW
0x28	0x0002bb6c	1	,"W
0x32	0x0002bc24	1	(("W))
0x3e	0x0002bc48	1	(C"W)
0x42	0x0002bc60	1	(S"W)
0x64	0x0002bc80	1	"PARSE-TEXT"
0x7d	0x0002bdf8	1	ANSI>WIDECHAR
0x96	0x001bbd84	0	BEGIN-RESSOURCE
0x9d	0x001bbde4	0	END-RESSOURCE
0xa6	0x001bbe48	0	STYLEFLAGS
0xa8	0x001bbe74	0	POINTSIZE
0xa9	0x001bbea0	0	FONTNAME
0xaa	0x001bbfc0	0	CAPTION
0xac	0x001bc0e8	0	DIALOG-CAPTION
0xb4	0x001bc164	0	DIALOG-FONT
0xbe	0x001bc1fc	0	BEGIN-DIALOG
0xdf	0x001bc4c0	0	END-DIALOG
0xea	0x0002be68	0	CLASS_BUTTON
0xeb	0x0002be70	0	CLASS_EDIT
0xec	0x0002be78	0	CLASS_STATIC
0xed	0x0002be80	0	CLASS_LISTBOX
0xee	0x0002be88	0	CLASS_SCROLLBAR
0xef	0x0002be90	0	CLASS_COMBOBOX
0xf6	0x001bc5ec	0	GENERIC_CONTROL
0x113	0x001bc74c	0	ACONTROL
0x133	0x001bc87c	0	DEFPUSHBUTTON
0x144	0x001bc91c	0	EDITTEXT
0x155	0x001bc9c0	0	MLETEXT
0x164	0x001bca70	0	CHECKBOX
0x173	0x001bcb14	0	AUTOCHECKBOX
0x182	0x001bcbb4	0	RADIOBUTTON
0x193	0x001bcc68	0	GROUPBOX
0x1a1	0x001bccf8	0	LISTBOX
0x1b2	0x001bcd8c	0	COMBOBOX
0x1d1	0x001bcec0	0	LTEXT
0x1e0	0x001bcf5c	0	RTEXT
0x1ef	0x001bcff8	0	ICON
0x7	0x0002be98	0	FORTHDLG
0x1	0x0002ceec	0	IDD_FONTDLG
0x2	0x0002cef4	0	IDD_FONT
0x3	0x0002cefc	0	IDD_CHECK
0x4	0x0002cf04	0	IDD_TEXT
0x5	0x0002cf0c	0	IDD_ABOUT_FORTH
0x6	0x0002cf14	0	IDD_ABOUT_TEXT
0x7	0x0002cf1c	0	IDD_ABOUT_TEXT2
0x8	0x0002cf24	0	IDD_SAVE_MEMORY
0x9	0x0002cf2c	0	IDD_AVAIL
0xa	0x0002cf34	0	IDD_AVAIL_MEMORY
0xb	0x0002cf3c	0	IDD_PAGEUP
0xc	0x0002cf44	0	IDD_2UP
0xd	0x0002cf4c	0	IDD_4UP
0xe	0x0002cf54	0	IDD_TITLE_TEXT
0xf	0x0002cf5c	0	IDD_EDIT_TEXT
0x10	0x0002cf64	0	IDD_PROMPT_TEXT
0x11	0x0002cf6c	0	IDD_EDIT_DIALOG
0x12	0x0002cf74	0	IDB_OPTION
0x13	0x0002cf7c	0	IDD_REPLACE_DIALOG
0x14	0x0002cf84	0	IDD-PROMPT_TEXT2
0x15	0x0002cf8c	0	IDD_EDIT_TEXT2
0x16	0x0002cf94	0	IDD_EDIT2_DIALOG
0x17	0x0002cf9c	0	IDD-PROMPT2_TEXT
0x18	0x0002cfa4	0	IDD_EDIT2_TEXT
0x19	0x0002cfac	0	IDOK2
0x1a	0x0002cfb4	0	IDD_PROMPT2_TEXT
0x1b	0x0002cfbc	0	IDOK3
0x1c	0x0002cfc4	0	IDD_AVAIL_APPMEMORY
0x1d	0x0002cfcc	0	IDD_AVAIL_SYSMEMORY
0x1e	0x0002cfd4	0	IDD_START_ADDRESS
0xf	0x0002d018	0	FONTNAME
0x11	0x0002d028	0	TEMPLATE
0xd	0x0002d26c	0	FONT-DIALOG
0x38	0x0002d300	0	BUILTBY
0x3d	0x001bd504	0	.VERSION
0x42	0x001bd5d4	0	NEXT-VERSION
0x60	0x0002d318	0	&ABOUT-VERSION
0x62	0x0002d328	0	ABOUT-MSG
0x6c	0x0002d38c	0	ABOUT-LEN
0x6e	0x0002d394	0	ABOUT-MSG2
0x76	0x0002d488	0	ABOUT-LEN2
0x7a	0x0002d4cc	0	TEMPLATE
0x7c	0x0002d4d4	1	INIT_VERSION
0x78	0x0002d6e8	0	ABOUT-FORTH-DIALOG
0x9a	0x0002d6fc	1	ABOUT-WIN32FORTH
0xa1	0x0002d75c	0	TEMPLATE
0xa3	0x0002d764	0	SYSMEM
0xa4	0x0002d774	0	APPMEM
0xa5	0x0002d784	0	ORIGIN
0xb4	0x0002d8a0	0	GETAPPMEM:
0xb8	0x0002d8c4	0	SETAPPMEM:
0xbc	0x0002d8e8	0	GETSYSMEM:
0xc0	0x0002d90c	0	SETSYSMEM:
0x9f	0x0002db3c	0	SAVE-MEMORY-DIALOG
0xe5	0x0002db5c	1	SAVE-FORTH
0xfb	0x0002dc5c	0	NEWEDITDIALOG
0xfd	0x0002dc98	0	TEMPLATE
0xff	0x0002dca0	0	SZTEXT
0x100	0x0002dcb0	0	SZTITLE
0x101	0x0002dcc0	0	SZPROMPT
0x102	0x0002dcd0	0	SZDOIT
0x103	0x0002dce0	0	SZCANCEL
0x104	0x0002dcf0	0	SZOPTION
0x105	0x0002dd00	0	OPTIONSTATE
0x13e	0x0002e000	0	FINDTEXTDLG
0x140	0x0002e06c	0	FIND-BUF
0x143	0x0002e174	1	FIND-TEXT-EDIT
0xd	0x001bdb80	0	DEFAULT-16BIT?
0xf	0x001bdbb0	0	DEFAULT-16BIT
0x12	0x001bdbec	0	DEFAULT-32BIT
0x15	0x001bdc24	0	SHOW-NAME
0x17	0x001bdc50	0	BASE-ADDR
0x19	0x001bdc80	0	DISASSEMBLER
0x22	0x001bdd34	0	S-BUF
0x24	0x001bde50	0	>S
0x27	0x001bde80	0	0>S
0x2a	0x001bdeb4	0	SSPACES
0x2d	0x001bdef8	0	SSPACE
0x30	0x001bdf2c	0	EMIT>S
0x33	0x001bdf5c	0	S>
0x36	0x001bdf94	0	(.S")
0x3c	0x001be01c	0	D.R>S
0x3f	0x001be06c	0	.R>S
0x42	0x001be0b0	0	U.R>S
0x45	0x001be0ec	0	H.>S
0x48	0x001be154	0	H.R>S
0x4d	0x001be1e4	0	.ID>S
0x50	0x001be21c	0	.NAME>S
0x56	0x001be2a8	0	?.NAME>S
0x5f	0x001be304	0	COMMENT-COL
0x61	0x001be324	0	SIZE
0x62	0x001be350	0	16-BIT-DATA
0x63	0x001be37c	0	16-BIT-ADDR
0x64	0x001be3a8	0	PREFIX-OP
0x65	0x001be3d0	0	MMX-REG
0x67	0x001be3f4	0	@+
0x68	0x001be428	0	W@+
0x6a	0x001be460	0	SEXT
0x6b	0x001be4a0	0	MOD/SIB
0x70	0x001be4e0	0	???
0x73	0x001be514	0	SS.
0x75	0x001be56c	0	TTTN
0x77	0x001be5cc	0	SREG
0x78	0x001be620	0	CREG
0x79	0x001be67c	0	DREG
0x7a	0x001be6d8	0	TREG
0x7b	0x001be734	0	MREG
0x7d	0x001be78c	0	REG8
0x7e	0x001be7dc	0	REG16
0x7f	0x001be82c	0	REG32
0x80	0x001be888	0	REG16/32
0x85	0x001be8cc	0	REG
0x8e	0x001be934	0	[BASE16]
0x90	0x001be984	0	[IND16]
0x92	0x001be9e0	0	[REG16]
0x96	0x001bea28	0	[REG32]
0xa7	0x001bea90	0	[REG*2]
0xa8	0x001beb08	0	[REG*4]
0xa9	0x001beb80	0	[REG*8]
0xaa	0x001bebf8	0	[INDEX]
0xb4	0x001bec9c	0	DISP8
0xb5	0x001becd4	0	DISP16
0xb6	0x001bed10	0	DISP32
0xb7	0x001bed50	0	DISP16/32
0xbd	0x001bed94	0	.,
0xbf	0x001bedc4	0	.#
0xc1	0x001bedfc	0	IMM8
0xc5	0x001bee3c	0	IMM16/32
0xcb	0x001bee8c	0	SIB
0xe8	0x001bef5c	0	MOD-R/M32
0xf9	0x001bf04c	0	MOD-R/M16
0x104	0x001bf134	0	MOD-R/M
0x125	0x001bf184	0	R/M8
0x126	0x001bf1c0	0	R/M16/32
0x127	0x001bf1f8	0	R/M16
0x129	0x001bf230	0	R,R/M
0x12c	0x001bf274	0	R/M,R
0x12f	0x001bf2c4	0	R/M
0x134	0x001bf304	0	INH
0x13a	0x001bf390	0	CLC
0x13b	0x001bf3ac	0	STC
0x13c	0x001bf3c8	0	CLD
0x13d	0x001bf3e4	0	STD
0x140	0x001bf400	0	CBW
0x141	0x001bf41c	0	CDQ
0x142	0x001bf438	0	DAA
0x143	0x001bf454	0	DAS
0x144	0x001bf470	0	AAA
0x145	0x001bf48c	0	AAS
0x147	0x001bf4a8	0	INB
0x148	0x001bf4c8	0	OSB
0x149	0x001bf4e8	0	SAH
0x14a	0x001bf508	0	LAH
0x14d	0x001bf528	0	HLT
0x14e	0x001bf544	0	CMC
0x14f	0x001bf560	0	XLT
0x150	0x001bf580	0	CLI
0x151	0x001bf59c	0	STI
0x153	0x001bf5b8	0	CLT
0x154	0x001bf5d8	0	INV
0x155	0x001bf5f8	0	WIV
0x156	0x001bf618	0	UD2
0x157	0x001bf634	0	WMR
0x158	0x001bf654	0	RTC
0x159	0x001bf674	0	RMR
0x15a	0x001bf694	0	RPC
0x15b	0x001bf6b4	0	EMS
0x15c	0x001bf6d4	0	RSM
0x15d	0x001bf6f0	0	CPU
0x15e	0x001bf710	0	UD1
0x16b	0x001bf72c	0	AAM
0x16e	0x001bf768	0	AAD
0x171	0x001bf7a4	0	D16
0x177	0x001bf7ec	0	A16
0x17d	0x001bf834	0	RPZ
0x182	0x001bf870	0	REP
0x187	0x001bf8ac	0	LOK
0x18c	0x001bf8e8	0	CS:
0x191	0x001bf924	0	DS:
0x196	0x001bf960	0	SS:
0x19b	0x001bf99c	0	ES:
0x1a0	0x001bf9d8	0	GS:
0x1a5	0x001bfa14	0	FS:
0x1aa	0x001bfa50	0	ISD
0x1b0	0x001bfaac	0	OSD
0x1b6	0x001bfb0c	0	INP
0x1c0	0x001bfba0	0	OTP
0x1ca	0x001bfc44	0	IND
0x1d4	0x001bfcd0	0	OTD
0x1e0	0x001bfd60	0	.ALU
0x1e3	0x001bfdbc	0	ALU
0x1e6	0x001bfdf0	0	ALI
0x1fc	0x001bff30	0	ALA
0x203	0x001bff90	0	TXB
0x20b	0x001c0018	0	TST
0x218	0x001c00a8	0	INC
0x21b	0x001c00e4	0	DEC
0x221	0x001c0120	0	PSH
0x224	0x001c015c	0	POP
0x227	0x001c0198	0	PSS
0x22a	0x001c01d4	0	PPS
0x22d	0x001c0210	0	PSA
0x233	0x001c026c	0	PPA
0x239	0x001c02c8	0	PSI
0x23f	0x001c031c	0	PSF
0x245	0x001c0378	0	PPF
0x24b	0x001c03d4	0	8F.
0x250	0x001c0418	0	MOV
0x253	0x001c0454	0	MRI
0x259	0x001c04b0	0	MVI
0x261	0x001c0514	0	MRS
0x26b	0x001c0588	0	MSR
0x274	0x001c05fc	0	MRC
0x279	0x001c0654	0	MCR
0x27e	0x001c06ac	0	MRD
0x283	0x001c0704	0	MDR
0x288	0x001c075c	0	MRT
0x28e	0x001c07b4	0	MTR
0x294	0x001c080c	0	MV1
0x29e	0x001c0898	0	MV2
0x2a9	0x001c0920	0	LEA
0x2ac	0x001c0968	0	LXS
0x2b4	0x001c09c4	0	BND
0x2b7	0x001c0a0c	0	ARP
0x2be	0x001c0a5c	0	MLI
0x2c7	0x001c0ac4	0	REL8
0x2ca	0x001c0b0c	0	REL16/32
0x2d0	0x001c0b70	0	JSR
0x2d3	0x001c0bac	0	JMP
0x2d6	0x001c0c04	0	.JXX
0x2d9	0x001c0c44	0	BRA
0x2dc	0x001c0c74	0	LUP
0x2df	0x001c0cd8	0	LBR
0x2e2	0x001c0d08	0	RTN
0x2e7	0x001c0d58	0	RTF
0x2ec	0x001c0da8	0	ENT
0x2ef	0x001c0dfc	0	CIS
0x2fa	0x001c0e98	0	NT3
0x2fe	0x001c0ed0	0	INT
0x302	0x001c0f14	0	LEV
0x303	0x001c0f34	0	IRT
0x304	0x001c0f54	0	NTO
0x308	0x001c0f74	0	STR
0x30a	0x001c0fe4	0	MVS
0x30b	0x001c1004	0	CPS
0x30c	0x001c1024	0	STS
0x30d	0x001c1044	0	LDS
0x30e	0x001c1064	0	SCS
0x312	0x001c1084	0	XGA
0x31b	0x001c10c8	0	.SHIFT
0x31e	0x001c1124	0	SHF
0x32b	0x001c11d4	0	WF1
0x337	0x001c12a0	0	WF2
0x33e	0x001c1338	0	WF3
0x345	0x001c13d8	0	WF4
0x34b	0x001c1448	0	FWAITOPS
0x353	0x001c14dc	0	W8F
0x359	0x001c153c	0	FALU1
0x35e	0x001c15b0	0	FALU5
0x363	0x001c1624	0	STI.
0x36a	0x001c166c	0	FD8
0x374	0x001c16f8	0	FDC
0x37b	0x001c1774	0	FNULLARY-F
0x384	0x001c1848	0	FNULLARY-E
0x38d	0x001c191c	0	FNULLARY
0x3a0	0x001c1998	0	FD9
0x3b9	0x001c1b50	0	FALU3
0x3be	0x001c1bcc	0	FCMOVA
0x3c3	0x001c1c44	0	FDA
0x3cc	0x001c1cd4	0	FALU7
0x3d1	0x001c1d48	0	FDE
0x3da	0x001c1dd4	0	FCMOVB
0x3df	0x001c1e54	0	FDB
0x3f1	0x001c1fc4	0	FALU6
0x3f6	0x001c2038	0	FDD
0x405	0x001c2180	0	FDF
0x41c	0x001c236c	0	GP6
0x421	0x001c23e8	0	GP7
0x429	0x001c2490	0	BTX.
0x42d	0x001c24e4	0	GP8
0x431	0x001c2524	0	LAR
0x434	0x001c2560	0	LSL
0x437	0x001c259c	0	LSS
0x43a	0x001c25d8	0	LFS
0x43d	0x001c2614	0	LGS
0x440	0x001c2650	0	BTX
0x443	0x001c2680	0	SLI
0x446	0x001c26c4	0	SRI
0x449	0x001c2708	0	SLC
0x44c	0x001c2754	0	SRC
0x44f	0x001c27a0	0	IML
0x452	0x001c27dc	0	CXC
0x455	0x001c2824	0	MVX
0x468	0x001c2928	0	XAD
0x46b	0x001c2970	0	BSF
0x46e	0x001c29ac	0	BSR
0x471	0x001c29e8	0	CX8
0x474	0x001c2a30	0	BSP
0x4d4	0x001c2a6c	0	F6.
0x4e1	0x001c2b28	0	FE.
0x4ee	0x001c2be8	0	FF.
0x51b	0x001c2d98	0	SET
0x520	0x001c2de4	0	CMV
0x527	0x001c2e3c	0	MMX-SIZE
0x52a	0x001c2e7c	0	UPL
0x52d	0x001c2ed8	0	UPH
0x530	0x001c2f34	0	CGT
0x533	0x001c2f70	0	CEQ
0x536	0x001c2fb0	0	PSH.
0x53e	0x001c3038	0	GPA
0x541	0x001c3094	0	PUW
0x544	0x001c30d0	0	PSB
0x547	0x001c310c	0	PSW
0x54a	0x001c3148	0	MPD
0x551	0x001c31bc	0	MDP
0x558	0x001c3238	0	MPQ
0x55b	0x001c3274	0	MQP
0x55e	0x001c32b0	0	SHX
0x561	0x001c32f0	0	MLL
0x564	0x001c332c	0	MLH
0x567	0x001c3368	0	MAD
0x56a	0x001c33a4	0	SUS
0x56d	0x001c33e0	0	SBS
0x570	0x001c3424	0	SUB
0x573	0x001c346c	0	AUS
0x576	0x001c34a8	0	ADS
0x579	0x001c34ec	0	ADD
0x57c	0x001c3534	0	PAD
0x57f	0x001c3570	0	POR
0x582	0x001c35ac	0	PAN
0x585	0x001c35e8	0	PXR
0x58a	0x001c3624	0	OPS
0x58c	0x001c368c	0	OP-TABLE2
0x5a6	0x001c3aa4	0	0F.
0x5ac	0x001c3b14	0	OP-TABLE
0x5c6	0x001c3f30	0	DIS-OP
0x5d5	0x001c3fe0	0	NEXT-INST
0x5d7	0x001c4008	0	INST
0x5e5	0x001c4148	0	DIS-DB
0x5e6	0x001c4198	0	DIS-DW
0x5e7	0x001c41e4	0	DIS-DD
0x5e8	0x001c4230	0	DIS-DS
0x5ea	0x001c42a0	0	DIS
0x5fc	0x001c439c	0	'"'>S
0x5fe	0x001c43e0	0	=CALL-XT?
0x60a	0x001c44d4	0	.INLINE-STRING
0x612	0x001c45c4	0	NEXT-INLINE-STRING?
0x613	0x001c4600	0	CHECK-NEXT-INLINE-STRING
0x61f	0x001c46c4	0	?.INLINE-STRING
0x629	0x001c470c	0	NEXT?
0x62f	0x001c4790	0	SHOW-NEXT?
0x634	0x001c47c0	0	STC-NEST-CODES
0x638	0x001c47e4	0	REST
0x65e	0x001c4950	0	SHOW-NEXT-ON
0x661	0x001c498c	0	SHOW-NEXT-OFF
0x664	0x001c49c0	0	REST
0x666	0x001c49f0	0	SEEMORE
0x4d	0x0002e1a8	0	B/FLOAT
0x7	0x0002e1b0	0	LOGFILE
0x9	0x0002e1ec	0	LOGFILENAME
0xa	0x0002e1fc	0	LOGFILEDEFAULT
0xb	0x0002e20c	0	LOGHNDL
0xc	0x0002e21c	0	PLAYHNDL
0xd	0x0002e22c	0	LOGOUT
0xe	0x0002e23c	0	LOGTABSIZE
0xf	0x0002e24c	0	LOG#
0x11	0x0002e25c	0	LOGFILEBUF
0x1e	0x0002e2dc	0	GETLOGNAME:
0x22	0x0002e308	0	SETLOGTAB:
0x26	0x0002e32c	0	CLOSELOG:
0x2c	0x0002e36c	0	"LOG:
0x36	0x0002e3ec	0	LOGSPACES:
0x3a	0x0002e434	0	LOGTAB:
0x3f	0x0002e48c	0	&KEY
0x41	0x0002e494	0	LOGEMIT:
0x4b	0x0002e528	0	LOGCR:
0x54	0x0002e5b0	0	OPENLOG:
0x74	0x0002e7d8	0	"NEWLOG:
0x81	0x0002e894	0	NEWLOG:
0x8a	0x0002e954	0	PLAYCLOSE:
0x91	0x0002e994	0	PLAYLOG:
0xa1	0x0002ea74	0	KEYBUF
0xa3	0x0002ea84	1	GET1LINE
0xaf	0x0002eb84	1	GET1HEXLINE
0xb5	0x0002ebd0	1	CHARTOKEY
0xbd	0x0002ec64	0	PLAYKEY:
0xc4	0x0002eca4	0	PLAYING:
0xca	0x0002ecd0	0	KEY-LOG-FILE
0xcc	0x0002ee84	0	LOG-MORE
0xcf	0x0002ee94	0	LOGGING?
0xd1	0x0002eea4	0	IGNORED-KEYS
0xd3	0x0002eeb4	0	VIEW-IGNORED-KEYS
0xd9	0x0002eec0	1	F"LOG
0xdc	0x0002eef8	1	LOG-EMIT
0x126	0x0002f708	1	"LOG
0x136	0x0002f804	0	MENUKEY-MORE
0x139	0x0002f814	1	LOG-ALSO
0x13c	0x0002f82c	1	LOGGING-ON
0x142	0x0002f884	1	LOGGING-OFF
0x148	0x0002f8dc	1	NEW-LOG
0x14c	0x0002f904	1	"NEW-LOG
0x150	0x0002f92c	1	PLAY1KEY
0x15a	0x0002f990	0	PLAY0CNT
0x15b	0x0002f9a0	0	PLAYRATE
0x15d	0x0002f9b0	1	PLAY1KEY?
0x166	0x0002fa04	1	"PLAYKEYS
0x16f	0x0002fa60	0	PLAYLOG
0x170	0x0002fe74	0	NEWLOG
0x176	0x00030288	1	REPLAY-MACRO
0x17c	0x000302c8	1	CON-PLAY-MACRO
0x183	0x00030318	1	CON-NEW-MACRO
0x189	0x00030368	1	START/STOP-MACRO
0x196	0x00030404	0	REPEATMACRODLG
0x198	0x0003046c	0	#REPEATING-MACRO
0x19d	0x0003047c	1	REPEAT-AMACRO
0x1b5	0x000305b8	0	PASTE-PTR
0x1b6	0x000305c8	0	PASTE-LEN
0x1b7	0x000305d8	0	PASTE-OFF
0x1b8	0x000305e8	0	PASTE-HDL
0x1ba	0x000305f8	1	MACRO/PASTE-CLOSE
0x1c5	0x000306a0	1	PASTE1KEY
0x1d1	0x00030718	1	PASTE1KEY?
0x1da	0x0003076c	1	PASTE-LOAD
0x1f4	0x00030934	1	WIN-PASTE-LOAD
0x1fd	0x00030990	1	COPY-CONSOLE
0x235	0x00030ddc	1	CUT-CONSOLE
0x5	0x001c5230	0	BYTE-ARRAY
0x9	0x001c5288	0	WORD-ARRAY
0xd	0x001c52e0	0	LONG-ARRAY
0x11	0x001c5340	0	DOUBLE-ARRAY
0x15	0x00030e24	1	#BYTE-ARRAY
0x1a	0x00030e78	1	^#BYTE-ARRAY
0x1f	0x00030eb4	1	#WORD-ARRAY
0x24	0x00030f14	1	^#WORD-ARRAY
0x29	0x00030f5c	1	#LONG-ARRAY
0x2e	0x00030fb8	1	^#LONG-ARRAY
0x33	0x00030ffc	1	#DOUBLE-ARRAY
0x38	0x00031060	1	^#DOUBLE-ARRAY
0x9	0x000310ac	0	CTYPE_UPPER
0xa	0x000310b4	0	CTYPE_LOWER
0xb	0x000310bc	0	CTYPE_DIGIT
0xc	0x000310c4	0	CTYPE_WS
0xd	0x000310cc	0	CTYPE_PUNCT
0xe	0x000310d4	0	CTYPE_HEX
0xf	0x000310dc	0	CTYPE_CONTROL
0x10	0x000310e4	0	CTYPE_GRAPH
0x12	0x000310ec	0	CTYPE_ARRAY
0x24	0x00031170	1	CTYPE@
0x29	0x000311c0	1	IS-ALPHA
0x2c	0x000311e0	1	IS-LOWER
0x2f	0x00031200	1	IS-UPPER
0x32	0x00031220	1	IS-DIGIT
0x35	0x00031240	1	IS-HEX
0x38	0x00031260	1	IS-SPACE
0x3b	0x00031280	1	IS-FORTH-SPACE
0x3e	0x000312a0	1	IS-PUNCT
0x41	0x000312c0	1	IS-ALNUM
0x44	0x000312e0	1	IS-PRINT
0x47	0x00031304	1	IS-GRAPH
0x4b	0x00031324	1	IS-CNTRL
0x4e	0x00031344	1	TOLOWER
0x51	0x00031368	1	TOUPPER
0x23	0x0003138c	1	("OF-COMPARE)
0x26	0x000313c4	1	("OF-INCLUDE)
0x29	0x00031404	1	("OF-CONTAIN)
0x5	0x00031438	0	ASSERT?
0xc	0x00031470	1	?ASSERT
0x6	0x00031574	1	BUILD"
0xc	0x000315dc	1	,WORD
0x15	0x00031674	1	DO:
0x7	0x000316ac	1	SET-FONT
0xd	0x00031720	1	_>BOLD
0x12	0x0003173c	1	_>NORM
0x1b	0x00031758	1	NEW-POINTER
0x1f	0x00031794	0	ARROW-POINTER
0x20	0x0003179c	0	CROSS-POINTER
0x21	0x000317a4	0	IBEAM-POINTER
0x22	0x000317ac	0	ICON-POINTER
0x23	0x000317b4	0	NOWAY-POINTER
0x24	0x000317bc	0	WAIT-POINTER
0x25	0x000317c4	0	UPARROW-POINTER
0x26	0x000317cc	0	SIZE-POINTER
0x4b	0x000317d4	0	STRIPPING_BL'S
0x4c	0x000317e4	0	AUTOCLEAR
0x4d	0x000317f4	0	INSERTMODE
0x53	0x00031804	0	SAVEFLG
0x55	0x0003180c	0	?LDONE
0x56	0x0003181c	0	LCHAR
0x57	0x0003182c	0	LEDIT-X
0x58	0x0003183c	0	LEDIT-Y
0x59	0x0003184c	0	ECURSOR
0x5a	0x0003185c	0	LENLIMIT
0x5c	0x0003186c	0	LEDBUTTON
0x5e	0x0003187c	0	MAXEDIT
0x5f	0x00031884	0	EDITBUF
0x62	0x0003198c	1	_LEGETXY
0x66	0x000319b4	1	_LEGOTOXY
0x73	0x00031a18	1	.LECURSOR
0x77	0x00031a60	1	.LELINE
0x7c	0x00031ac8	1	__LE-LDEL
0x80	0x00031af4	1	_LICHAR
0x8e	0x00031be4	1	?LECHAR
0x93	0x00031c24	1	_LE-HOME
0x96	0x00031c40	1	_LE-END
0x99	0x00031c64	1	_LE-RIGHT
0x9c	0x00031ca4	1	_LE-LEFT
0x9f	0x00031ccc	1	_LEDONE
0xa3	0x00031cf8	1	_LEQUIT
0xa8	0x00031d24	0	_LE-RET
0xa9	0x00031d34	0	_LE-TAB
0xaa	0x00031d44	0	_LE-QUIT
0xab	0x00031d54	0	_LE-LF
0xac	0x00031d64	0	_LE-PGUP
0xad	0x00031d74	0	_LE-PGDN
0xae	0x00031d84	0	_LE-UP
0xaf	0x00031d94	0	_LE-DOWN
0xb0	0x00031da4	0	_LE-LDEL
0xb2	0x00031db4	1	_LE-FDEL
0xb7	0x00031e2c	1	>TO=BL
0xbd	0x00031ec8	1	>TO<>BL
0xc3	0x00031f64	1	_LE-RWORD
0xc7	0x00031f80	1	<TO=BL+1
0xce	0x00032020	1	<TO<>BL
0xd5	0x000320b4	1	_LE-LWORD
0xd9	0x000320d0	1	_LE-BDEL
0xe5	0x00032160	1	_LE-WDEL
0xef	0x0003221c	1	STRIP_BL'S
0xfc	0x00032300	1	_LE-INS
0x102	0x0003233c	1	_LE-ANY
0x105	0x0003234c	1	?CONTROL
0x117	0x00032508	1	?FUNC
0x138	0x000326f8	1	_LE-KEY
0x142	0x00032720	1	<LEDIT>
0x166	0x000328ac	1	LINEEDITOR
0x170	0x00032920	0	B/ACCEPT
0x171	0x00032928	0	N/ACCEPT
0x173	0x00032930	0	ACCEPT#
0x174	0x00032940	0	ACCEPTED?
0x176	0x00032950	0	PREV-ACCEPT-BUF
0x178	0x00032964	1	ACCEPT-INIT
0x17e	0x000329a8	0	LACCEPT-BUF
0x180	0x00032ab0	1	+ACCEPT#
0x183	0x00032adc	1	PREV-ACCEPT-BUF"
0x18e	0x00032b14	1	ACCEPT-LUP
0x194	0x00032b5c	1	ACCEPT-LDOWN
0x19b	0x00032bb4	1	__LACCEPT
0x1af	0x00032d28	1	_LACCEPT
0x6	0x00032d80	1	QUALITY-PRINT
0x9	0x00032d9c	1	START-PAGE
0xc	0x00032db8	1	END-PAGE
0xf	0x00032dd4	1	GET-COPIES
0x12	0x00032df0	1	GET-FROMPAGE
0x15	0x00032e0c	1	GET-TOPAGE
0x19	0x00032e28	1	PRINT-SETUP
0x1c	0x00032e44	1	PRINT-START
0x1f	0x00032e60	1	PRINT-PAGE
0x22	0x00032e7c	1	PRINT-END
0x25	0x00032e98	1	PRINT-INIT
0x28	0x00032ebc	1	AUTO-PRINT-INIT
0x2d	0x00032ee0	1	PRINT-CLOSE
0x34	0x00032efc	0	#PAGES-UP
0x35	0x00032f0c	0	SCREEN-WIDTH
0x36	0x00032f1c	0	SCREEN-HEIGHT
0x37	0x00032f2c	0	PRINTING?
0x38	0x00032f3c	0	PRINTER-LPI
0x39	0x00032f4c	0	PRINTER-CPI
0x3a	0x00032f5c	0	PRINTER-ROWS
0x3b	0x00032f6c	0	PRINTER-COLS
0x3c	0x00032f7c	0	PRINTER-#OUT
0x3d	0x00032f8c	0	PRINTER-#LINE
0x3e	0x00032f9c	0	MULTI-PAGE?
0x3f	0x00032fac	0	PRINTER?
0x43	0x00032fbc	0	PR_SCALED
0x44	0x00032fc4	0	PR_RAW
0x45	0x00032fcc	0	PR_ISOTROPIC
0x47	0x00032fd4	0	PRINTER-MODE
0x48	0x00032fe4	0	PRINTER-HSIZE
0x49	0x00032ff4	0	PRINTER-VSIZE
0x4a	0x00033004	0	PRINTER-HRES
0x4b	0x00033014	0	PRINTER-VRES
0x4f	0x00033024	1	_CALC_FONT_HEIGHT
0x54	0x00033048	0	CALC_FONT_HEIGHT
0x58	0x00033058	0	AUTO-ON?
0x59	0x00033068	0	DIRECT-PRINT?
0x5a	0x00033078	0	BORDER?
0x5c	0x00033088	0	WINPRINTER
0x5e	0x000330c4	0	PAGE#
0x5f	0x000330d4	0	#PAGES
0x60	0x000330e4	0	SCALEX
0x61	0x000330f4	0	SCALEXP
0x62	0x00033104	0	SCALEY
0x63	0x00033114	0	SCALEYP
0x64	0x00033124	0	BORDERX
0x65	0x00033134	0	BORDERY
0x66	0x00033144	0	DRAWLIST
0x67	0x00033154	0	DRAWOFF
0x68	0x00033164	0	DRAWING?
0x69	0x00033174	0	DRAWMAX
0x6a	0x00033184	0	PENWIDTH
0x6b	0x00033194	0	PAGE-ENDED?
0x6c	0x000331a4	0	FIRST-PRINTED-PAGE
0x6d	0x000331b4	0	LAST-PRINTED-PAGE
0x6e	0x000331c4	0	SEQUENTIAL-PAGES?
0x6f	0x000331d4	0	INT-BORDER-D
0x70	0x000331dc	0	EXT-BORDER-D
0x71	0x000331e4	0	INT-FONT
0x72	0x000331f4	0	USER-MESSAGE-BUF
0x73	0x00033204	0	USER-TITLE-BUF
0x74	0x00033214	0	BORDER-BUF
0x76	0x00033224	0	PRINTCOLOR
0x77	0x00033240	0	PRINTFILLCOLOR
0x79	0x0003325c	0	HFONT
0x7a	0x00033278	0	VFONT
0x7b	0x00033294	0	TFONT
0x7c	0x000332b0	0	LFONT
0x7e	0x000332cc	0	SETPRINTERFONT:
0xa4	0x00033550	0	USERMESSAGE:
0xa8	0x0003357c	0	USERTITLE:
0xac	0x000335a8	0	SETPAGE:
0xb0	0x000335d0	0	SEQUENTIALSTATE:
0xb4	0x000335f8	0	REFLINECOLOR:
0xba	0x00033660	0	REFFILLAREA:
0xcc	0x00033780	0	DPI:
0xd5	0x000337cc	0	SETSTRETCHBLTMODE:
0xd9	0x00033820	0	NULLIFY:
0xe0	0x00033868	1	SET-PRINT-QUALITY
0xf5	0x00033994	0	FONT-HEIGHT
0xf7	0x000339a4	1	SET-ROWS-COLS
0xfe	0x00033a40	1	SET-PRINT-PARAMS
0x131	0x00033e88	0	OPEN:
0x13e	0x00033efc	0	AUTOOPEN:
0x14f	0x00033f6c	0	LANDSCAPE:
0x156	0x00033fb4	0	PORTRAIT:
0x16b	0x00034084	0	END:
0x174	0x000340d0	0	SETUP:
0x17a	0x0003410c	0	DRAWLISTOPEN:
0x184	0x000341b0	0	DRAWLISTCLOSE:
0x18d	0x0003420c	0	PRINTERSTART:
0x195	0x00034260	0	DRAWINGOFF:
0x19a	0x00034288	0	P_LINETO
0x19b	0x00034290	0	P_MOVETO
0x19c	0x00034298	0	P_TEXTOT
0x19d	0x000342a0	0	P_TEXTOTR
0x19e	0x000342a8	0	P_TEXTOTL
0x19f	0x000342b0	0	P_LINECOLOR
0x1a0	0x000342b8	0	P_FILLAREA
0x1a1	0x000342c0	0	P_PAGE
0x1a2	0x000342c8	0	P_MPAGE
0x1a3	0x000342d0	0	P_SETPIXEL
0x1a4	0x000342d8	0	P_TEXTOTF
0x1a5	0x000342e0	0	P_BEZIERTO
0x1a6	0x000342e8	0	P_BEGINPATH
0x1a7	0x000342f0	0	P_ENDPATH
0x1a8	0x000342f8	0	P_FILLPATH
0x1a9	0x00034300	0	P_STROKEPATH
0x1aa	0x00034308	0	P_STROKEANDFILL
0x1ac	0x00034310	0	TALL?
0x1ad	0x00034320	0	OFFSETY
0x1ae	0x00034330	0	C-PAGE
0x1b2	0x00034340	1	DRAW-BORDER
0x1fd	0x000349f8	1	?PAGE-STARTED
0x203	0x00034a2c	1	PRINT-PAGE?
0x206	0x00034a54	1	P-PAGE
0x20f	0x00034aa0	1	P-MPAGE
0x216	0x00034ae8	1	S/I-SCALEX
0x21c	0x00034b20	1	X-POSITION
0x22f	0x00034c54	1	S/I-SCALEY
0x235	0x00034c8c	1	Y-POSITION
0x248	0x00034dc0	1	P-LINETO
0x24e	0x00034e20	1	P-MOVETO
0x254	0x00034e80	1	P-TEXTOT
0x25b	0x00034f00	1	P-TEXTOTR
0x264	0x00034fc0	1	P-TEXTOTL
0x26e	0x00035094	1	P-TEXTOTF
0x279	0x00035154	1	P-LINECOLOR
0x27e	0x00035198	1	P-FILLAREA
0x287	0x00035254	1	P-SETPIXEL
0x291	0x000352e8	1	P-BEZIERTO
0x294	0x00035320	1	P-BEGINPATH
0x297	0x00035340	1	P-ENDPATH
0x29a	0x00035360	1	P-FILLPATH
0x29d	0x00035380	1	P-STROKEPATH
0x2a0	0x000353a0	1	P-STROKEANDFILL
0x2a3	0x000353c0	0	SETPAGELIMITS:
0x2ad	0x00035460	0	PRINTEREND:
0x307	0x00035b80	1	DRAWLIST_OVERFLOW?
0x310	0x00035c28	1	D-C,
0x314	0x00035c60	1	D-W,
0x318	0x00035c98	1	D-,
0x31c	0x00035ccc	0	STRING-MAX
0x31f	0x00035cd4	1	D-",
0x325	0x00035d24	0	LASTCALL
0x327	0x00035d34	0	PRINTERLINETO:
0x33b	0x00035e4c	0	PRINTERMOVETO:
0x344	0x00035eb4	0	PRINTERBEZIERTO:
0x35d	0x00035f94	0	PRINTERBEGINPATH:
0x366	0x00035fe4	0	PRINTERENDPATH:
0x36f	0x00036034	0	PRINTERSTROKEPATH:
0x378	0x00036084	0	PRINTERFILLPATH:
0x381	0x000360d4	0	PRINTERSTROKEANDFILL:
0x38a	0x00036124	0	PRINTERTEXTOUT:
0x396	0x000361a8	0	PRINTERTEXTOUTFONT:
0x3a3	0x00036240	0	PRINTERROTATEDTEXTOUT:
0x3af	0x000362c4	0	LPTPRINTERTEXTOUT:
0x3bb	0x00036344	0	LPTPRINTERINDENTTEXTOUT:
0x3ce	0x000363d8	0	PRINTERLINECOLOR:
0x3d7	0x00036458	0	PRINTERFILLAREA:
0x3e2	0x00036508	0	PRINTERPAGE:
0x3ec	0x00036560	0	PRINTERMULTIPAGE:
0x3f6	0x000365b8	0	PRINTERSETPIXEL:
0x401	0x00036650	0	EMIT_BUFFER
0x403	0x00036660	0	PAGE:
0x40c	0x000366c8	0	CR:
0x414	0x00036720	1	>TAB
0x41e	0x000367b8	0	?CR:
0x424	0x00036800	0	EMIT:
0x42a	0x00036854	0	TYPE:
0x435	0x000368d8	0	INDENTTYPE:
0x43d	0x0003692c	0	THEPRINTER
0x441	0x00036ed8	1	START-PRINTER
0x44b	0x00036f2c	1	PAGE-SETUP
0x44e	0x00036f5c	1	START-SCALED
0x452	0x00036f7c	1	START-ISOTROPIC
0x456	0x00036f9c	1	START-RAW
0x45a	0x00036fbc	1	PRINT-MULTI-PAGE
0x462	0x00037018	1	PAGE-SCALED
0x465	0x00037038	1	PRINT-SCALED
0x46e	0x000370a8	1	SINGLE-PAGE
0x475	0x000370a8	1	1PAGE
0x476	0x000370a8	1	ONE-PAGE
0x478	0x00037120	1	TWO-PAGE
0x47c	0x00037120	1	2PAGE
0x47e	0x0003714c	1	FOUR-PAGE
0x482	0x0003714c	1	4PAGE
0x486	0x00037178	1	_PEMIT
0x489	0x00037198	1	_PTYPE
0x48e	0x000371fc	1	_PGETCOLROW
0x491	0x0003721c	1	_PGETXY
0x494	0x0003723c	1	_PGOTOXY
0x497	0x0003725c	1	_PCR
0x49a	0x0003727c	1	_P?CR
0x49d	0x0003729c	1	_PPAGE
0x4a0	0x000372bc	1	_PCOL
0x4a5	0x000372ec	1	PRINTER
0x4b6	0x00037398	1	CONSOLE-FORTH-IO
0x4c4	0x000373e4	1	PRINT
0x4cb	0x00037438	1	$FPRINT
0x4e1	0x00037604	1	FPRINT
0x4e4	0x00037620	1	2PRINT
0x4e7	0x00037640	1	4PRINT
0x4ea	0x00037660	0	MAXCONCOLS
0x4ec	0x00037670	1	#PRINT-SCREEN
0x502	0x00037778	1	PRINT-SCREEN
0x506	0x00037798	1	PRINT-CONSOLE
0x50c	0x000377c0	1	_PRINTER-RELEASE
0x512	0x000377f8	1	_NULLIFY-PRINTER
0x51a	0x00037820	0	PRINTFORTH
0x51c	0x00037c34	1	PRINT-FORTH
0x52f	0x00037d18	0	TEMPLATE
0x52d	0x00037dd8	0	PAGE-UP-DIALOG
0x541	0x00037dec	1	PAGE-UP-SETUP
0x1e	0x00037e20	1	(S.)
0x22	0x00037e54	1	S.
0x27	0x00037e78	1	DATASTACK_MEMORY
0x2c	0x00037ea0	0	FLOAT?
0x2e	0x00037eb0	0	ALLREGS
0x31	0x00037f24	1	>FREGS
0x3a	0x00037f3c	1	>FREGS>
0x45	0x00037f58	1	FPCW>
0x50	0x00037f74	1	>FPCW
0x5a	0x00037f90	1	FPSW>
0x72	0x0019eedc	0	FSIZE
0x77	0x00037fac	0	FLOATSP
0x79	0x00037fb4	0	FSP
0x7b	0x00037fbc	0	FSTACK-ELEMENTS
0x7d	0x00037fc4	0	FLOATSTACK
0x7f	0x00037fcc	0	FSTACK
0x83	0x00037fd4	1	FSP_MEMORY
0x86	0x00037ff4	1	FSTACK_MEMORY
0x8b	0x00038020	1	FSTKUFLO
0x8e	0x00038064	0	_FSTKUFLO
0x93	0x0003807c	1	FDEPTH
0x96	0x0003809c	1	FEXAM
0xa7	0x000380d4	1	(F@)
0xaf	0x000380ec	1	FINIT
0xca	0x00038128	1	FPUSH
0xd3	0x00038150	1	FPOP
0xdf	0x00038180	1	FVARIABLE
0xe4	0x000381a0	1	F@
0xef	0x000381cc	1	SF@
0xfa	0x000381f8	1	DF@
0x104	0x00038224	1	F!
0x113	0x00038258	1	FVALUE
0x121	0x000382b4	1	_FTO
0x137	0x000382ec	1	FCONSTANT
0x13c	0x00038334	1	SF!
0x14c	0x00038368	1	DF!
0x15e	0x0003839c	1	F,
0x166	0x000383cc	1	FDUP
0x172	0x00038400	1	FDROP
0x17e	0x00038428	1	FSWAP
0x18c	0x00038468	1	FOVER
0x198	0x0003849c	1	FROT
0x1aa	0x000384f0	1	FPICK
0x1c0	0x00038534	1	F2DROP
0x1c3	0x00038550	1	F2DUP
0x1c6	0x0003856c	1	F2SWAP
0x1cc	0x000385bc	1	FPI
0x1d7	0x000385e8	1	F1.0
0x1e2	0x00038614	1	FL2T
0x1ed	0x00038640	1	FL2E
0x1f8	0x0003866c	1	FLOG2
0x203	0x00038698	1	FLN2
0x253	0x000386c4	0	AF0
0x257	0x000386d0	1	F0.0
0x25a	0x000386ec	0	FINF
0x25f	0x000386f8	0	F2.0
0x263	0x00038704	0	A2**63
0x267	0x00038710	0	SQ2M1
0x26c	0x0003871c	0	SQ2/2M1
0x271	0x00038728	0	F10.0
0x275	0x00038734	0	F0.5
0x279	0x00038740	0	FBIG
0x27e	0x0003874c	0	FEPS
0x282	0x00038758	0	AFSMALL
0x286	0x00038764	1	FSMALL
0x294	0x00038780	1	FLIT
0x2b1	0x000387b4	0	CWTEMP
0x2b3	0x000387bc	1	FLOOR
0x2cd	0x00038828	1	FCEIL
0x2e9	0x00038898	1	FTRUNC
0x304	0x00038904	1	FROUND
0x322	0x0003896c	1	D>F
0x331	0x000389a0	1	F>D
0x354	0x00038a14	1	ZF>D
0x367	0x00038a50	1	S>F
0x369	0x00038a6c	1	F>S
0x372	0x00038a84	1	FCOMPPX
0x388	0x00038acc	1	FTSTP
0x39c	0x00038b0c	1	F0=
0x39d	0x00038b30	1	F0<
0x39e	0x00038b54	1	F0>
0x3a1	0x00038b70	1	F=
0x3a2	0x00038b94	1	F<
0x3a3	0x00038bb8	1	F>
0x3a6	0x00038bd4	1	F<=
0x3a7	0x00038bf0	1	F>=
0x3aa	0x00038c0c	1	FMAX
0x3b1	0x00038c48	1	FMIN
0x3bd	0x00038c84	1	F+
0x3d2	0x00038ccc	1	F-
0x3e7	0x00038d14	1	F*
0x3fc	0x00038d5c	1	FATAN2
0x411	0x00038da4	1	F/
0x426	0x00038dec	1	FNEGATE
0x436	0x00038e20	1	F2/
0x448	0x00038e58	1	F2*
0x45a	0x00038e90	1	FABS
0x46a	0x00038ec4	1	FSQRT
0x47b	0x00038ef8	1	FLN
0x48d	0x00038f30	1	FACOSH
0x4a6	0x00038f74	1	FASINH
0x4bd	0x00038fb4	1	(FSIN)
0x4cd	0x00038fe8	1	(FCOS)
0x4dd	0x0003901c	1	(FSINCOS)
0x4f4	0x00039064	1	FREM2PI
0x50d	0x000390a8	1	FSIN
0x514	0x000390f0	1	FCOS
0x51b	0x00039138	1	FSINCOS
0x522	0x00039180	1	FTAN
0x526	0x0003919c	1	FLNP1
0x550	0x00039210	1	FLOG
0x562	0x00039248	1	FEXPM1
0x59b	0x000392d4	1	FEXP
0x5ba	0x00039320	1	FCOSH
0x5be	0x00039354	1	FTANH
0x5c9	0x00039418	1	FATAN
0x5da	0x0003944c	1	FACOS
0x5f2	0x00039490	1	FASIN
0x60a	0x000394d0	1	F+!
0x622	0x00039508	1	(FSINH)
0x626	0x00039538	1	FSINH
0x62e	0x00039574	1	FATANH
0x63b	0x00039610	1	F~
0x64e	0x0003970c	1	FALIGN
0x64f	0x0003971c	1	FALIGNED
0x650	0x0003972c	1	DFALIGN
0x651	0x0003973c	1	DFALIGNED
0x652	0x0003974c	1	SFALIGN
0x653	0x0003975c	1	SFALIGNED
0x656	0x0003976c	1	FLOAT+
0x65a	0x00039780	1	FLOATS
0x65e	0x00039794	1	DFLOAT+
0x662	0x000397a8	1	DFLOATS
0x666	0x000397bc	1	SFLOAT+
0x66a	0x000397d0	1	SFLOATS
0x66e	0x000397e4	1	FLOAT-ARRAY
0x676	0x00039804	0	^FLOAT@
0x677	0x00039824	0	^FLOAT!
0x678	0x00039844	0	^FLOAT+!
0x67e	0x00039864	0	FLOAT@
0x67f	0x00039884	0	FLOAT!
0x680	0x000398a4	0	FLOAT+!
0x686	0x000398c0	0	^#FLOAT@
0x687	0x000398f0	0	^#FLOAT!
0x688	0x00039920	0	^#FLOAT+!
0x68e	0x00039950	0	#FLOAT@
0x68f	0x00039980	0	#FLOAT!
0x690	0x000399b0	0	#FLOAT+!
0x693	0x001c8f18	0	FLOATER?
0x699	0x001c8f6c	0	#FLOAT?
0x69f	0x001c8fc0	0	?FLOAT
0x6a3	0x001c9014	0	?#FLOAT
0x6a7	0x001c9078	0	^FLOAT
0x6ac	0x001c90fc	0	#^FLOAT-ARRAY
0x6b1	0x001c9178	0	FLOAT
0x6b7	0x001c9218	0	#FLOAT-ARRAY
0x6d5	0x000399dc	1	F**+N
0x6f5	0x00039a38	1	F**N
0x6fc	0x00039a78	1	F**
0x705	0x00039aec	0	FTEMP
0x706	0x00039af8	0	$FTEMP
0x707	0x00039b7c	0	FBCD-BUF
0x70a	0x00039b8c	1	FALOG
0x70e	0x00039bb0	1	10**N-0.5
0x712	0x00039be0	1	F>BCD
0x723	0x00039c14	1	BCD-CHAR@
0x72b	0x00039c5c	1	BCD-CHAR!
0x736	0x00039cf0	0	BIG-POWER
0x73a	0x00039cf8	1	F*10**N
0x742	0x00039d64	1	REP-NORMAL
0x75a	0x00039f34	1	REP-DENORMAL
0x760	0x00039f4c	1	REP-ZERO
0x763	0x00039f78	1	REP-SPEC
0x769	0x00039fec	1	REPRESENT
0x77a	0x0003a124	1	XSIGN
0x781	0x0003a17c	1	E-CHAR
0x78a	0x0003a1f8	1	10DIGIT
0x78d	0x0003a214	1	DIGIT0
0x790	0x0003a234	0	EXPSIGN
0x791	0x0003a23c	0	INTCNT
0x792	0x0003a244	0	FRACNT
0x793	0x0003a24c	0	EXPCNT
0x794	0x0003a254	0	CHARCNT
0x795	0x0003a25c	0	ZEROCHAR
0x796	0x0003a264	0	HAVEDIGITS
0x797	0x0003a26c	0	$FSIGNIF
0x79a	0x0003a2f0	1	NEXT-CHAR
0x79e	0x0003a320	1	SIG>F
0x7a9	0x0003a350	1	>FLOAT-INT
0x7c2	0x0003a4d4	1	>FLOAT-INT.FRAC
0x7c6	0x0003a508	1	INIT->FLOAT
0x7cf	0x0003a57c	1	>FLOAT
0x865	0x0003aac4	0	SIGDIGITS
0x867	0x0003aacc	0	MAXSIG
0x86a	0x0003aad4	1	PRECISION
0x86e	0x0003aaec	1	SET-PRECISION
0x872	0x0003ab04	1	F.
0x89b	0x0003ad7c	1	FE.
0x8a9	0x0003aeb8	1	E.
0x8b7	0x0003afc0	1	G.
0x8c1	0x0003b048	1	FS.
0x8c5	0x0003b060	0	SHOW-FP-DEPTH
0x8c8	0x0003b070	1	F.S
0x8d4	0x0003b148	1	.FDEPTH
0x8e2	0x0003b190	1	FLOATING
0x8e5	0x0003b1a0	1	FLOATING-EXT
0x8e8	0x0003b1b0	0	FLOATING-STACK
0x8eb	0x0003b1b8	0	MAX-FLOAT
0x8f6	0x0003b1c4	1	(TAG)
0x8ff	0x0003b23c	1	.FTAG2
0x904	0x0003b288	1	NPU-DEPTH
0x90d	0x0003b300	0	FPDISPSIZE
0x90e	0x0003b308	0	NPSTK
0x911	0x0003b310	1	.TENBYTE
0x918	0x0003b380	1	H.NPUSTACK
0x921	0x0003b414	1	.FMASK
0x92a	0x0003b4b8	1	.FSTATUS
0x933	0x0003b558	1	.FTAG1
0x93b	0x0003b5c8	1	FDUMP
0x967	0x0003ba48	1	.FTEMPX
0x96d	0x0003baac	1	F.X
0x982	0x0003bb9c	1	.ONEFLOAT
0x986	0x0003bbc0	1	SEE.FLOAT
0x98f	0x0003bbfc	1	FLOAT-NUMBER?
0x9a8	0x0003bca0	1	_FLOAT-NUMBER,
0x9b8	0x0003bce0	1	FLOAT-RESET-STACKS
0x9c0	0x0003bcfc	1	FDISCARD-NUMBER
0x9cd	0x0003bd2c	1	FCALLRET
0x9d7	0x0003bd54	1	FS>DS
0x9f1	0x0003bd8c	1	SFS>DS
0x5e	0x0003bdc4	0	LEDIT-X
0x5f	0x0003bdd4	0	LEDIT-Y
0x60	0x00000640	1	COPY-CONSOLE
0x61	0x00000640	1	CUT-CONSOLE
0x62	0x00000640	1	PASTE-LOAD
0x63	0x00000640	1	CON-NEW-MACRO
0x64	0x00000640	1	CON-PLAY-MACRO
0x65	0x00000640	1	REPLAY-MACRO
0x66	0x00000640	1	REPEAT-AMACRO
0x67	0x00000640	1	START/STOP-MACRO
0x68	0x00000640	1	MENUKEY-MORE
0x9	0x0003bde4	0	HTMLDLG
0xb	0x0003be5c	1	OPEN-WEB
0x14	0x0003bee4	1	MENU-APPEND
0x18	0x0003bf3c	1	_EXECUTE-MENUFUNC
0x1b	0x0003bf54	0	EXECUTE-MENUFUNC
0x1e	0x0003bf64	0	BUILDMENU
0x20	0x0003bf74	0	MENUBAR-LINK
0x23	0x0003bf7c	0	IDCOUNTER
0x25	0x0003bf8c	1	NEXTID
0x2a	0x001c9e58	0	ENDBAR
0x33	0x0003bfac	0	MENUBAR
0x38	0x0003bfe8	0	HMB
0x39	0x0003bff8	0	MB
0x3a	0x0003c008	0	HMENU
0x3b	0x0003c018	0	PREVBAR
0x3c	0x0003c028	0	PARENT
0x3e	0x0003c038	1	TRIM-MENUS
0x52	0x0003c100	0	REDRAWMENU:
0x59	0x0003c188	0	POSENABLE:
0x61	0x0003c218	0	CURRENTID:
0x88	0x0003c3f4	0	ZEROMENU:
0x8e	0x0003c41c	0	POPUPBAR
0x94	0x0003c480	0	XY
0xb1	0x0003c5d8	0	BUILDPOPUP
0xb2	0x0003c5e8	0	BREAK_FLAG
0xb4	0x0003c5f8	1	BREAKPOPUP
0xb7	0x0003c614	0	POPUP
0xb9	0x0003c650	0	PPREV
0xba	0x0003c660	0	POPID
0xbb	0x0003c670	0	PID
0xbc	0x0003c680	0	MID
0xbd	0x0003c690	0	HPM
0xbe	0x0003c6a0	0	PM
0xbf	0x0003c6b0	0	PTEXT
0xc0	0x0003c6c0	0	BROKEN_FLAG
0xc1	0x0003c6d0	0	PARENT
0xc3	0x0003c6e0	0	GETPOPUP:
0xc4	0x0003c704	0	PUTPOPUP:
0xf4	0x0003c978	0	POPUPITEM
0xf6	0x0003c9b4	0	MFUNC
0x116	0x0003cb20	0	SYSPOPUP
0x118	0x0003cb5c	0	PPREV
0x119	0x0003cb6c	0	POPID
0x11a	0x0003cb7c	0	PID
0x11b	0x0003cb8c	0	MID
0x11c	0x0003cb9c	0	HPM
0x11d	0x0003cbac	0	PM
0x11e	0x0003cbbc	0	PARENT
0x11f	0x0003cbcc	0	&ANULL
0x154	0x0003ced0	0	PREVPOP
0x156	0x0003cee0	0	SUBMENU
0x158	0x0003cf1c	0	SUBPOPUP
0x16b	0x0003d018	0	UNSUBMENU:
0x173	0x0003d058	1	ENDSUBMENU
0x17b	0x0003d07c	0	MENUITEMS
0x17d	0x0003d0b8	0	MPREV
0x17e	0x0003d0c8	0	MID
0x17f	0x0003d0d8	0	MTEXT
0x180	0x0003d0e8	0	POPID
0x181	0x0003d0f8	0	PARENT
0x195	0x0003d1fc	1	M"TEXT"
0x198	0x0003d224	0	CHECK:
0x1a4	0x0003d2dc	0	SETMENUTEXT:
0x1b9	0x0003d3b4	0	MENUSEPARATOR
0x1c7	0x0003d428	0	MENULINE
0x1d7	0x0003d510	0	MENUMESSAGE
0x1d9	0x0003d54c	0	CHECK_FLAG
0x1f0	0x0003d5d0	0	MENUITEM
0x1f2	0x0003d60c	0	MFUNC
0x204	0x0003d6b8	0	CHECK-MENUITEM
0x206	0x0003d6f4	0	MENUITEM-CHECKED?-ADR
0x21f	0x0003d7e0	0	:MENUITEM
0x223	0x0003d81c	0	:MENUFUNC
0x225	0x0003d858	0	MSTRING
0x227	0x0003d868	0	"SETMENUTEXT:
0x233	0x0003d8fc	0	GETMENUTEXT:
0x237	0x0003d92c	0	SETMENUFUNC:
0x249	0x0003d9cc	0	MENUCONSOLE
0x253	0x0003da68	1	ADJUST-FORTH
0x259	0x0003da98	0	MIN-MENU-BAR
0x269	0x0003dbdc	0	WIN32FORTH-MENU-BAR
0x317	0x0003ff50	0	CONSOLE-MENU
0x31a	0x0003ff60	0	WIN32FORTH-POPUP-BAR
0x324	0x00040120	0	CONSOLE-POPUP
0x328	0x00040130	1	MENUKEY
0x333	0x000401a8	1	MENU-FORTH-IO
0x33a	0x000401d0	1	RIGHTMOUSECLICK
0x340	0x00040234	1	START-CONSOLE-MENU
0x351	0x0004032c	1	MENU-OFF
0x356	0x00040374	1	SET-CONSOLE-MENU
0x35b	0x00040398	1	SET-CONSOLE-POPUP
0x362	0x000403b0	1	F1-HELP
0x365	0x000403e0	1	?F1-HELP
0x36b	0x00040424	1	?MACRO-KEYS
0x70	0x0004064c	0	HELLO$
0x72	0x00040754	1	HELLO+"
0x77	0x00040784	0	&WIN32FOR.CFG
0x79	0x00040794	1	CONFIG"
0x82	0x00040818	1	GET-ENVIRONMENT-VARIABLE
0x8b	0x000408b8	1	SET-SHELL
0x94	0x00040960	1	.MEM-FREE
0x99	0x001ca850	0	HELLO
0xe1	0x000409b0	0	EMPTY
0x16	0x000409b4	1	EDITOR"
0x1d	0x00003334	0	X
0x1f	0x001cabd0	0	D
0x29	0x001cac80	0	LAST-Z-FILE
0x2b	0x001cad98	0	Z
0x3d	0x000409e4	1	.TITLE-STACKS
0x5f	0x00040be8	1	NEW-INTERPRET
0x61	0x00040c14	1	NEW-RESET-STACKS
0x6c	0x00040c30	0	S
0x5	0x00040c40	0	LOPT-HI?
0x3	0x00040c50	0	V6?
0x7	0x001caf60	0	?.TEST-ERROR
0xf	0x001cb014	0	(?TESTBOX")
0x11	0x00040ca0	1	UPC
0x2	0x001cb164	0	ARRAY
0xa	0x00040cc0	1	2NIP
0x1e	0x00000b9c	1	>>
0x1f	0x00000b84	1	<<
0x23	0x00040d1c	1	MEMXCHG
0x3e	0x00040d50	1	^
0x41	0x00040da8	1	D/U
0x44	0x00040dc0	1	U>D
0x49	0x00040dd4	1	D>U
0x4b	0x00040de8	1	D*U
0x4f	0x00040e38	1	UD*
0x5c	0x00040e9c	1	U>=
0x65	0x00040eb8	1	U<=
0x6e	0x00040ed4	1	>=
0x77	0x00040ef4	1	<=
0x83	0x001cb2f8	0	2VALUE-TT
0x85	0x001cb330	0	LCC-KERNEL-TEST
0x1	0x00040f14	0	ENG-CTYPE?
0x2	0x00040f24	0	CTYPEEND
0x3	0x00040f34	0	CTYPEPTR
0x1a	0x00040f44	0	B5TBL2
0x1d	0x001cb49c	0	SETB5TBL
0x26	0x00041048	1	BIG5?
0x71	0x000410a0	1	CTYPEPTR.CTYPEEND.>=
0x7d	0x000410c4	1	%CUPPER
0xa3	0x00041114	1	OVER.+.TO.CTYPEEND.TO.CTYPEPTR
0xb7	0x0004113c	1	CUPPER
0xca	0x00041174	1	CLOWER
0xd6	0x000411d4	0	XBIG5-X
0xd7	0x000411e4	1	XBIG5?
0xf4	0x00041304	1	BIG5-SPLIT
0x103	0x000413d8	1	BIG5COUNT
0x110	0x00041458	1	DELBIG5SPC
0x12b	0x00041588	1	DELFULLSPC
0x13d	0x00041644	0	FULL-SYMBOLS
0x13e	0x00041708	0	HALF-SYMBOLS
0x141	0x00041770	1	FULL2HALF
0x165	0x000418d0	0	BIG5-SEARCH1
0x168	0x000418e0	1	BIG5-SEARCH
0x186	0x000419b8	1	BIG5-CAPS-SEARCH
0x1b2	0x00041b0c	1	BIG5-"TO-PATHEND"
0x1c8	0x00041b9c	0	CP-SJIS
0x1c9	0x00041ba4	0	CP-GB
0x1ca	0x00041bac	0	CP-KOR
0x1cb	0x00041bb4	0	CP-BIG5
0x1cd	0x00041bbc	1	CHARSET>CP
0x1d7	0x00041c3c	0	UTF8-BUF
0x1d9	0x00041c48	1	1UNI>UTF8
0x221	0x00041e40	1	UNI>UTF8
0x27b	0x00041ef4	1	+.C@.0X80.XOR
0x284	0x00041f18	1	1UTF8>UNI
0x2bb	0x0004225c	1	UTF8>UNI
0x2cd	0x000422c8	1	UTF8>"
0x2d7	0x00042334	1	">UTF8
0x2e1	0x000423a0	1	">UNI>"
0x2f3	0x00042468	1	BIG5-CONTAIN?
0x2f4	0x00042480	1	BIG5-CAPS-CONTAIN?
0x2f6	0x00042498	1	BIG5-GETWORD
0x3	0x0004257c	1	HEAP-CREATE
0xd	0x000425c8	1	HEAP-DESTROY
0x11	0x00042608	1	HEAP-ALLOCATE
0x1f	0x00042664	1	HEAP-ALLOC
0x21	0x00042694	1	HEAP-FREE
0x2b	0x000426e8	1	HEAP-REALLOC
0x37	0x00042750	1	HEAP-RESIZE
0x3c	0x0004277c	0	HEAP2
0x3e	0x0004278c	1	HEAP2-INIT
0x43	0x000427a8	1	HEAP2-FREE
0x48	0x000427c8	1	HALLOCATE
0x49	0x000427e4	1	HALLOC
0x4a	0x00042800	1	HFREE
0x4b	0x0004281c	1	HREALLOC
0x4c	0x00042838	1	HRESIZE
0x54	0x001cbb44	0	T
0xd	0x00042864	1	$TYPE
0x10	0x0004288c	1	ENG-UPPER
0x31	0x000428bc	1	SWAP.REL>ABS
0x42	0x000428d8	1	UPPER
0x43	0x00042920	1	LOWER
0x86	0x00042968	1	PLACE
0x87	0x000429bc	1	+PLACE
0x8a	0x00042a28	1	WPLACE
0x8b	0x00042a78	1	+WPLACE
0x8d	0x00042ae0	1	LPLACE
0x8e	0x00042b14	1	+LPLACE
0x90	0x00042b54	1	$PLACE
0x92	0x00042b80	1	LSTR
0x94	0x00042b98	1	RSTR
0x97	0x00042bd8	1	MSTR
0x9a	0x00042c00	1	C-CONTAIN?
0x9c	0x00042c20	1	COMPARE
0xbc	0x00042c70	1	S=
0xd7	0x00042cb4	0	SIZE/TMPBUF
0xd8	0x00042cbc	1	L-CAPS-SEARCH
0xfe	0x00042dfc	1	CAPS-SEARCH-S
0x10a	0x00042ef8	1	CAPS-SEARCH
0x117	0x00042f30	1	L-CAPS-COMPARE
0x125	0x00042fe0	1	DUP.255.U>.3.PICK.255.U>.OR
0x135	0x00043014	1	CAPS-COMPARE
0x145	0x000430bc	1	S-CAPS-COMPARE
0x14f	0x0004314c	1	CAPS-S=
0x151	0x00043168	1	CAPS-$=
0x153	0x000431a4	1	CONTAIN?
0x155	0x000431bc	1	CAPS-CONTAIN?
0x157	0x000431d4	1	CALC-CHARS
0x170	0x0004325c	1	GETWORD
0x177	0x000432e0	1	GETWORD1
0x17a	0x00043330	1	SKIPWORD
0x17c	0x00043348	1	GETFIRSTWORD
0x183	0x000433b4	1	GETFIRSTWORD1
0x187	0x00043408	1	"BL-GETWORD
0x195	0x0004349c	1	STRGETWORD
0x19f	0x00043544	1	CAPS-STRGETWORD
0x1ab	0x000435ec	1	-STRGETWORD
0x1d5	0x000436cc	1	X-SCAN
0x1fa	0x00043710	1	C-REPLACE
0x205	0x00043768	1	REPLACE/
0x208	0x0004378c	1	%MULTI-S=
0x213	0x0004380c	1	MULTI-S=
0x214	0x00043828	1	MULTI-CAPS-S=
0x217	0x00043844	1	%MULTI-CONTAIN?
0x222	0x000438d0	1	MULTI-CONTAIN?
0x223	0x000438ec	1	MULTI-CAPS-CONTAIN?
0x225	0x00043908	1	REMOVE-DIGI-TAIL
0x22d	0x00043954	1	ZCOUNT
0x22f	0x00043980	1	ZPLACE
0x230	0x000439c4	1	+ZPLACE
0x241	0x000439e4	1	ZTYPE
0x246	0x001cc3d8	0	LCC-STR-TEST
0x2	0x00043a08	1	,W"
0x14	0x00043aec	1	(W")
0x21	0x00043b94	1	ZCOUNTW
0x23	0x00043b94	1	Z>W"
0x25	0x00043bc0	1	W-CONTAIN?
0x27	0x00043be0	1	WS=
0x2b	0x00043c0c	1	/STRINGW
0x30	0x00043c38	1	LSTRW
0x33	0x00043c50	1	RSTRW
0x39	0x00043c94	1	MSTRW
0x3d	0x00043cbc	1	WPLACEW
0x43	0x00043d10	1	+WPLACEW
0x4b	0x00043d7c	1	LPLACEW
0x4c	0x00043db4	1	+LPLACEW
0x59	0x00043df8	1	-TRAILCHARSW
0x6d	0x00043e2c	1	GETWORDW
0x75	0x00043eb0	1	GETWORD1W
0x78	0x00043f00	1	GET-FILENAME-IN-FULLPATHW
0x83	0x00043f44	1	&#>W
0xa1	0x001cd154	0	TEST-W$
0xa4	0x001cd184	0	WSTR-TEST
0x23	0x0004404c	1	GLOBAL-ALLOC
0x28	0x000440b0	1	GLOBAL-HANDLE
0x2a	0x000440ec	1	GLOBAL-FREE
0x31	0x00044138	1	GLOBAL-RESIZE
0x37	0x000441f8	1	GLOBAL-REALLOC
0x45	0x00044218	1	V-ALLOC
0x5a	0x000442a4	1	V-FREE
0x1	0x00044304	0	A/O
0x33	0x0004430c	1	OPEN-FILEW
0x48	0x000443dc	1	CREATE-FILEW
0x58	0x0004447c	1	RENAME-FILEW
0x78	0x00044518	1	GET-CUR-DIR
0x7c	0x0004454c	1	GET-CUR-DIR\
0x82	0x000445bc	1	SET-CUR-DIR
0x89	0x00044608	1	GET-CUR-DIRW
0x8d	0x00044664	1	GET-CUR-DIR\W
0x93	0x000446d8	1	SET-CUR-DIRW
0x98	0x0004474c	0	FILETIME1
0x99	0x00044758	0	FILETIME2
0x9a	0x00044764	0	FILETIME3
0x9b	0x00044770	1	GET-FILE-TIME
0x9f	0x000447dc	1	SET-FILE-TIME
0xa4	0x00044864	1	GET-FILE-TIMEW
0xa8	0x000448d0	1	SET-FILE-TIMEW
0xae	0x0004493c	1	"GET-FILE-WRITETIME
0xc2	0x00044a14	1	COMPARE-FILETIME
0xcb	0x00044ab0	1	"COMPARE-FILE-WRITETIME
0xdf	0x00044b24	0	INVALID_FILE_ATTRIBUTES
0xe1	0x00044b2c	1	GET-FILE-ATTRIB
0xe7	0x00044b98	1	GET-FILE-ATTRIBW
0xef	0x00044c04	1	SET-FILE-ATTRIB
0xf9	0x00044c94	1	SET-FILE-ATTRIBW
0x103	0x00044d24	1	COPY-FILEDATE&ATTRIB
0x123	0x00044dd0	1	"EXIST
0x126	0x00044e08	1	"EXISTW
0x13c	0x00044e40	1	"DIREXIST
0x140	0x00044e80	1	"DIREXISTW
0x146	0x00044ec0	1	STD.PROGRESS
0x14b	0x00044ef8	0	.PROGRESS
0x14d	0x00044f08	1	>STD.PROGRESS
0x152	0x00044f28	1	"TRAVERSE-FILE
0x18a	0x000451d0	0	FILL-0-DELETE?
0x18c	0x000451e0	1	"FILL-FILE
0x1a7	0x00045318	1	"FILL-FILE-WITH-0
0x1ac	0x00045344	1	ABS-DELETE-FILE
0x1bf	0x0004540c	1	ABS-DELETE-FILEW
0x1d5	0x00045500	1	DELETE-DIR
0x1e1	0x00045594	1	CREATE-DIR
0x1e6	0x000455ec	1	CREATE-DIRW
0x1ef	0x00045668	0	CUR-DRIVE
0x1f0	0x00045678	0	CURRENTPATH?
0x1f2	0x00045688	1	$>FULLPATH
0x251	0x00045a30	1	$>FULLPATH&CHECKCURRENTPATH
0x25b	0x00045aa8	1	XCREATE-DIR
0x281	0x00045c20	1	XCREATE-DIRW
0x2a4	0x00045d88	0	LPFREEBYTESAVAILABLETOCALLER
0x2a5	0x00045d94	0	LPTOTALNUMBEROFBYTES
0x2a6	0x00045da0	0	LPTOTALNUMBEROFFREEBYTES
0x2a8	0x00045dac	1	ZGETDISKFREE&TOTAL
0x2b0	0x00045e18	1	"GETDISKFREE
0x2bf	0x00045ea0	1	"GETDISKTOTAL
0x2cb	0x00045f28	0	PROTECTTMP
0x2ce	0x00045f38	1	:PROTECT?
0x2e5	0x00045fa8	1	CREATE-TEMPFILE
0x2f8	0x000460d4	1	GET-UNI-LONGPATHNAME
0x316	0x0004619c	0	SER-REN-N
0x317	0x000461ac	0	SER-REN-DESCEND?
0x318	0x000461bc	0	SER-REN-TEMPLE
0x319	0x000462c0	0	SER-REN-BUF
0x31b	0x000463c4	1	"SER-REN
0x33b	0x000465ac	1	"NODUP-SER-REN
0x35d	0x0004663c	0	B/WIN32_FILE_ATTRIBUTE_DATA
0x35e	0x00046644	0	GETFILEEXINFOSTANDARD
0x360	0x0004664c	1	%GETFILEATTRIBUTESEX
0x36d	0x000466ec	1	FAST-"GET-FILE-SIZE
0x378	0x00046738	1	"GET-FILE-SIZE
0x386	0x000467b0	1	FILE-ATTRIB
0x3a5	0x00046830	0	BY_HANDLE_FILE_INFORMATION
0x3a7	0x00046868	1	FILE-LASTWRITETIME
0x3b4	0x00046904	1	"GET-FILE-DATE
0x3ca	0x000469a4	1	"GET-FILE-SIZE&DATE
0x3d0	0x000469d4	1	XMOVEFILE
0x3ee	0x00046ad4	1	"READFILE
0x3fb	0x00046b70	1	"WRITEFILE
0x40d	0x00046c20	1	"COPYFILE
0x41c	0x00046ce4	1	"APPENDFILE
0x42d	0x00046da0	1	"SAVEFILE
0x43a	0x00046e30	1	"CREATE-EMPTYFILE
0x45e	0x00046e5c	1	COPYFILE
0x46d	0x00046efc	0	TRASH-DEL?
0x46f	0x00046f0c	0	TRASH-DIR
0x471	0x00047010	0	SHFILEOPSTRUCT
0x473	0x00047034	1	RECYCLE-DEL
0x480	0x00047128	0	IN-TRASH-DIR?
0x482	0x00047138	1	TEST-IN-TRASH-DIR?
0x48d	0x000471d0	1	TRASH-DEL
0x4cc	0x00047244	0	WINDOWSDIR
0x4cd	0x00047348	1	GETWINDOWSDIR
0x4d4	0x000473c4	1	+WINDOWSDIR
0x4db	0x0004741c	0	CFGDIR
0x4dd	0x0004742c	1	INIT-CFGDIR
0x4e5	0x00047464	1	+CFGDIR
0x500	0x0004754c	0	COMPARE-FILE-CONTENT-FILESIZE
0x502	0x0004757c	0	COMPARE-REAL-FILE-CONTENT-ONLY?
0x511	0x000475d8	1	%COMPARE-FILE-CONTENT
0x56b	0x00047a78	1	COMPARE-FILE-CONTENT
0x57a	0x00047b38	1	COMPARE-FILE-CONTENTW
0x588	0x00047bf8	1	COMPARE-REAL-FILE-CONTENT
0x59e	0x00047c34	1	"WRITE-PROTECT?
0x5af	0x00047d24	1	CURRENT-DIR-WRITE-PROTECT?
0x5b5	0x00047d6c	1	"CD
0x5ba	0x00047db0	1	READ-LINE
0x2	0x00047ed8	1	%DLL-CALL
0x9	0x00047ef0	0	DLL
0xb	0x00047f2c	0	DLL-NAME
0xc	0x00047f3c	0	DLL-HINST
0x13	0x00047f80	0	CHANGEDLLNAME:
0x18	0x00047fa4	0	LOAD:
0x38	0x00048180	0	GETCALLADDRESS:
0x4b	0x00048244	0	CALL:
0x64	0x00048348	0	FREE:
0x3	0x000483ac	0	FONT1
0xb	0x00048420	0	GET-SIZE:
0xe	0x00048448	0	FONT
0x11	0x00048484	0	CVIEWFONT
0x12	0x00048490	0	CVIEWFONT1018
0x13	0x000484a0	0	CVIEWFONT1224
0x15	0x000484b0	0	FDFONT
0x16	0x00048500	0	SMALL-FDFONT
0x19	0x00048550	1	CREATE-SMALL-FDFONT
0x23	0x000485ec	1	DEFAULT-FDFONT
0x2b	0x00048688	1	DEFAULT-FDFONT1
0x3a	0x00048740	0	FONTEXIST-BUF
0x3b	0x000487c4	0	%FONTEXIST?
0x3d	0x00048828	0	&FONTEXISTFONTFUNC
0x3d	0x00048830	1	FONTEXISTFONTFUNC
0x47	0x000488b0	1	"FONTEXIST?
0x54	0x00048910	1	?ADDCVIEWFONT
0x2	0x00048a04	1	GETTEXTEXTENTW
0xe	0x00048ab0	1	STKINIT
0x10	0x00048ac8	0	STK-CHECK?
0x12	0x00048ad0	1	"STKCHECK
0x29	0x00048bbc	0	WM_PAINTING?
0x1c	0x00048bcc	0	>NOTIFYICONDATA.CBSIZE
0x1d	0x00048bd4	0	>NOTIFYICONDATA.HWND
0x1e	0x00048bdc	0	>NOTIFYICONDATA.UID
0x1f	0x00048be4	0	>NOTIFYICONDATA.UFLAGS
0x20	0x00048bec	0	>NOTIFYICONDATA.UCALLBACKMESSAGE
0x21	0x00048bf4	0	>NOTIFYICONDATA.HICON
0x22	0x00048bfc	0	>NOTIFYICONDATA.SZTIP
0x23	0x00048c04	0	B/NOTIFYICONDATA
0x37	0x00048c0c	1	ADD-NOTIFYICON
0x54	0x00048dc8	1	DELETE-NOTIFYICON
0x2d	0x00048e48	0	NOTIFYICONMSG
0x2f	0x00048e50	0	WINDOW1
0x3d	0x00048eb0	0	MAXIMIZE?
0x3e	0x00048ec0	0	NOTIFYICONDATA
0x3f	0x00048ed0	0	NOTIFYICONING?
0x40	0x00048ee0	0	NOTIFYICON-RBUTTON-FUNC
0x4d	0x00048f48	0	ZOOMED?:
0x4f	0x00048f90	0	BUSY?
0x51	0x00048fa0	0	BUSY-ON:
0x52	0x00048fd0	0	BUSY-OFF:
0x54	0x00049000	1	GET-DROPFILES-CNT
0x5d	0x0004905c	1	GET-1-DROPFILE-B
0x68	0x000490b4	0	DO-DROPFILE
0x6a	0x000490c4	0	SET-DO-DROPFILE:
0x6c	0x000490ec	0	ON_BEGIN-DROPFILE:
0x6d	0x0004910c	0	ON_END-DROPFILE:
0x6e	0x0004912c	0	MAX-DROPFILE:
0x70	0x00049150	0	ON_DROPFILE:
0x72	0x00049170	0	WM_DROPFILES
0x9e	0x00049328	0	RESTORE:
0x9f	0x0004935c	0	MAXIMIZE:
0xa0	0x00049390	0	MINIMIZE:
0xa2	0x000493c4	0	HIDE:
0xa7	0x00049410	0	%UNHIDE:
0xb1	0x00049498	0	UNHIDE:
0xb5	0x000494cc	0	ALLOW-NOTIFYICON?:
0xb7	0x000494f0	0	NOTIFYICON-TIP:
0xb9	0x00049528	0	NOTIFYICONING?:
0xbb	0x00049550	0	"ADD-NOTIFYICON:
0xc6	0x000495b0	0	ADD-NOTIFYICON:
0xce	0x00049608	0	DELETE-NOTIFYICON:
0xd5	0x00049658	0	WM_SYSCOMMAND
0xe1	0x000496f0	0	DOCK:
0xea	0x00049750	0	UNDOCK:
0xf0	0x00049790	0	NOTIFYICONMSG
0x123	0x000498f0	0	GETTITLE:
0x127	0x00049940	0	ICON-FILENAME
0x132	0x0004998c	0	ZLOADICON:
0x141	0x00049a38	0	LOADICON:
0x149	0x00049aa0	0	ICON:
0x14e	0x00049ac8	1	DEFAULT-WINDOW-CLASS
0x15e	0x00049b94	1	REGISTER-THE-CLASS
0x161	0x00049bc0	1	REGISTER-FRAME-WINDOW
0x165	0x00049bdc	1	CREATE-FRAME-WINDOW
0x18e	0x00049dc4	0	WINDOW
0x1a0	0x00049e00	0	CHILD-WINDOW1
0x1bb	0x00049f1c	0	CHILD-WINDOW
0x1be	0x00049f58	0	CV-BG
0x1bf	0x00049f68	0	CV-FG
0x1c1	0x00049f78	0	WINTYPE-CHILD-WINDOW
0x1	0x00049fb4	0	WINTYPEY0
0x2	0x00049fc4	0	WINTYPEX0
0x3	0x00049fd4	0	WINX
0x4	0x00049fe4	0	WINY
0x5	0x00049ff4	0	WINXSIZE
0x6	0x0004a004	0	WINYSIZE
0x8	0x0004a014	0	WINTYPE-REALX
0xa	0x0004a024	0	WINTYPEFG
0xb	0x0004a034	0	WINTYPEBG
0xd	0x0004a044	0	WINTYPE-CP
0xf	0x0004a054	0	WINTYPEBASE
0x10	0x0004a064	0	WINTYPE-ENG?
0x12	0x0004a074	0	WINTYPE-N
0x14	0x0004a084	0	WINTYPE-OUTPUTHEIGHT-OFFSET
0x15	0x0004a094	0	WINTYPE-OUTPUTWIDTH
0x17	0x0004a0a4	0	DRAWYBASE?
0x19	0x0004a0b4	0	WINTYPE-UNI?
0x1b	0x0004a0c4	0	WINTYPE-UNDERLINE?
0x1d	0x0004a0d4	0	DBCS-WINTYPE?
0x1f	0x0004a0e4	0	WINTYPE-XSPACE
0x21	0x0004a0f4	0	WINTYPE-TRANSPARENT?
0x23	0x0004a104	1	STOP-WINTYPE?
0x2a	0x0004a15c	1	SETCOLOR
0x30	0x0004a1a4	1	SETFG
0x31	0x0004a1d0	1	SETBG
0x34	0x0004a1fc	1	WINAT
0x36	0x0004a21c	1	RAW-WINTYPE
0xe3	0x0004a834	1	WINCR
0xe4	0x0004a858	1	-WINCR
0xe6	0x0004a88c	1	WINSPACES
0xf4	0x0004a954	1	WINSPACE
0xf6	0x0004a970	1	WINBAR
0x101	0x0004aa24	1	POINT-WINBAR
0x10c	0x0004aadc	0	WINTYPE-CHIBUF
0x10e	0x0004abe0	1	FLUSH-WINTYPE-CHIBUF
0x117	0x0004ac28	1	>WINTYPE-CHIBUF
0x11d	0x0004ac60	1	ENG-WINTYPE
0x131	0x0004ad34	1	WEMIT
0x135	0x0004ad58	0	WINTYPE-DBCS-FONT
0x138	0x0004ad74	0	WINTYPEBUF-TYPE
0x139	0x0004ad84	0	WINTYPEBUF
0x13b	0x0004ae88	1	FLUSH-WINTYPEBUF
0x14d	0x0004af30	1	">WINTYPEBUF
0x160	0x0004afb0	0	DBCS-FACENAME
0x162	0x0004afc0	1	SET-DBCS-FACENAME
0x166	0x0004afdc	1	CREATE-DBCS-FONT
0x17e	0x0004b0cc	1	%UNI-WINTYPE
0x18a	0x0004b148	1	UNI-WINTYPE
0x196	0x0004b1c0	1	NO-CREATE-FONT-DBCS-WINTYPE
0x1b5	0x0004b2e0	1	%DBCS-WINTYPE
0x1ba	0x0004b2fc	1	DBCS-WINTYPE
0x1c1	0x0004b330	1	BIG5-WINTYPE
0x1e2	0x0004b43c	1	WINTYPE
0x219	0x0004b514	1	CP-WINTYPE
0x220	0x0004b550	1	WINEEOL
0x22b	0x0004b5f4	1	SCREEOL
0x234	0x0004b680	1	SETWINTYPESIZE
0x238	0x0004b6a0	1	WINCLS
0x23f	0x0004b6fc	1	WINTYPE-DRAW-UNDERLINE
0x248	0x0004b758	1	WINTYPE-DRAW-TOPLINE
0x251	0x0004b7b4	1	%WINTYPE-DRAW-MIDLINE
0x25b	0x0004b824	1	WINTYPE-DRAW-MIDLINE
0x25d	0x0004b844	1	SETWINTYPEFONT
0x261	0x0004b874	1	DBCS-WINTYPE-ON
0x262	0x0004b890	1	DBCS-WINTYPE-OFF
0x264	0x0004b8ac	1	WINTYPE-INIT
0x27d	0x0004b980	1	WINTYPE-QUIT
0x284	0x0004b9a0	0	PAGE2-DC
0x285	0x0004b9bc	0	OLD-DC
0x286	0x0004b9cc	0	PAGE2-BITMAP
0x287	0x0004b9dc	1	WINTYPE-PAGE2-INIT
0x293	0x0004ba98	1	WINTYPE-PAGE2-QUIT
0x2a5	0x0004bb60	1	W(.")
0x2ab	0x0004bbb4	1	W.
0x2	0x0004bbd0	0	ANSIFLASH?
0x3	0x0004bbe0	0	ANSIHILIGHT?
0x4	0x0004bbf0	0	ANSIFG
0x5	0x0004bc00	0	ANSIBG
0x6	0x0004bc10	0	ANSI-CLS-ENABLE?
0x13	0x0004bc20	0	ANSICOLORTBL
0x19	0x0004bc64	1	ANSI-INIT
0x21	0x0004bcac	0	ANSI-ADR
0x22	0x0004bcbc	0	ANSI-CNT
0x23	0x0004bccc	0	ANSI-OUT-BUF
0x24	0x0004bccc	0	ANSI-CODE-BUF
0x26	0x0004bdd8	1	>ANSI-OUT-BUF
0x2a	0x0004be00	1	SETANSICOLOR
0x2f	0x0004be6c	1	TYPE-ANSI-OUT-BUF
0x38	0x0004be9c	1	ANSI-GETC
0x46	0x0004beec	1	ANSI-J
0x4f	0x0004bf60	0	GETANSI-TMP
0x51	0x0004bf6c	1	GETANSI-N1
0x59	0x0004bfe4	1	ANSI-C
0x5d	0x0004c014	1	ANSI-M
0x81	0x0004c184	1	ANSI-K
0x83	0x0004c1b4	1	DO-ANSI
0x9f	0x0004c288	1	ANSITYPE
0x1c5	0x0004c3a8	1	>CVCOLOR
0x1db	0x0004c430	0	WINTYPE-WINDOW
0x1	0x0004c46c	0	WINTYPEY0
0x2	0x0004c47c	0	WINTYPEX0
0x3	0x0004c48c	0	WINX
0x4	0x0004c49c	0	WINY
0x5	0x0004c4ac	0	WINXSIZE
0x6	0x0004c4bc	0	WINYSIZE
0x8	0x0004c4cc	0	WINTYPE-REALX
0xa	0x0004c4dc	0	WINTYPEFG
0xb	0x0004c4ec	0	WINTYPEBG
0xd	0x0004c4fc	0	WINTYPE-CP
0xf	0x0004c50c	0	WINTYPEBASE
0x10	0x0004c51c	0	WINTYPE-ENG?
0x12	0x0004c52c	0	WINTYPE-N
0x14	0x0004c53c	0	WINTYPE-OUTPUTHEIGHT-OFFSET
0x15	0x0004c54c	0	WINTYPE-OUTPUTWIDTH
0x17	0x0004c55c	0	DRAWYBASE?
0x19	0x0004c56c	0	WINTYPE-UNI?
0x1b	0x0004c57c	0	WINTYPE-UNDERLINE?
0x1d	0x0004c58c	0	DBCS-WINTYPE?
0x1f	0x0004c59c	0	WINTYPE-XSPACE
0x21	0x0004c5ac	0	WINTYPE-TRANSPARENT?
0x23	0x0004c5bc	1	STOP-WINTYPE?
0x2a	0x0004c614	1	SETCOLOR
0x30	0x0004c65c	1	SETFG
0x31	0x0004c688	1	SETBG
0x34	0x0004c6b4	1	WINAT
0x36	0x0004c6d4	1	RAW-WINTYPE
0xe3	0x0004cca8	1	WINCR
0xe4	0x0004cccc	1	-WINCR
0xe6	0x0004cd00	1	WINSPACES
0xf4	0x0004cdc8	1	WINSPACE
0xf6	0x0004cde4	1	WINBAR
0x101	0x0004ce98	1	POINT-WINBAR
0x10c	0x0004cf50	0	WINTYPE-CHIBUF
0x10e	0x0004d054	1	FLUSH-WINTYPE-CHIBUF
0x117	0x0004d09c	1	>WINTYPE-CHIBUF
0x11d	0x0004d0d4	1	ENG-WINTYPE
0x131	0x0004d1a8	1	WEMIT
0x138	0x0004d1e0	0	WINTYPEBUF-TYPE
0x139	0x0004d1f0	0	WINTYPEBUF
0x13b	0x0004d2f4	1	FLUSH-WINTYPEBUF
0x14d	0x0004d39c	1	">WINTYPEBUF
0x160	0x0004d41c	0	DBCS-FACENAME
0x162	0x0004d42c	1	SET-DBCS-FACENAME
0x166	0x0004d448	1	CREATE-DBCS-FONT
0x17e	0x0004d538	1	%UNI-WINTYPE
0x18a	0x0004d5b4	1	UNI-WINTYPE
0x196	0x0004d62c	1	NO-CREATE-FONT-DBCS-WINTYPE
0x1b5	0x0004d74c	1	%DBCS-WINTYPE
0x1ba	0x0004d768	1	DBCS-WINTYPE
0x1c1	0x0004d79c	1	BIG5-WINTYPE
0x1e2	0x0004d8a8	1	WINTYPE
0x219	0x0004d980	1	CP-WINTYPE
0x220	0x0004d9bc	1	WINEEOL
0x22b	0x0004da60	1	SCREEOL
0x234	0x0004daec	1	SETWINTYPESIZE
0x238	0x0004db0c	1	WINCLS
0x23f	0x0004db68	1	WINTYPE-DRAW-UNDERLINE
0x248	0x0004dbc4	1	WINTYPE-DRAW-TOPLINE
0x251	0x0004dc20	1	%WINTYPE-DRAW-MIDLINE
0x25b	0x0004dc90	1	WINTYPE-DRAW-MIDLINE
0x25d	0x0004dcb0	1	SETWINTYPEFONT
0x261	0x0004dce0	1	DBCS-WINTYPE-ON
0x262	0x0004dcfc	1	DBCS-WINTYPE-OFF
0x264	0x0004dd18	1	WINTYPE-INIT
0x27d	0x0004ddec	1	WINTYPE-QUIT
0x285	0x0004de20	0	OLD-DC
0x286	0x0004de30	0	PAGE2-BITMAP
0x287	0x0004de40	1	WINTYPE-PAGE2-INIT
0x293	0x0004defc	1	WINTYPE-PAGE2-QUIT
0x2a5	0x0004dfc4	1	W(.")
0x2ab	0x0004e018	1	W.
0x2	0x0004e034	0	ANSIFLASH?
0x3	0x0004e044	0	ANSIHILIGHT?
0x4	0x0004e054	0	ANSIFG
0x5	0x0004e064	0	ANSIBG
0x6	0x0004e074	0	ANSI-CLS-ENABLE?
0x13	0x0004e084	0	ANSICOLORTBL
0x19	0x0004e0c8	1	ANSI-INIT
0x21	0x0004e110	0	ANSI-ADR
0x22	0x0004e120	0	ANSI-CNT
0x23	0x0004e130	0	ANSI-OUT-BUF
0x24	0x0004e130	0	ANSI-CODE-BUF
0x26	0x0004e23c	1	>ANSI-OUT-BUF
0x2a	0x0004e264	1	SETANSICOLOR
0x2f	0x0004e2d0	1	TYPE-ANSI-OUT-BUF
0x38	0x0004e300	1	ANSI-GETC
0x46	0x0004e350	1	ANSI-J
0x4f	0x0004e3c4	0	GETANSI-TMP
0x51	0x0004e3d0	1	GETANSI-N1
0x59	0x0004e448	1	ANSI-C
0x5d	0x0004e478	1	ANSI-M
0x81	0x0004e5e8	1	ANSI-K
0x83	0x0004e618	1	DO-ANSI
0x9f	0x0004e6ec	1	ANSITYPE
0x1df	0x0004e80c	1	>CVCOLOR
0x1f0	0x0004e890	0	POPUP-CHILD-WINDOW
0x2c	0x0004e9a8	0	LCCW?
0x2d	0x0004e9b8	1	TEST-LCCW?
0xe	0x0004e9f0	1	>LCC-DEBUG-LOG
0x1d	0x0004ea80	1	LCC-DEBUG-EMIT
0x21	0x0004eaa8	1	LCC-DEBUG-TYPE
0x25	0x0004eac8	1	LCC-DEBUG-CR
0x29	0x0004eaf4	1	LCC-DEBUG-IO
0x33	0x0004eb34	0	.APP-VERSION
0x35	0x0004eb44	1	LCC-_DEFAULT-HELLO
0x31	0x0004eca0	1	CLOSE-HANDLE
0x38	0x0004ecc4	0	PERFORMANCEFREQUENCY/1000
0x3a	0x0004ecd4	1	MS@2
0x45	0x0004ed74	1	MS@-INIT
0x9c	0x0004eea8	1	WIN-BEEP
0xa3	0x0004eee8	0	?WINPAUSE-MS-CNT
0xa5	0x0004eef8	1	%?WINPAUSE
0xab	0x0004ef58	1	?WINPAUSE
0xb7	0x0004ef74	1	SAFE-KEY?
0xc1	0x0004f018	1	%?KEY?
0xc9	0x0004f08c	1	?KEY?
0xcc	0x0004f0a8	1	CALL-MESSAGEBOX
0xdd	0x0004f1ac	1	Z"YES/NO?
0xe6	0x0004f204	1	%Z"YES/NO/CANCEL?
0xf5	0x0004f294	1	Z"YES/NO/CANCEL?
0xfa	0x0004f2b0	0	ERRORBOX-PARENT
0xfc	0x0004f2c0	1	ERRORBOX
0x110	0x0004f354	1	ERRORBOXW
0x120	0x0004f400	0	SPINNER-CNT
0x121	0x0004f410	0	SPINNER-CHARS
0x122	0x0004f41c	1	(.SPINNER)
0x128	0x0004f458	1	.SPINNER
0x12f	0x0004f490	0	CVMENU?
0x131	0x0004f4a0	0	FILETYPE-TMP
0x132	0x0004f5a4	0	$FILEEXT
0x133	0x0004f6a8	0	FILETYPEADR
0x134	0x0004f6b8	1	%FILETYPE
0x14e	0x0004f82c	0	$FILEEXT1
0x150	0x0004f874	1	">FILEEXT
0x17d	0x0004f968	1	"=FILEEXT?
0x17f	0x0004f98c	1	$IN-EXTS?
0x181	0x0004f9bc	0	ARC-EXTS
0x183	0x0004fa08	1	FILEEXT=ARC?
0x185	0x0004fa24	0	MOV-EXTS
0x187	0x0004fa8c	1	FILEEXT=MOV?
0x189	0x0004faa8	0	PIC-EXTS
0x18b	0x0004fb08	1	FILEEXT=PIC?
0x18d	0x0004fb24	0	BIN-EXTS
0x18f	0x0004fb3c	1	FILEEXT=BIN?
0x191	0x0004fb58	0	HTML-EXTS
0x193	0x0004fb74	1	FILEEXT=HTML?
0x195	0x0004fb90	0	TABS-VALUE
0x197	0x0004fba0	0	TABBUF
0x198	0x0004fbb0	0	TABBUF-LEN
0x199	0x0004fbc0	0	TABBUF-MAX
0x19a	0x0004fbd0	1	"EXPANDTAB
0x1b5	0x0004fcf4	1	TAB7
0x1c0	0x0004fda0	1	2TAB
0x1e4	0x0004ff38	0	SCROLLINFO
0x1ee	0x0004ff58	1	SETSCROLLINFO
0x1fa	0x0004ffe0	1	SETYSCROLL
0x1fe	0x00050044	1	SETXSCROLL
0x202	0x0005008c	1	ADJ-LONGSCROLL
0x20d	0x000500e0	0	SCROLLING?
0x217	0x000500f0	0	RED
0x21c	0x00050114	0	DIR-GREEN
0x21f	0x00050138	0	INKGREEN
0x221	0x0005015c	0	MILDGREEN
0x227	0x00050180	0	MILDYELLOW
0x228	0x000501a4	0	GOOSEYELLOW
0x22e	0x000501c8	0	MILDMAGENTA
0x232	0x000501ec	0	MILDCYAN
0x237	0x00050210	0	LTGRAY
0x238	0x00050234	0	LTGRAY1
0x23a	0x00050258	0	MILDWHITE
0x23b	0x0005027c	0	NEWWHITE
0x23d	0x000502a0	0	TOOLGRAY
0x241	0x000502c4	0	PURPLE
0x242	0x000502e8	0	LTPURPLE
0x244	0x0005030c	0	ORANGE
0x245	0x00050330	0	LTORANGE
0x24a	0x00050354	0	BLUEGREEN
0x24b	0x00050378	0	LTBLUEGREEN
0x250	0x0005039c	0	STARTUPINFO1
0x26a	0x000503e4	0	PROCINFO1
0x272	0x000503f8	1	ZEXEC1
0x28c	0x00050464	0	CV-START-X
0x28d	0x00050474	0	CV-START-Y
0x28e	0x00050484	0	CV-STARTXSIZE
0x28f	0x00050494	0	CV-STARTYSIZE
0x290	0x000504a4	0	XOFFSET
0x292	0x000504b4	0	EXEC.EXE?
0x294	0x000504c4	0	WAITEXEC-PAUSE?
0x296	0x000504d4	1	WAITEXEC
0x2cf	0x00050854	0	UD,.BUF
0x2d1	0x00050958	1	(UD,.R)
0x2da	0x000509dc	1	(U.R)
0x2e4	0x00050a74	1	(.R)
0x2ed	0x00050af8	0	.##BUF
0x2ee	0x00050b00	1	(.##)
0x2ef	0x00050b44	0	.DATEBUF
0x2f0	0x00050b58	1	(.DATE)
0x2f7	0x00050b44	0	.TIMEBUF
0x2f8	0x00050be8	1	(.TIME)
0x307	0x00050cbc	0	MOUSEDOWN?
0x30d	0x00050d08	0	BROWSEINFO
0x30e	0x00050d18	0	HWNDOWNER
0x30f	0x00050d28	0	PIDLROOT
0x310	0x00050d38	0	PSZDISPLAYNAME
0x311	0x00050d48	0	LPSZTITLE
0x312	0x00050d58	0	ULFLAGS
0x313	0x00050d68	0	LPFN
0x314	0x00050d78	0	LPARAM
0x315	0x00050d88	0	IIMAGE
0x30c	0x00050e40	0	BROWSEINFO
0x326	0x00050e68	0	BFFM_INITIALIZED
0x327	0x00050e70	0	BFFM_SETSELECTIONA
0x32a	0x00050ecc	0	&BROWSECALLBACKPROC
0x32a	0x00050ed4	1	BROWSECALLBACKPROC
0x330	0x00050f44	1	BROWSPATH
0x34b	0x0005108c	1	THROWCRLF
0x361	0x000510c0	0	BUFFERFILE
0x363	0x000510fc	0	BUFFERFILE-HANDLE
0x364	0x0005110c	0	BUFFERFILE-BLEN
0x365	0x0005111c	0	BUFFERFILE-BUF
0x378	0x000511bc	0	FLUSH:
0x381	0x00051214	0	WRITE:
0x393	0x000512cc	0	C-WRITE:
0x39a	0x00051330	0	WRITELINE:
0x39b	0x0005137c	0	WRITELFLINE:
0x3ad	0x00051434	1	FIRST"=
0x1	0x00051468	0	MSGFONT
0x3	0x000514b8	0	MSGBOXBUTTON-TEXT
0x6	0x000514d0	0	MSGBOX-P
0x8	0x000514e8	0	MSGBOXBAR?
0xa	0x000514f8	0	MSGBOX-ALLOW-BREAK?
0xc	0x00051508	0	MSGBOX-PMAX
0xe	0x00051520	0	MSGBOX-START-MS
0x10	0x00051530	1	(MS.HMS)
0x6	0x00051644	0	PROGRESS-WINDOW
0x8	0x00051680	0	PROGRESS-TOTAL
0x9	0x00051698	0	PROGRESS-CURRENT
0xb	0x000516b0	0	PROGRESS-BAR-BG:
0xc	0x000516d4	0	PROGRESS-FG:
0xe	0x000516f8	1	.PROGRESS-WINDOW
0x23	0x00051b3c	0	MSGBOXBAR
0x39	0x00051f4c	0	MSGBOXBUTTON?
0x3b	0x00051f5c	0	MSGBOXBUTTON
0x3d	0x000520a8	0	MSGBOXBUF
0x3e	0x000521ac	0	MSGBOXBUF2
0x3f	0x000522b0	0	MSGBOXBUF3
0x41	0x000523b4	0	MSGBOX-FG
0x42	0x000523c4	0	MSGBOX-BG
0x44	0x000523d4	1	MSGBOXCOLOR
0x46	0x000523f4	0	MSGBOX-MY
0x49	0x00052404	1	MSGBOX-CHAR-HEIGHT
0x4e	0x00052428	0	MSGBOX-TITLE
0x52	0x0005246c	0	TOP-MSGBOX?
0x54	0x0005247c	1	TOP-MSGBOX
0xe5	0x00052af0	1	MSGBOX.PROGRESS
0x56	0x00052bf4	0	MSGBOX
0x102	0x00053004	1	>MSGBOX-TITLE
0x10b	0x0005306c	1	%>MSGBOX
0x10d	0x00053098	1	?PAINTMSGBOX
0x10f	0x000530d8	1	+>MSGBOX
0x111	0x000530f8	1	>MSGBOX
0x113	0x00053118	1	%>MSGBOX2
0x114	0x00053144	1	>MSGBOX2
0x116	0x00053160	1	+>MSGBOX2
0x118	0x00053180	1	%>MSGBOX3
0x119	0x000531ac	1	>MSGBOX3
0x11b	0x000531c8	1	+>MSGBOX3
0x11d	0x000531e8	1	100>MSGBOX
0x11f	0x00053218	1	>MSGBOXTITLE
0x121	0x00053238	1	>MSGBOXBUTTON-TEXT
0x3b6	0x00053260	0	"CHAR
0x3b8	0x00053268	0	ADD"CHAR-BUF
0x3b9	0x00053374	1	ADD"CHAR
0x3c1	0x000533dc	0	DEF-DIR.DOC
0x3c2	0x000534e0	0	DIR.DOC-LIST
0x3c4	0x00053514	0	COPYREMTO-HANDLE
0x3c5	0x00053524	0	COPYREMTO-BUF
0x3c6	0x00053630	0	COPYTOBUF
0x3c7	0x0005373c	0	COPYREMTO-TARGET
0x3c9	0x00053840	1	"COPYTOREMEXIST?
0x3d4	0x00053894	1	GETCOPYREMTODIR.DOC
0x3e2	0x00053918	0	'"'STRING
0x3e4	0x00053920	1	"COPYREMTO
0x437	0x00053b28	1	GET\FILENAME
0x43f	0x00053b6c	1	STRDEL
0x44d	0x00053c58	0	HISSTR
0x44f	0x00053c94	0	HISSTRBLEN
0x451	0x00053c9c	0	#HISSTR
0x452	0x00053cac	0	HISSTRLEN
0x454	0x00053cbc	0	HISSTRBUF
0x456	0x00053ccc	1	?ALLOC-BUF
0x45d	0x00053d08	0	OFF:
0x469	0x00053d6c	1	%GET
0x475	0x00053d8c	0	#GET:
0x47b	0x00053dc4	0	#TOTAL:
0x47d	0x00053de8	1	REDUCEHISSTR
0x48c	0x00053e78	1	"KILLDUP
0x49e	0x00053f48	0	"ADD:
0x4bf	0x00053fd8	0	GETNOANSI-LEN?
0x4c0	0x00053fe8	1	REMOVEANSI
0x4dc	0x00054104	1	X-REPLACE
0x4fc	0x0005427c	1	ALL-REPLACE
0x517	0x000543e8	1	ENG-ALL-REPLACE
0x532	0x00054554	0	WINCVDIR
0x534	0x00054658	1	GETMS
0x539	0x00054690	0	TIME-BIAS
0x53a	0x000546a0	1	GET-TIME-BIAS
0x542	0x0005472c	1	%">CLIPBOARD
0x558	0x00054848	1	">CLIPBOARD
0x563	0x000548bc	1	CLEARCLIPBOARD
0x57b	0x000549e8	1	CF_TEXT-CLIPBOARD-CONTAIN-'?'
0x590	0x00054ac0	1	,'
0x5a2	0x00054bd4	1	REMOVEHTML-&;
0x5ac	0x00054cac	1	REMOVEHTML
0x5ca	0x00054e24	1	PARAM-WIN-EXEC?
0x614	0x00055174	1	WIN-EXEC?
0x618	0x00055194	1	ENGTXT?
0x622	0x00055254	0	CVBIGFONT?
0x623	0x00055264	0	CVBIGBIGFONT?
0x625	0x00055274	0	LF
0x626	0x0005527c	0	$LF
0x629	0x00055284	1	"=DRIVE?
0x62f	0x000552d0	0	PNG-HEAD
0x630	0x000552dc	0	PCX-HEAD
0x632	0x000552e4	1	"ADJ-PICEXT
0x692	0x00055680	1	%GET-TIME
0x693	0x000556a0	1	GET-SECOND
0x694	0x000556bc	1	GET-MINUTE
0x695	0x000556d8	1	GET-HOUR
0x696	0x000556f4	1	GET-DAY
0x697	0x00055710	1	GET-WEEK
0x698	0x0005572c	1	GET-MONTH
0x699	0x00055748	1	GET-YEAR
0x69d	0x00055764	1	?FREE
0x6a0	0x00055794	0	DISPOSITION
0x6a1	0x0005579c	0	REGKEY
0x6a2	0x000557a4	0	REGTYPE
0x6a3	0x000557ac	0	REGLEN
0x6a4	0x000557b4	0	RETURNEDKEY$
0x6a6	0x000557c8	1	ABS-REGGETKEY
0x6ba	0x00055880	1	ABS-REGGETSTRING
0x6e0	0x0005599c	1	OFF-TYPE
0x6eb	0x00055a10	1	MULTI-SEARCH
0x717	0x00055c2c	1	=ENG-CHAR?1
0x71a	0x00055c88	1	SPLIT-STRING
0x761	0x00055f2c	1	C-GET-INDEX
0x776	0x00055f60	1	(#.)
0x777	0x00055fc4	1	#.
0x778	0x00055fe8	1	%
0x779	0x00056004	1	>%
0x77c	0x00056048	1	+-SIGN
0x77e	0x00056078	1	(+-D.)
0x78b	0x0005614c	1	+-D.
0x78d	0x00056170	1	(+-.)
0x78e	0x0005619c	1	+-.
0x3	0x000561c0	0	>MFILE-FILE-HANDLE
0x4	0x000561c8	0	>MFILE-MAP-OBJECT
0x5	0x000561d0	0	>MFILE-MAP-ABS-ADR
0x6	0x000561d8	0	B/MFILE
0x8	0x000561e0	1	MFILE-INIT
0xa	0x000561fc	1	MFILE
0xc	0x0005621c	1	CLOSE-MFILE
0x14	0x000562cc	1	%OPEN-MFILE
0x46	0x00056484	1	OPEN-MFILE
0x4b	0x000564a0	0	TMP-MFILE
0x4e	0x001d2574	0	T
0x793	0x000564b0	1	%FILE-CONTAIN?
0x7a2	0x00056548	1	FILE-CONTAIN?
0x7a3	0x00056564	1	FILE-CAPS-CONTAIN?
0x7a5	0x00056580	0	/HOMEPAGE?
0x7ab	0x00056590	0	KB.SIZE?
0x7ac	0x000565a0	0	MB.SIZE?
0x7ad	0x000565b0	0	.SIZE-BUF
0x7ae	0x000566b8	0	.SIZE-R
0x7b0	0x000566c8	0	.SIZE-ADDSPACE?
0x7b2	0x000566d8	1	UM/MOD1
0x7b6	0x000566fc	1	(D.R.SIZE)
0x7fa	0x00056848	1	(D.SIZE)
0x7fb	0x00056864	1	(R.SIZE)
0x7fc	0x00056890	1	(.SIZE)
0x3	0x000568ac	0	CFG-COLORS-VALUE
0x23	0x00056928	0	CFG-COLORS-NAME
0x26	0x00056a14	1	(.COLOR)
0x5	0x00056af0	0	LIST
0x7	0x00056b2c	1	?MEMFULL
0x9	0x00056b68	0	ENTRY-IDX-CAPACITY
0xa	0x00056b78	0	ENTRY-IDX
0xb	0x00056b88	0	#TOTAL-ENTRY
0xc	0x00056b98	0	B/ENTRY-IDX
0x14	0x00056ba0	0	IDX:
0x15	0x00056bc4	0	B/IDX:
0x18	0x00056be8	1	>ENTRY-IDX
0x1c	0x00056c04	1	>ENTRY-IDX-ADR
0x1d	0x00056be8	1	>ENTRY-IDX-LEN
0x1f	0x00056c24	1	FREE-ENTRY-IDX
0x23	0x00056c5c	1	?EXTEND-ENTRY-IDX
0x34	0x00056d08	1	FREE-ENTRY
0x38	0x00056d34	1	NULL-ENTRIES
0x39	0x00056d68	1	NULL-ENTRY
0x3b	0x00056d84	1	RESIZE-ENTRY
0x53	0x00056e30	0	INIT:
0x72	0x00056f20	1	INSERT-FILL
0x7b	0x00056f94	0	#INS-NULL-ENTRIES:
0x9a	0x00057078	0	#PUT:
0xa5	0x000570f4	0	#INSERT:
0xaa	0x00057138	1	ADD-ENTRY
0xbc	0x000571dc	0	#SWAP:
0xc4	0x00057278	0	#MULTI-DELETE:
0xe6	0x000573b8	0	#DELETE:
0xeb	0x00057408	1	TOTAL-LEN
0xf3	0x00057470	0	TRAVERSE:
0xfb	0x0005750c	0	LIST:
0x10c	0x001d2ba0	0	LIST-TEST
0x124	0x001d2ea0	0	T
0x5	0x00057638	1	?NEGATE
0x10	0x00057654	1	"BIN-SEARCH
0xa	0x0005772c	0	TEXTLIST
0xc	0x00057768	0	MAX-LINE-LEN
0xd	0x00057778	0	UNI?
0xf	0x00057788	0	MAX-LINE-LEN:
0x10	0x000577ac	0	UNI?:
0x18	0x00057804	0	MEMORY-UNI-APPEND-LOAD:
0x2a	0x00057894	0	UNI-TEXTFILE-HEADER
0x2c	0x0005789c	0	MEMORY-APPEND-LOAD:
0x56	0x00057a50	0	MEMORY-LOAD:
0x59	0x00057a90	0	"APPEND-LOAD:
0x66	0x00057b14	0	"LOAD:
0x69	0x00057b54	0	TEXTFILE-SAVE-FILE
0x6b	0x00057b70	0	"SAVE:
0x95	0x00057c60	1	LIST-COMPARE-TO-FUNC
0x98	0x00057c88	0	"SORT-INSERT:
0xa6	0x00057d0c	0	KEY-SEARCH-DELIMITER
0xa8	0x00057d1c	1	KEY-SEARCH-COMPARE
0xaf	0x00057d54	0	KEY-SEARCH:
0xbe	0x00057ddc	1	SORT-STR
0xe5	0x00057f68	1	LISTTEST
0x10a	0x001d3678	0	TT
0x10b	0x001d3694	0	T
0x7	0x000581ac	0	DIC
0x9	0x000581e8	0	DELIMITER
0xa	0x000581f8	0	DESCEND?
0x16	0x00058274	0	DELIMITER:
0x18	0x00058298	1	DIC-COMPARE-TO-FUNC
0x1c	0x000582cc	1	KEY-SEARCH
0x26	0x00058330	0	KEY-FIND:
0x29	0x00058354	1	DIC-CAPS-COMPARE-TO-FUNC
0x2d	0x00058388	1	CAPS-KEY-SEARCH
0x37	0x000583ec	0	CAPS-KEY-FIND:
0x3a	0x00058410	1	DIC-PUT
0x45	0x000584c4	0	KEY-PUT:
0x4f	0x0005857c	0	CAPS-KEY-PUT:
0x5f	0x00058634	0	#GET-DATA:
0x61	0x00058670	0	KEY-GET-DATA:
0x69	0x000586e4	0	CAPS-KEY-GET-DATA:
0x74	0x001d3a0c	0	T
0x53	0x00058758	0	COLOR$-DIC
0x54	0x00058790	1	COLOR$>DIC
0x62	0x00058818	1	LOWER-"COLOR>N
0x69	0x00058854	1	"COLOR>N
0x6f	0x000588ac	1	COLOR$-DIC-INIT
0x90	0x000588dc	1	(.NAME)
0x9e	0x00058930	0	CFG-TYPE-INT
0x9f	0x00058938	0	CFG-TYPE-STR
0xa0	0x00058940	0	CFG-TYPE-BOOL
0xa1	0x00058948	0	CFG-TYPE-COLOR
0xaa	0x00058950	1	,CFG-TYPE&NAME
0xb3	0x000589f0	1	,CFG-TYPE&NAME"
0xc3	0x001d3d58	0	CFG-INT
0xc7	0x001d3d90	0	CFG-INT"
0xcb	0x001d3dc8	0	CFG-BOOL
0xcf	0x001d3e00	0	CFG-BOOL"
0xd4	0x001d3e34	0	CFG-STR
0xda	0x001d3ea8	0	CFG-STR"
0xe0	0x001d3f1c	0	CFG-COLOR
0xe4	0x001d3f54	0	CFG-COLOR"
0xe8	0x001d3f8c	0	CREATE-CFG
0xec	0x001d3fbc	0	END-CFG
0xf4	0x00058a94	0	CFG-NAME
0xf5	0x00058b98	0	CFG-BODY
0xf6	0x00058ba8	0	CFG-TYPE
0xf7	0x00058bb8	0	CFG-PARAM
0x102	0x00058bc8	1	GET1CFG
0x9	0x00058c38	0	NULL-STRBUF
0xb	0x00058c44	0	STRBUF
0xd	0x00058c80	0	STRBUF-BUF
0xe	0x00058c90	0	STRBUF-BLEN
0x10	0x00058ca0	0	GLOBAL?
0x19	0x00058cf4	0	GLOBAL:
0x23	0x00058d74	0	NEEDINIT?:
0x28	0x00058da4	0	?INIT:
0x38	0x00058e84	0	SIZE:
0x39	0x00058ea8	0	LEN:
0x3c	0x00058ecc	0	ADJBLEN:
0x68	0x00058fe0	0	ADDC:
0x69	0x0005901c	0	ADDW:
0x6a	0x00059058	0	ADDD:
0x6c	0x00059094	0	ADDCELL:
0x6e	0x000590d0	0	ADDCRLF:
0x6f	0x0005910c	0	ADDLF:
0x70	0x00059148	0	ADDCPLACE:
0x74	0x00059188	0	ADDWPLACE:
0x78	0x000591c8	0	ADDLPLACE:
0x7c	0x00059208	0	ADDLINE:
0x80	0x00059254	0	ADDLFLINE:
0x87	0x000592f4	0	ADJLEN:
0x89	0x0005932c	0	HANDLE-READFILE:
0x98	0x000593f8	0	"READFILE:
0xb2	0x00059514	0	"LOADFILE:
0xb6	0x00059544	0	HANDLE-SAVEFILE:
0xbb	0x0005959c	0	"SAVEFILE:
0xc5	0x00059608	0	"NODUP-SAVEFILE:
0xd6	0x000596ac	0	"ADDFILE:
0xe2	0x0005970c	0	TMP-STRBUF
0xe7	0x001d43e4	0	TEST-STRBUF
0x112	0x00059720	1	SAVE-CFG
0x13d	0x00059890	1	SAVE-CFG-TO-WINDOWSDIR
0x145	0x000598d0	1	SAVE-CFG-TO-CFGDIR
0x14a	0x00059910	1	READ1CFGLINE
0x7	0x00059b50	0	IDESCEND?
0x9	0x00059b58	1	>IDESCEND
0x10	0x00059b74	0	SIZE/IS
0x11	0x00059b84	0	IS-LEFT
0x12	0x00059b94	0	IS-RIGHT
0x13	0x00059ba4	0	IS-ARRAY
0x15	0x00059bb4	0	IS-KEY-CMP
0x16	0x00059bc4	0	>IS-KEY
0x18	0x00059bd4	0	IS-CMP-CNT
0x19	0x00059be4	0	IS-BIN-LOW
0x1a	0x00059bf4	0	IS-BIN-HIGH
0x1b	0x00059c04	0	IS-BIN-MID
0x1c	0x00059c14	0	IS-IDXBUF
0x1d	0x00059c24	0	IS-SORTBUF
0x1f	0x00059c34	0	IS-=-CNT
0x54	0x00059c94	1	IS-BIN-SEARCH-MAIN
0x89	0x00059d00	0	IS-BIN-SEARCH-CNT
0x93	0x00059d34	1	IS-BIN-SEARCH
0xb4	0x00059d70	1	XCMOVE
0xd2	0x00059da4	1	SERIAL-FILLD
0xe3	0x00059dc4	1	CELLCMOVE>
0x106	0x00059df8	1	IS-ARRAY>IS-SORTBUF
0x140	0x00059e58	1	1+.DUP.DUP.IS-LEFT.+
0x147	0x00059e74	1	0.OVER.1-
0x14e	0x00059e8c	0	IS-SKIP-CNT
0x150	0x00059e9c	1	ISORT
0x1a0	0x0005a098	1	CMP-N
0xf	0x0005a0c0	0	TF-SAVE-TO-BUF-BUF
0x11	0x0005a0d4	0	TEXTFILE-SAVE-LAST-LIMIT
0x13	0x0005a0e4	0	TEXTFILE-SAVE-FILE
0x15	0x0005a0f8	0	TF-BIN-SEARCH-COMPARE
0x16	0x0005a108	0	TF-BIN-SEARCH-CAPS?
0x18	0x0005a118	0	TEXTBUF1
0x19	0x0005a128	0	MAXLINE-LEN1
0x1a	0x0005a138	0	B/TEXTIDX1
0x1b	0x0005a148	0	TEXTIDX-BLEN1
0x1c	0x0005a158	0	TEXTIDX1
0x1d	0x0005a168	0	TEXTFILE-TABCHECK?
0x1f	0x0005a178	0	TF-SORT-CAPS?
0x21	0x0005a188	0	TEXTFILE-CUPPER?
0x23	0x0005a198	0	TF-LF-SAVE?
0x24	0x0005a1a8	0	TF-ALWAYS-LF-SAVE?
0x26	0x0005a1b8	0	TF-SORT-GETFIRSTWORD
0x54	0x0005a220	1	+.2@
0x5d	0x0005a23c	1	+.SWAP
0x67	0x0005a258	0	TEXTFILE
0x69	0x0005a294	0	TEXTBUF
0x6a	0x0005a2a4	0	TEXTBUF-LEN
0x6b	0x0005a2b4	0	TEXTBUF-BLEN
0x6c	0x0005a2c4	0	TOTALLINE
0x6d	0x0005a2d4	0	MAXLINE-LEN
0x6f	0x0005a2e4	0	TEXTIDX
0x70	0x0005a2f4	0	TEXTIDX-BLEN
0x71	0x0005a304	0	B/TEXTIDX
0x78	0x0005a314	0	UNI?
0x7a	0x0005a324	0	#LINE:
0x83	0x0005a380	1	SWAP.8*.+.2@
0x90	0x0005a3a0	0	SAVE-#LINE:
0x96	0x0005a3d0	0	#EXTRA:
0x9d	0x0005a404	0	TF-IS-KEY
0x9e	0x0005a414	0	TF-SORT-BUF2
0xa0	0x0005a424	1	>TF-IS-KEY
0xa7	0x0005a484	1	TF-IS-KEY-CMP
0xb1	0x0005a4fc	0	SORT:
0xc4	0x0005a5cc	0	BIN-SEARCH-TARGET
0xc5	0x0005a6d0	0	BIN-SEARCH-TMP
0xc7	0x0005a7d4	1	DEF-TF-BIN-SEARCH-COMPARE
0xd3	0x0005a830	1	TF-SEARCH-CMP
0xfd	0x0005a878	1	2DUP.+.2/.DUP
0x11c	0x0005a8b8	1	BIN-SEARCH1
0x130	0x0005a920	0	BIN-SEARCH1:
0x145	0x0005a9d0	0	BIN-SEARCH:
0x174	0x0005aa6c	0	NEEDFREE?:
0x187	0x0005aaec	0	EMPTY:
0x1b0	0x0005ab94	1	TEXTIDX1.R@.+.2!.B/TEXTIDX.R+
0x1c6	0x0005abe4	1	?MEMFULL
0x1c9	0x0005ac20	1	UNI-INDEXTEXTFILE
0x20f	0x0005ae24	1	INDEXTEXTFILE
0x25b	0x0005b10c	1	ENLARGE-TEXTIDX
0x262	0x0005b144	0	%REPLACELINE:
0x294	0x0005b2e0	0	REPLACELINE:
0x2a8	0x0005b3b4	0	INSERTLINE:
0x2bf	0x0005b4b4	0	DELETELINE:
0x2d4	0x0005b564	0	DUP?:
0x2d8	0x0005b594	0	DUP?ADDLINE:
0x2e9	0x0005b5f8	0	KEY-SEARCH-DELIMITER
0x2eb	0x0005b608	1	KEY-SEARCH-COMPARE
0x2fd	0x0005b6c4	0	KEY-GETLINE:
0x306	0x0005b71c	0	KEY-REPLACELINE:
0x31c	0x0005b7e0	0	KEY-DELETELINE:
0x32f	0x0005b878	1	+.SWAP.9
0x33e	0x0005b898	1	EXPANDTEXTTABS
0x357	0x0005b9bc	0	SETBUF:
0x35e	0x0005ba18	0	"%READFILE:
0x38a	0x0005bb3c	0	INDEXLINE:
0x3a5	0x0005bbf4	0	READFROMBUF:
0x3b0	0x0005bc60	0	REARRANGE:
0x3c6	0x0005bd5c	0	TOTALLINE:
0x3c8	0x0005bd80	0	MAXLINELEN:
0x3ca	0x0005bda4	0	SAVE-TO-BUF:
0x3e5	0x0005bed0	0	FREE-SAVE-TO-BUF:
0x41d	0x0005c0b0	0	KEY-MERGE:
0x450	0x0005c398	0	DELETE-DUPLINE:
0x46f	0x0005c524	0	TMP-TEXTFILE
0x471	0x0005c550	1	"SORTTEXTFILE
0x47d	0x0005c5ec	1	"READ#LINE
0x181	0x0005c708	0	CFG-FILE
0x183	0x0005c734	1	READ-CFG
0x198	0x0005c810	1	READ-CFG-FROM-WINDOWSDIR
0x1a2	0x0005c850	1	READ-CFG-FROM-CFGDIR
0x5	0x0005c8a4	1	WNET-DISCONNECTDIALOG
0x9	0x0005c908	1	WNET-CONNECTDIALOG
0x19	0x0005c96c	0	>SHELLEXECUTEINFO-CBSIZE
0x1a	0x0005c974	0	>SHELLEXECUTEINFO-FMASK
0x1b	0x0005c97c	0	>SHELLEXECUTEINFO-HWND
0x1c	0x0005c984	0	>SHELLEXECUTEINFO-LPVERB
0x1d	0x0005c98c	0	>SHELLEXECUTEINFO-LPFILE
0x1e	0x0005c994	0	>SHELLEXECUTEINFO-LPPARAMETERS
0x1f	0x0005c99c	0	>SHELLEXECUTEINFO-LPDIRECTORY
0x20	0x0005c9a4	0	>SHELLEXECUTEINFO-NSHOW
0x21	0x0005c9ac	0	>SHELLEXECUTEINFO-HINSTAPP
0x22	0x0005c9b4	0	>SHELLEXECUTEINFO-LPIDLIST
0x23	0x0005c9bc	0	>SHELLEXECUTEINFO-LPCLASS
0x24	0x0005c9c4	0	>SHELLEXECUTEINFO-HKEYCLASS
0x25	0x0005c9cc	0	>SHELLEXECUTEINFO-DWHOTKEY
0x2a	0x0005c9d4	0	>SHELLEXECUTEINFO-DUMMYUNIONNAME
0x2b	0x0005c9dc	0	>SHELLEXECUTEINFO-HANDLE
0x2c	0x0005c9e4	0	B/SHELLEXECUTEINFO
0x2f	0x0005c9ec	1	"SHELL-FILE-PROPERTY
0x54	0x001d5824	0	T
0x8	0x0005cb20	0	CVVERSION
0xc	0x0005cb30	1	CV-.APP-VERSION
0x9e	0x0005cb5c	0	DIR-LTGREEN
0xa0	0x0005cb80	0	DIR-GREEN
0xa1	0x0005cba4	0	DIR-CYAN
0xa3	0x0005cbc8	0	DIR-LTCYAN
0xa4	0x0005cbec	0	DIR-YELLOW
0x4	0x0005cc10	0	SELTITLE
0x5	0x0005cd14	0	SELBUF
0x6	0x0005cd28	0	#SEL-TOTAL
0x8	0x0005cd38	0	SEL-MAXLEN
0xa	0x0005cd48	0	SEL-NO-HILIGHT?
0xc	0x0005cd58	0	SEL-NO-MOUSEMOVE?
0xe	0x0005cd68	1	>SEL
0x13	0x0005cda4	1	SEL-INIT
0x18	0x0005cde8	1	SEL-QUIT
0x1e	0x0005ce14	1	>SELTITLE
0x22	0x0005ce34	1	#SEL>
0x2d	0x0005cee4	0	SEL-Y
0x2e	0x0005cef4	0	SEL-YMAX
0x2f	0x0005cf04	0	SEL-XMAX
0x30	0x0005cf14	0	SEL-TOP-LINE
0x31	0x0005cf24	0	SEL-LINEREPAINT?
0x33	0x0005cf34	0	LAST-SEL-TOP-LINE
0x34	0x0005cf44	0	LAST-SEL-Y
0x36	0x0005cf54	0	SEL-COL-CUR
0x41	0x0005cffc	1	.1SEL
0x89	0x0005d2a0	0	SPAINT:
0x90	0x0005d30c	0	VPOSITION:
0x96	0x0005d36c	0	HPOSITION:
0x9b	0x0005d3a8	0	HOME:
0xa5	0x0005d434	0	VSCROLL:
0xa6	0x0005d46c	0	VPAGE:
0xa8	0x0005d4b0	0	HSCROLL:
0xa9	0x0005d4e8	0	HPAGE:
0xab	0x0005d52c	0	WM_VSCROLL
0x39	0x0005d77c	0	SEL-WINDOW
0xe3	0x0005ddc4	0	SEL1
0x10c	0x0005e064	0	LAST-SEL-CLICK-Y
0x10d	0x0005e074	1	%SEL-CLICK
0x12a	0x0005e22c	1	SEL-TRACK
0x135	0x0005e278	1	SEL-CLICK
0x140	0x0005e31c	1	SEL-UNCLICK
0x144	0x0005e374	1	SEL-DBLCLICK
0x150	0x0005e3a0	1	%SEL-UP
0x158	0x0005e410	1	%SEL-DOWN
0x161	0x0005e47c	1	SEL-HOT-DUP?
0x16b	0x0005e510	1	SEL-GOTO-Y
0x171	0x0005e580	1	SELINDEX
0x19f	0x0005e778	0	SELED-STR
0x1a1	0x0005e87c	1	SEL-MAIN
0x1bc	0x0005ea84	1	SEL
0x1d0	0x001d5e30	0	T
0xb	0x0005eb40	0	FREEIMAGE-IJL?
0xd	0x0005eb50	0	READING-PIC-ABORT?
0xe	0x0005eb60	0	ALLOW-READING-PIC-ABORT?
0xf	0x0005eb70	0	READING-PIC?
0x12	0x0005eb80	0	SIZEOF(BITMAPINFOHEADER)
0x13	0x0005eb88	0	SIZEOF(BITMAPFILEHEADER)
0x14	0x0005eb90	0	SIZEOF(BITMAP)
0x17	0x0005eb98	0	BITMAPFILEHEADER
0x22	0x0005ebe8	0	BMIH
0x23	0x0005ebf8	0	BISIZE
0x24	0x0005ec08	0	BIWIDTH
0x25	0x0005ec18	0	BIHEIGHT
0x26	0x0005ec28	0	BIPLANES
0x27	0x0005ec38	0	BIBITCOUNT
0x28	0x0005ec48	0	BICOMPRESSION
0x29	0x0005ec58	0	BISIZEIMAGE
0x2a	0x0005ec68	0	BIXPELSPERMETER
0x2b	0x0005ec78	0	BIYPELSPERMETER
0x2c	0x0005ec88	0	BICLRUSED
0x2d	0x0005ec98	0	BICLRIMPORTANT
0x2e	0x0005eca8	0	BMICOLORS
0x21	0x0005ecb8	0	BMIH
0x33	0x0005f124	0	BMIH2
0x34	0x0005f134	0	BISIZE
0x35	0x0005f144	0	BIWIDTH
0x36	0x0005f154	0	BIHEIGHT
0x37	0x0005f164	0	BIPLANES
0x38	0x0005f174	0	BIBITCOUNT
0x39	0x0005f184	0	BICOMPRESSION
0x3a	0x0005f194	0	BISIZEIMAGE
0x3b	0x0005f1a4	0	BIXPELSPERMETER
0x3c	0x0005f1b4	0	BIYPELSPERMETER
0x3d	0x0005f1c4	0	BICLRUSED
0x3e	0x0005f1d4	0	BICLRIMPORTANT
0x3f	0x0005f1e4	0	BMICOLORS
0x32	0x0005f1f4	0	BMIH2
0x44	0x0005f624	1	GET-RATIO-ENLARGE-SIZE
0x56	0x0005f738	1	BMP-SCANLINE-ALIGN
0x5a	0x0005f754	0	FI-DLL
0x5c	0x0005f774	1	FI-GET-WIDTH
0x5d	0x0005f7b4	1	FI-GET-HEIGHT
0x5e	0x0005f7f4	1	FI-GET-INFO
0x5f	0x0005f834	1	FI-GET-BITS
0x60	0x0005f874	1	FI-GET-SCANLINE
0x61	0x0005f8b8	1	FI-FREE
0x1	0x0005f8f4	0	SIZEOF(BMPINFOHEADER)
0x4	0x0005f8fc	0	IJL-MFILE
0x6	0x0005f90c	0	IJL_NONE
0x7	0x0005f914	0	IJL_OTHER
0xa	0x0005f91c	0	IJL_OK
0xb	0x0005f924	0	IJL_INTERRUPT_OK
0xc	0x0005f92c	0	IJL_ROI_OK
0xe	0x0005f934	0	IJL_411
0x11	0x0005f93c	0	IJL_BGR
0x12	0x0005f944	0	IJL_YCBCR
0x13	0x0005f94c	0	IJL_G
0x17	0x0005f954	0	IJL_SETUP
0x1b	0x0005f95c	0	IJL_JBUFF_READPARAMS
0x1e	0x0005f964	0	IJL_JBUFF_READWHOLEIMAGE
0x21	0x0005f96c	0	IJL_JBUFF_READHEADER
0x24	0x0005f974	0	IJL_JBUFF_READENTROPY
0x26	0x0005f97c	0	IJL_JFILE_WRITEWHOLEIMAGE
0x2a	0x0005f984	0	IJL_JBUFF_WRITEHEADER
0x31	0x0005f98c	0	IJL_JBUFF_READONEHALF
0x34	0x0005f994	0	IJL_JBUFF_READONEQUARTER
0x38	0x0005f99c	0	IJL_JBUFF_READONEEIGHTH
0xc4	0x0005f9a4	0	JCPROPS
0xc6	0x0005f9b4	0	.USEJPEGPROPERTIES
0xc8	0x0005f9bc	0	.DIBBYTES
0xc9	0x0005f9c4	0	.DIBWIDTH
0xca	0x0005f9cc	0	.DIBHEIGHT
0xcb	0x0005f9d4	0	.DIBPADBYTES
0xcc	0x0005f9dc	0	.DIBCHANNELS
0xcd	0x0005f9e4	0	.DIBCOLOR
0xce	0x0005f9ec	0	.DIBSUBSAMPLING
0xd0	0x0005f9f4	0	.JPGFILE
0xd1	0x0005f9fc	0	.JPGBYTES
0xd2	0x0005fa04	0	.JPGSIZEBYTES
0xd3	0x0005fa0c	0	.JPGWIDTH
0xd4	0x0005fa14	0	.JPGHEIGHT
0xd5	0x0005fa1c	0	.JPGCHANNELS
0xd6	0x0005fa24	0	.JPGCOLOR
0xd7	0x0005fa2c	0	.JPGSUBSAMPLING
0xd8	0x0005fa34	0	.JPGTHUMBWIDTH
0xd9	0x0005fa3c	0	.JPGTHUMBHEIGHT
0xdb	0x0005fa44	0	.CCONVERSION_REQD
0xdc	0x0005fa4c	0	.UPSAMPLING_REQD
0xdd	0x0005fa54	0	.JQUALITY
0xe2	0x0005fa5c	0	.IOTYPE
0xe3	0x0005fa64	0	.ROI
0xe4	0x0005fa6c	0	.DCTTYPE
0xe5	0x0005fa74	0	.FAST_PROCESSING
0xe6	0x0005fa7c	0	.INTERRUPT
0xea	0x0005fa84	0	IJL-DLL
0x101	0x0005faa0	1	FREEIJL
0x103	0x0005fadc	0	III
0x105	0x0005faec	0	IJL-SCALE
0x106	0x0005fafc	0	IJL-SCALE-PARAM
0x107	0x0005fb0c	0	IJL-TN-SCALE?
0x108	0x0005fb1c	0	IJL-TN-SCALE-WIDTH
0x109	0x0005fb2c	0	IJL-TN-SCALE-HEIGHT
0x10b	0x0005fb3c	0	IJL-FI
0x10d	0x0005fb4c	0	IJLREAD-ADDRESS
0x10e	0x0005fb5c	0	SIZEOFJCPROPS
0x10f	0x0005fb64	0	IJLLASTERROR?
0x112	0x0005fb74	1	>IJL-SCALE
0x116	0x0005fb9c	0	VP-ING?
0x117	0x0005fbac	0	VP-ALREADY-WAIT?
0x118	0x0005fbbc	0	VP-MOUSEDOWN?
0x11a	0x0005fbcc	0	VP-ENTER-EXIT?
0x11b	0x0005fbdc	0	VP-PGUPDN?
0x11d	0x0005fbec	0	IJLKEY?
0x11f	0x0005fbfc	1	%IJLKEY?
0x1b2	0x0005fd50	0	JIL-NO-DIB?
0x1b4	0x0005fd60	1	IJLREADJPG1
0x28e	0x000605f8	0	READING-IJL?
0x291	0x00060608	1	IJLREADJPG
0x3	0x00060704	0	M_SOF0
0x4	0x0006070c	0	M_SOF1
0x5	0x00060714	0	M_SOF2
0x6	0x0006071c	0	M_SOF3
0x7	0x00060724	0	M_SOF5
0x8	0x0006072c	0	M_SOF6
0x9	0x00060734	0	M_SOF7
0xa	0x0006073c	0	M_SOF9
0xb	0x00060744	0	M_SOF10
0xc	0x0006074c	0	M_SOF11
0xd	0x00060754	0	M_SOF13
0xe	0x0006075c	0	M_SOF14
0xf	0x00060764	0	M_SOF15
0x10	0x0006076c	0	M_SOI
0x11	0x00060774	0	M_EOI
0x12	0x0006077c	0	M_SOS
0x13	0x00060784	0	M_DQT
0x14	0x0006078c	0	M_APP0
0x15	0x00060794	0	M_APP1
0x16	0x0006079c	0	M_APP12
0x17	0x000607a4	0	M_COM
0x5	0x000607ac	0	BUFFERREAD
0x7	0x000607e8	0	BR-BUF
0x8	0x000607f8	0	BR-BLEN
0x9	0x00060808	0	BR-PTR
0x2c	0x00060938	1	%GETC
0x43	0x00060978	0	GETC:
0x52	0x000609b0	0	BR-PARAM:
0x55	0x000609dc	0	GETW:
0x5f	0x00060a34	0	GETS:
0x6b	0x00060acc	0	POSITION:
0x6d	0x00060b08	0	SKIP:
0x6e	0x00060b2c	0	REMAINSIZE:
0x75	0x00060b94	0	SET-BUF:
0x1c	0x00060bd4	0	JPGFILEBUF
0x1e	0x00060be8	0	JPG-WIDTH
0x1f	0x00060bf8	0	JPG-HEIGHT
0x20	0x00060c08	0	JPG-GRAYSCALE?
0x22	0x00060c18	0	JPG-EXIF
0x24	0x00060c28	1	JPGFILEGET1BYTE
0x28	0x00060c68	1	JPGSKIP
0x2c	0x00060c88	1	FINDJPGMARKER
0x46	0x00060cc8	1	BYTE-JOIN
0x4b	0x00060ce4	1	DOJPGMARKER
0xc8	0x000610c8	1	%LISTJPG
0xd4	0x00061100	1	"LISTJPG
0xe7	0x0006118c	1	BUF-LISTJPG
0xfe	0x001d7244	0	T
0x66	0x00061214	1	"FI-LOAD
0x9a	0x000613e4	1	FI-CONVERTTO24BIT
0xa3	0x0006148c	0	"READ&RESIZE-TO-BUF-PRE-FI?
0x3	0x0006149c	1	GET-SCALED-XY
0x1e	0x000615c4	1	3*
0x24	0x000615dc	0	RESIZE-XTABLE
0x25	0x000615ec	0	RESIZE-ORG
0x26	0x000615f4	0	RESIZE-DST
0x28	0x000615fc	1	RESIZE-XXX
0x56	0x00061638	0	HALFTONE-TOTAL
0x57	0x00061648	0	HALFTONE-CNT
0x59	0x00061658	0	HALFTONE-NEW-PTR
0x5a	0x00061668	0	HALFTONE-X-TBL
0x5b	0x00061678	0	HALFTONE-Y-TBL
0x5e	0x00061688	0	#HALFTONE-Y-REPEAT
0x5f	0x00061698	0	#HALFTONE-X-REPEAT
0x62	0x000616a8	0	BYTES/LINE1
0x6c	0x000616b8	1	HALFTONE-XXX-1
0x9a	0x000616fc	1	+.C@
0xab	0x00061718	0	RESIZE-HALFTONE?
0xbb	0x00061728	1	RESIZE-RGB-HALFTONE
0x11a	0x00061ac0	1	RESIZE-RGB
0x168	0x00061c50	0	RESIZED-XSIZE
0x169	0x00061c60	0	RESIZED-YSIZE
0x16b	0x00061c70	1	"READ&RESIZE-TO-BUF
0x1aa	0x00061db8	1	FI-HALFTONE-RESIZE
0x1e6	0x00061fec	1	FI-DIRECT-RESIZE
0xa8	0x00062028	0	FILTER_BILINEAR
0xab	0x00062030	0	FILTER_LANCZOS3
0xad	0x00062038	1	FI-RESIZE
0xce	0x000620c0	1	FI-RATIO-RESIZE
0xd8	0x00062114	1	DIB2FI
0xf8	0x000622a8	0	BRIGHT-PP
0x12c	0x000622b8	0	FREEIMAGE-BRIGHTER-AUTO?
0x12e	0x000622c8	0	RGB-TOTAL
0x130	0x000622e0	0	BRIGHTER-TBL
0x176	0x000622f0	1	CALC-AUTO-BRIGHT-PP
0x1a3	0x00062490	0	BRIGHT-PP-R
0x1a4	0x000624a0	0	BRIGHT-PP-G
0x1a5	0x000624b0	0	BRIGHT-PP-B
0x1a7	0x000624c0	1	%FI-BRIGHT
0x1d9	0x000627e0	1	FREEIMAGE-BRIGHTER
0x8	0x000629c4	1	DUP.3+.SWAP.DUP.3C@
0x22	0x00062a00	1	FI-GET-COLORNESS
0x56	0x00062bec	1	"GET-COLORNESS
0x6c	0x00062c70	1	FI-GET-XY-ADR
0x76	0x00062cf8	1	FI-COPYBLOCK
0x9e	0x00062f1c	1	FI-ALLOCATE
0xa4	0x00062f90	1	FI-MERGE
0x208	0x00063154	0	PV-GET-TN?
0x20b	0x00063164	0	PV-"GET-TN
0x20d	0x00063174	1	PV-GET-TN
0x220	0x0006325c	0	FREEIMAGELOAD-BRIGHT%
0x23d	0x0006326c	0	PPVBITS
0x23f	0x0006327c	1	FI2DIB
0x253	0x00063390	1	FREEIMAGELOAD
0x284	0x000633b8	1	FI-SAVE
0x28c	0x00063448	1	FI-GETFIFFROMFILENAME
0x28f	0x00063494	1	FREEIMAGESAVEBMP
0x290	0x000634c0	1	FREEIMAGESAVEPNG
0x291	0x000634ec	1	FREEIMAGESAVETIF
0x299	0x0006351c	0	JPG-QUALITY
0x29b	0x0006352c	1	FI-SAVE-JPG
0x2a3	0x0006355c	1	FREEIMAGESAVEGIF
0x2aa	0x00063608	1	FI-SAVE-BMP
0x2ab	0x00063620	1	FI-SAVE-TIF
0x2ac	0x00063638	1	FI-SAVE-GIF
0x2ad	0x00063650	1	FI-SAVE-PNG
0x2af	0x00063668	1	FI-SAVE-BY-EXT
0x2b8	0x000637b8	1	"RESIZE-PIC
0x2cc	0x0006387c	1	GETDIBSIZE
0x2d6	0x000638f8	1	GETDIB-WIDTH-HEIGHT
0x2e1	0x0006396c	0	BMP-CACHE
0x2e2	0x00063980	0	BMP-CACHE-INIT?
0x2e3	0x00063990	1	?BMP-CACHE-INIT
0x2e8	0x000639cc	0	MAX-BMP-CACHE-SIZE
0x2e9	0x000639d4	0	CUR-BMP-CACHE-SIZE
0x2eb	0x000639e4	0	#MIN-BMP-CACHE
0x2ec	0x000639ec	1	#BMP-CACHE
0x2ee	0x00063a0c	0	>BMPCACHE-FILENAME
0x2ef	0x00063a14	0	>BMPCACHE-HANDLE
0x2f0	0x00063a1c	0	>BMPCACHE-SIZE
0x2f1	0x00063a24	0	>BMPCACHE-DATE
0x2f2	0x00063a2c	0	>BMPCACHE-UNCOMPRESSED-SIZE
0x2f3	0x00063a34	0	SIZE/BITMAP-CACHE
0x2f5	0x00063a3c	1	IN-BITMAP-CACHE?
0x314	0x00063c28	1	>BITMAP-CACHE
0x332	0x00063e4c	1	DELETE-ALL-BITMAP-CACHE
0x33c	0x00063efc	1	FREEBITMAP-CACHE
0x340	0x00063f0c	1	"READPIC2DIB
0x371	0x00064030	0	GRAB-SCREEN-FOREGROUNDWINDOW
0x373	0x00064040	1	GRAB-SCREEN-START
0x378	0x00064064	1	GRAB-SCREEN-TO-FI
0x3d6	0x000643cc	1	GRAB-SCREEN
0x3db	0x00064420	1	GRAB-SCREEN-END
0xc	0x00064430	0	TOR-FILES
0xd	0x00064444	0	UTF8-TOR-FILES
0xf	0x00064458	0	TOR-ADR
0x10	0x00064468	0	TOR-LEN
0x12	0x00064478	0	#TOR-FILES
0x13	0x00064488	0	UTF8-#TOR-FILES
0x15	0x00064498	0	TOR-ANNOUNCE-BUF
0x16	0x000644a8	0	TOR-FILENAME-LENGTH
0x17	0x000644c0	0	TOR-TORRENT-FILENAME
0x19	0x000644d8	0	TOR-ANNOUNCE
0x1a	0x000644f0	0	TOR-COMMENT
0x1b	0x00064508	0	TOR-COMMENT.UTF8
0x1d	0x00064520	0	TOR-FILENAME
0x1e	0x00064538	0	UTF8-TOR-FILENAME
0x20	0x00064550	0	TOR-ENCODING
0x22	0x00064568	0	TOR-PUBLISHER
0x23	0x00064580	0	TOR-PUBLISHER-URL
0x25	0x00064598	0	TOR-CODEPAGE
0x28	0x000645a8	0	>TOR-FILES-DSIZE
0x29	0x000645b0	0	>TOR-FILES-NAME
0x2a	0x000645b8	0	B/TOR-FILES
0x2f	0x000645c0	0	TMP-TOR-FILES
0x4c	0x000645d0	1	TOR-/STRING
0x4f	0x00064610	1	.TOR-REMAIN
0x55	0x000646c0	1	CUR-TOR-CHAR
0x57	0x000646f8	1	TOR-END?
0x59	0x00064740	1	SET-TOR-POS
0x5b	0x00064760	1	TOR-GET-STR
0x76	0x00064854	0	(GET-TOR-DIC)
0x78	0x00064864	1	GET-TOR-LIST
0xb5	0x00064af8	1	GET-TOR-DIC
0xfb	0x00064ddc	0	TOR-MAIN-DIC
0xfd	0x00064dec	1	TOR-">LIST
0x102	0x00064e38	1	TOR-">DIC
0x107	0x00064e84	0	(TOR-FREE-DIC)
0x109	0x00064e94	0	FREE-CNT
0x10b	0x00064ea4	1	TOR-FREE-LIST
0x11e	0x00064fa8	1	TOR-FREE-DIC
0x132	0x000650bc	0	TOR-INFO-DIC
0x133	0x000650cc	0	TOR-INFO-FILES-LIST
0x137	0x000650dc	1	TOR-GET-DIC-STRING
0x153	0x000652f4	1	TOR-INFO-FILES>TMP-TOR-FILES
0x174	0x000654b0	1	%"LIST-TORRENT
0x1bc	0x000658b8	0	LISTING-TORRENT?
0x1be	0x000658c8	1	"LIST-TORRENT
0x213	0x001d85b0	0	TEST-"LIST-TORRENT
0x244	0x001d8aa8	0	T
0x7	0x00065c64	0	MP3-TAG
0x9	0x00065ce8	1	ASCIIZ>"
0x12	0x00065d14	0	MP3-FILESIZE
0x25	0x00065d2c	1	>MP3-TITLE
0x26	0x00065d48	1	>MP3-ARTIST
0x27	0x00065d64	1	>MP3-ALBUM
0x28	0x00065d80	1	>MP3-COMMENT
0x2a	0x00065d9c	1	MP3-TITLE
0x2b	0x00065dc4	1	MP3-ARTIST
0x2c	0x00065dec	1	MP3-ALBUM
0x2d	0x00065e14	1	MP3-COMMENT
0x2f	0x00065e3c	0	MP3-ID3-SIGN
0x32	0x00065e44	1	"READ-MP3-TAG
0x65	0x00065f80	1	"SAVE-MP3-TAG
0xa	0x000660f4	0	DISPLAY-TN?
0xc	0x00066104	1	XOPEN-FILE
0x1a	0x00066184	0	TN-DATA-FILENAME
0x1b	0x00066288	0	TN-IDX-FILENAME
0x1d	0x0006638c	0	#TOTAL-TN-IDX
0x1f	0x0006639c	0	TN-IDX
0x21	0x000663b0	0	TN-DATA
0x22	0x000663c0	0	TN-DATA-2
0x23	0x000663d0	0	TN-DATA-3
0x25	0x000663e0	0	TN-2?
0x27	0x000663f0	0	TN-WIDTH-LIMIT
0x28	0x00066400	0	TN-HEIGHT-LIMIT
0x2a	0x00066410	0	SIZE/TN-DATA
0x2c	0x00066418	0	FILL-TN-DATA
0x2e	0x00066428	0	TN-IDX-HANDLE
0x2f	0x00066438	0	TN-DATA-HANDLE
0x30	0x00066448	0	ALLOW-TN-UPDATE?
0x33	0x00066458	0	>TN-IDX-NAME
0x34	0x00066460	0	>TN-IDX-SIZE
0x35	0x00066468	0	>TN-IDX-DATE
0x36	0x00066470	0	>TN-IDX-XSIZE
0x37	0x00066478	0	>TN-IDX-YSIZE
0x38	0x00066480	0	>TN-IDX-#DATA
0x44	0x00066488	0	SIZE/TN-IDX
0x46	0x00066490	0	1TN-IDX
0x47	0x000665b0	0	1TN-IDX-2
0x50	0x000666d0	1	>#TN-IDX
0x53	0x00066700	0	TN-IS-KEY
0x54	0x00066804	1	>TN-IS-KEY
0x58	0x00066844	1	TN-IS-KEY-CMP
0x5c	0x00066878	1	TN-SORT
0x66	0x000668d8	1	READ-WHOLE-TN-IDX
0x71	0x00066948	1	SAVE-WHOLE-TN-IDX
0x7a	0x00066988	1	UNLOCK-TN-IDX
0x8a	0x000669ec	1	LOCK-TN-IDX
0xab	0x00066acc	0	TN-CACHE-PATH
0xad	0x00066bd0	1	TN-INIT
0xcb	0x00066d2c	1	TN-QUIT
0xd8	0x00066db8	1	DELETE-TN-CACHE
0xee	0x00066e54	0	BIN-SEARCH-TARGET
0xef	0x00066f58	0	BIN-SEARCH-CMP
0xf1	0x00066f68	1	TN-BIN-SEARCH-CMP
0xf7	0x00066f9c	1	BIN-SEARCH
0x109	0x00067030	0	#TN-TO-INSERT
0x10b	0x00067040	1	"IN-TN?
0x129	0x00067040	1	"IN-TN?-2
0x136	0x000670d0	1	GET-REAL-TN-DATA-SIZE
0x13b	0x00067108	1	#SAVE-TN-DATA
0x154	0x00067178	1	#SAVE-TN-IDX
0x190	0x000672d0	1	#GET-TN-DATA
0x1a6	0x00067368	1	#GET-TN-IDX
0x1ab	0x00067390	1	"ADD-TN
0x1b5	0x000673dc	1	UPDATE-TN
0x1b9	0x00067400	1	TN-NEED-UPDATE?
0x1c5	0x0006746c	1	"TN-NEED-UPDATE?
0x1cf	0x000674c0	1	"GET-TN
0x1f7	0x0006764c	1	"GET-TN-2
0xb7	0x00067680	0	FDENG
0xba	0x000676d0	0	CV-HOTKEY?
0xbb	0x000676e0	0	STATUS-TRACKING?
0xbc	0x000676f0	0	VF-EVERRIGHT?
0xbd	0x00067700	0	CV-DOCKING?
0xbe	0x00067710	0	HIDE-DIR.DOC?
0xbf	0x00067720	0	PIC-PV?
0xc0	0x00067730	0	ARC-PV?
0xc1	0x00067740	0	ARC-COMMENT-PV?
0xc2	0x00067750	0	EXTERN-VIEWFILE?
0xc3	0x00067760	0	CV-FULLSCREEN?
0xc4	0x00067770	0	WINDOWS-SHIFT-UP?
0xc5	0x00067780	0	#DISKBUF
0xc7	0x00067790	0	CV-ALLOW-WORKING-DOCK?
0xc9	0x000677a0	0	AUTO-GB-PV?
0xcb	0x000677b0	0	REMEMBER-CV-CD-POS?
0xcd	0x000677c0	0	AUTO-CLEAR-INPUT-HIS?
0xcf	0x000677d0	0	THINFONT
0xd1	0x00067820	0	VP-DEF-BESTFIT?
0xd2	0x00067830	0	VP-DEF-BESTFIT-WIDTH?
0xd3	0x00067840	0	VP-BESTFIT?
0xd4	0x00067850	0	VP-BESTFIT-WIDTH?
0xd6	0x00067860	0	AUTO-VH-MAPING-SIZE
0xd7	0x00067870	0	HALFTONE?
0xd9	0x00067880	0	CV-CURRENT-DIR$
0xdb	0x00067984	0	DRIVE-A-NO-PV?
0xdd	0x00067994	0	PV-AVI?
0xe0	0x000679a4	0	SAVE-CV-FILENAME-CP
0xe1	0x000679b4	0	CV-FILENAME-CP
0xe4	0x000679c4	0	GRAB-SAVE-PATH
0xe6	0x00067a48	0	AUTO-SKIP-SAMEFILE?
0xe8	0x00067a58	0	CV-THUMBNAIL?
0xe9	0x00067a68	0	TN-UPDATEPAINT?
0xea	0x00067a78	0	TN-UPDATEPAINT-N
0xee	0x00067a88	0	TN-WIDTH
0xef	0x00067a98	0	TN-HEIGHT
0xf0	0x00067aa8	0	TN-BOARDER
0xf3	0x00067ab8	0	TN-TOTAL-WIDTH
0xf4	0x00067ac8	0	TN-TOTAL-HEIGHT
0xf6	0x00067ad8	0	TN-NAME-HEIGHT
0xf7	0x00067ae8	0	TN-BG
0xf8	0x00067af8	0	TN-BAR-BG
0xf9	0x00067b08	0	(CV)
0x106	0x00067b18	1	SET-CV-TITLE
0x10a	0x00067b4c	0	CV-STARTXY-BEFOREFULLSCREEN
0x10b	0x00067b64	0	CV-STARTXYSIZE-BEFOREFULLSCREEN
0x10d	0x00067b7c	0	EF-CHARSET
0x110	0x00067b8c	0	CV-TOOLBAR?
0x112	0x00067b9c	0	CV-F2-WAIT?
0x114	0x00067bac	0	EF-EVERSAVE?
0x115	0x00067bbc	0	NEEDFULLUPDATE?
0x11b	0x00067bcc	1	CV-DARK-BG?
0x11e	0x00067c0c	1	ADJDIRCOLOR
0x1c6	0x00067e7c	0	CV?
0x3	0x00067e8c	0	DUPTOOLBAR
0x6	0x00067ec8	0	BMPHEADER
0xd	0x00067edc	0	SIZEOF(BMPHEADER)
0xf	0x00067ee4	0	BMPINFOHEADER
0x1e	0x00067f10	0	SIZEOF(BMPINFOHEADER)
0x20	0x00067f18	0	BMPRECT
0x26	0x00067f2c	0	SIZEOF(RGBQUAD)
0x28	0x00067f34	0	SIZEOF(BMPBITMAP)
0x29	0x00067f3c	0	BMPBITMAP
0x2c	0x00067f58	0	BHOFFSET
0x2d	0x00067f68	0	BVOFFSET
0x2e	0x00067f78	0	TOOL-SPACING
0x2f	0x00067f88	0	BAR-NAME
0x30	0x00067f98	0	STARTED?
0x31	0x00067fa8	0	BMP-ADR
0x32	0x00067fb8	0	BMP-LEN
0x33	0x00067fc8	0	BMP-OFF
0x34	0x00067fd8	0	PICTURE-BITMAP
0x35	0x00067fe8	0	PREV-BITMAP
0x39	0x0006800c	0	VERTICAL-OFFSET
0x58	0x00068160	0	GETBMP:
0x5b	0x00068190	1	READ-BMP
0x83	0x00068394	1	BUTTON+H
0x4	0x000689c4	0	QP-ADR
0x5	0x000689d4	0	QP-LEN
0x6	0x000689e4	0	QP-PTR
0x7	0x000689f4	0	QP-ORI-LEN
0x8	0x00068a04	0	MIME-AUTORENAME?
0xb	0x00068a14	1	QP-OUT1C
0xc	0x00068a40	1	QP-IN1C
0xd	0x00068a6c	1	QP-C>N
0x11	0x00068acc	1	QP>TXT
0x34	0x00068c28	1	64-C>N
0x4f	0x00068cfc	0	64-ADR
0x50	0x00068d0c	0	64-LEN
0x51	0x00068d1c	0	64-PTR
0x52	0x00068d2c	0	64-ORI-LEN
0x53	0x00068d3c	1	64-OUT1C
0x54	0x00068d68	1	64-IN1C
0x56	0x00068db0	0	64-BUF
0x5a	0x00068dbc	0	64-END?
0x5c	0x00068dcc	1	64-GET4CHAR
0x7b	0x00068e84	1	64UU4CHAR
0x92	0x00068ec0	0	64UU4CHAR-BUF
0x94	0x00068ec8	1	64>TXT
0xca	0x00068ff0	1	DECODECHARSET
0xfb	0x00069238	1	UU4CHAR
0x121	0x00069290	1	UU>TXT
0x15b	0x000693d4	0	BASE64ING?
0x15c	0x000693e4	0	UUING?
0x15d	0x000693f4	0	#BASE64LINE
0x15e	0x00069404	0	#UULINE
0x15f	0x00069414	0	BASE64-HANDLE
0x161	0x00069424	0	LAST-UUING-SUBJECT
0x163	0x00069528	0	UUING-CUT#
0x165	0x00069538	0	NEWS-MIME?
0x166	0x00069548	0	MIME-BOUNDARY
0x168	0x0006964c	0	MIMESAVEPATH
0x169	0x00069750	0	MIMEFILENAME
0x16b	0x00069854	0	MIMESAVED-FILENAME
0x16d	0x00069958	0	UUFILE
0x16e	0x0006996c	0	BASE64FILE
0x16f	0x00069980	0	MIMEFILE-SIZE
0x172	0x00069990	0	NEWS-SUBJECT
0x173	0x00069a9c	0	NEWS-SUBJECT1
0x175	0x00069ba8	1	MIMECOPYREMTO
0x187	0x00069c88	0	ORIGIN-MIME-FILENAME
0x189	0x00069d8c	0	MIMEFILE-ABORT?
0x18b	0x00069d9c	1	DO-CLOSEMIMEFILE
0x1b6	0x00069ea4	1	CLOSEBASE64FILE
0x1be	0x00069ee0	1	CLOSEUUFILE
0x1c8	0x00069f1c	1	DECODE1MIME
0x274	0x0006a5b4	1	CLOSEMIMEFILE
0x27d	0x0006a5f0	1	MIME-INIT
0x287	0x0006a660	1	MIME-QUIT
0x1d3	0x0006a684	0	CV-CHAR-WIDTH
0x1d4	0x0006a694	0	CV-CHAR-HEIGHT
0x1d6	0x0006a6a4	0	CVICONMSG
0x7	0x0006a6ac	0	SORTTYPE
0x8	0x0006a6bc	0	SAVE-LAST-SORTTYPE?
0x9	0x0006a6cc	0	DESCEND?
0xb	0x0006a6dc	0	ID_LCCEDIT_DIALOG
0xc	0x0006a6e4	0	ATTRIB_DIALOG
0xd	0x0006a6ec	0	OVERWRITE_DIALOG
0xf	0x0006a6f4	0	SEARCH_DIALOG
0x10	0x0006a6fc	0	SORT_DIALOG
0x11	0x0006a704	0	SER-REN_DIALOG
0x12	0x0006a70c	0	MAKEARC_DIALOG
0x13	0x0006a714	0	PATHEDIT_DIALOG
0x14	0x0006a71c	0	VFFIND_DIALOG
0x15	0x0006a724	0	EFFIND_DIALOG
0x16	0x0006a72c	0	NEWS_DIALOG
0x17	0x0006a734	0	VHFIND_DIALOG
0x18	0x0006a73c	0	YES/NO_DIALOG
0x19	0x0006a744	0	CNEWS_DIALOG
0x1a	0x0006a74c	0	FILENAMEEDIT_DIALOG
0x1b	0x0006a754	0	IDB_OPTION1
0x1c	0x0006a75c	0	IDB_OPTION2
0x1d	0x0006a764	0	IDB_OPTION3
0x1e	0x0006a76c	0	IDB_OPTION4
0x1f	0x0006a774	0	IDB_OPTION5
0x20	0x0006a77c	0	IDB_OPTION6
0x21	0x0006a784	0	IDB_OPTION7
0x22	0x0006a78c	0	IDB_OPTION8
0x23	0x0006a794	0	IDB_OPTION9
0x24	0x0006a79c	0	IDB_OPTION10
0x25	0x0006a7a4	0	IDB_OPTION11
0x26	0x0006a7ac	0	IDB_OPTION12
0x27	0x0006a7b4	0	IDB_OPTION13
0x28	0x0006a7bc	0	IDB_OPTION14
0x29	0x0006a7c4	0	IDB_OPTION15
0x2b	0x0006a7cc	0	IDB_GROUP
0x2c	0x0006a7d4	0	IDB_GROUP1
0x2d	0x0006a7dc	0	OPTION_DIALOG
0x2e	0x0006a7e4	0	X-OPTION_DIALOG
0x31	0x0006a7ec	0	IDD_EDIT3_TEXT
0x32	0x0006a7f4	0	IDD_EDIT4_TEXT
0x34	0x0006a7fc	0	ID_LCCPWDEDIT_DIALOG
0x36	0x0006a804	0	IDD_PROMPT_TEXT3
0x37	0x0006a80c	0	IDD_EDIT_TEXT3
0x38	0x0006a814	0	IDD_PROMPT_TEXT4
0x39	0x0006a81c	0	IDD_EDIT_TEXT4
0x3b	0x0006a824	0	IDD_PROMPT3_TEXT
0x3c	0x0006a82c	0	IDD_PROMPT4_TEXT
0x3d	0x0006a834	0	IDD_PROMPT5_TEXT
0x3e	0x0006a83c	0	IDD_PROMPT6_TEXT
0x3f	0x0006a844	0	IDD_PROMPT7_TEXT
0x41	0x0006a84c	0	IDD_PROMPT_TEXT2
0x44	0x0006a854	0	IDOK4
0x4c	0x0006a85c	1	COMBOBOX1
0x57	0x0006a8e4	1	AUTORADIOBUTTON
0x62	0x0006a95c	0	EDITHIS
0x63	0x0006a970	0	PATHHIS
0x65	0x0006a984	0	DIALOG1
0x67	0x0006a9c0	1	ADD-EDITHIS
0x75	0x0006aa98	1	ADD-PATHHIS
0x8c	0x0006ab70	0	LCCPWDEDIT?
0x8e	0x0006ab80	0	LCCDLG2
0xa3	0x0006ac70	0	OPTIONSTATE
0xa4	0x0006ac80	0	NOOPTIONSTATE?
0xa6	0x0006ac90	0	LCCEDITDIALOG
0xa8	0x0006accc	0	TEMPLATE
0xaa	0x0006acd4	0	SZTEXT
0xab	0x0006ace4	0	SZTITLE
0xac	0x0006acf4	0	SZPROMPT
0xad	0x0006ad04	0	SZDOIT
0xae	0x0006ad14	0	SZCANCEL
0xaf	0x0006ad24	0	SZOPTION
0xb0	0x0006ad34	0	LCCEDITSZPROMPT
0x112	0x0006b150	0	SETPROMPTTEXT:
0x119	0x0006b178	0	LCC-PWD-EDIT-DLG
0x12e	0x0006b268	0	LCCPWDEDITDIALOG
0x130	0x0006b2a4	0	TEMPLATE
0x5	0x0006b318	0	TEMPLATE
0x7	0x0006b320	0	SZTEXT
0x8	0x0006b330	0	SZTITLE
0x9	0x0006b340	0	SZPROMPT
0xa	0x0006b350	0	SZDOIT
0xb	0x0006b360	0	SZCANCEL
0xc	0x0006b370	0	SZOPTION
0x10	0x0006b380	0	SENDDLGITEMMESSAGEW:
0x2	0x0006b8b8	0	LCCEDITW
0x140	0x0006b934	0	TEMPLATE
0x142	0x0006b93c	0	SZTEXT
0x143	0x0006b94c	0	SZTITLE
0x144	0x0006b95c	0	SZPROMPT
0x145	0x0006b96c	0	SZDOIT
0x146	0x0006b97c	0	SZCANCEL
0x147	0x0006b98c	0	SZOPTION
0x13d	0x0006bcf0	0	LCCEDIT
0x1b4	0x0006bd30	0	ATTRIB-READONLY?
0x1b5	0x0006bd40	0	ATTRIB-HIDDEN?
0x1b6	0x0006bd50	0	ATTRIB-SYSTEM?
0x1b7	0x0006bd60	0	ATTRIB-ARCHIVE?
0x1b8	0x0006bd70	0	ATTRIB-COMPRESSED?
0x1ba	0x0006bd80	0	USE-SAME-ATTRIB?
0x1c1	0x0006bd90	0	LCCDLG1
0x1e0	0x0006c008	0	TEMPLATE
0x1e2	0x0006c010	0	SZPROMPT
0x1de	0x0006c36c	0	ATTRIBDLG
0x224	0x0006c388	0	LCCDLG3
0x239	0x0006c4b0	0	TEMPLATE
0x23b	0x0006c4b8	0	SZPROMPT
0x237	0x0006c6a4	0	OVERWRITEDLG
0x25d	0x0006c6c0	0	LCCDLG5
0x284	0x0006c9c4	0	TEMPLATE
0x282	0x0006cb84	0	SORTDLG
0x2ba	0x0006cb98	0	LCCDLG6
0x2dc	0x0006ccf0	0	TEMPLATE
0x2da	0x0006cfa4	0	SER-REN-DLG
0x307	0x0006cfb8	0	LCCDLG7
0x337	0x0006d2cc	0	MAKEARC-ARCTYPE
0x338	0x0006d2dc	0	MAKEARC-MOVE?
0x339	0x0006d2ec	0	MAKEARCBUF
0x33a	0x0006d3f4	0	MAKEARC-PASSWORD
0x33c	0x0006d4fc	0	MAKEARC-MODE
0x343	0x0006d548	0	TEMPLATE
0x341	0x0006d858	0	MAKEARC-DLG
0x3a8	0x0006d86c	0	LCCDLG8
0x3c1	0x0006d980	0	PATHEDITDIALOG
0x3c3	0x0006d9bc	0	TEMPLATE
0x3c5	0x0006d9c4	0	SZTEXT
0x3c6	0x0006d9d4	0	SZTITLE
0x3c7	0x0006d9e4	0	SZPROMPT
0x3c8	0x0006d9f4	0	SZDOIT
0x3c9	0x0006da04	0	SZCANCEL
0x3ca	0x0006da14	0	SZOPTION
0x431	0x0006de38	0	LCCDLG9
0x444	0x0006df14	0	LCCDLG10
0x485	0x0006e214	0	LCCDLG12
0x49a	0x0006e340	0	TEMPLATE
0x49c	0x0006e348	0	SZPROMPT
0x498	0x0006e448	0	YES/NO-DLG
0x4b7	0x0006e464	0	FILENAMEDITDLG
0x4d0	0x0006e57c	0	FILENAMEEDIT-SAVEPATH
0x4d2	0x0006e680	0	FILENAMEEDIT-DLG
0x4d4	0x0006ea94	0	FILENAMEEDITDIALOG
0x4d6	0x0006ead0	0	TEMPLATE
0x4d8	0x0006ead8	0	SZTEXT
0x4d9	0x0006eae8	0	SZTITLE
0x4da	0x0006eaf8	0	SZPROMPT
0x4db	0x0006eb08	0	SZDOIT
0x4dc	0x0006eb18	0	SZCANCEL
0x4dd	0x0006eb28	0	SZOPTION
0x517	0x0006edb4	1	BROWSFILENAME
0x559	0x0006f000	0	OPTIONDLG
0x568	0x0006f0ac	0	OPTIONTEXT1
0x56c	0x0006f100	0	TEMPLATE
0x56a	0x0006f280	0	OPTION-DLG
0x591	0x0006f294	0	X-OPTIONDLG
0x5a7	0x0006f404	0	OPTIONTEXT2
0x5a8	0x0006f41c	0	OPTIONTEXT3
0x5a9	0x0006f434	0	OPTIONTEXT4
0x5aa	0x0006f44c	0	OPTIONTEXT5
0x5ab	0x0006f464	0	OPTIONTEXT6
0x5ac	0x0006f47c	0	OPTIONTEXT7
0x5ad	0x0006f494	0	OPTIONTEXT8
0x5ae	0x0006f4ac	0	OPTION-TITLE
0x5af	0x0006f4c4	0	OPTIONSTATE2
0x5b0	0x0006f4d4	0	OPTIONSTATE3
0x5b1	0x0006f4e4	0	OPTIONSTATE4
0x5b2	0x0006f4f4	0	OPTIONSTATE5
0x5b3	0x0006f504	0	OPTIONSTATE6
0x5b4	0x0006f514	0	OPTIONSTATE7
0x5b5	0x0006f524	0	OPTIONSTATE8
0x5b7	0x0006f534	1	>OPTION1
0x5b8	0x0006f558	1	>OPTION2
0x5b9	0x0006f57c	1	>OPTION3
0x5ba	0x0006f5a0	1	>OPTION4
0x5bb	0x0006f5c4	1	>OPTION5
0x5bc	0x0006f5e8	1	>OPTION6
0x5bd	0x0006f60c	1	>OPTION7
0x5be	0x0006f630	1	>OPTION8
0x5c2	0x0006f690	0	TEMPLATE
0x5e8	0x0006f8f0	1	END-X-DIALOG
0x5c0	0x0006fad0	0	X-OPTION-DLG
0x60c	0x0006fae4	0	ALWAYS-OVERWRITE?
0x60d	0x0006faf4	1	%?"OVERWRITE
0x1df	0x0006fb94	0	CV-YEAR
0x1e0	0x0006fba4	0	CV-MONTH
0x1e1	0x0006fbb4	0	CV-DAY
0x1e3	0x0006fbc4	0	CV-HOUR
0x1e4	0x0006fbd4	0	CV-MINUTE
0x1e6	0x0006fbe4	0	CV-BACKGROUND?
0x1e7	0x0006fbf4	0	WAIT?
0x1e8	0x0006fc04	0	CVBUSY?
0x1e9	0x0006fc14	0	CV-ALT?
0x1ea	0x0006fc24	0	CV-ASKEXIT?
0x1eb	0x0006fc34	0	SHOW-LFN?
0x1ec	0x0006fc44	0	SHOW-KB?
0x1ee	0x0006fc54	0	CV-ESC-DOCK?
0x1f0	0x0006fc64	0	LFN-LENGTH
0x1f3	0x0006fc74	0	.1DIR-LEN
0x1f4	0x0006fc84	0	DIR/COLUMN
0x1f6	0x0006fc94	0	#USECVIEW
0x1f7	0x0006fca4	0	"CV-CD
0x1f9	0x0006fcb4	0	PV-WINDOW-YSIZE
0x1fc	0x0006fcc4	0	CVWINDOW
0x1fe	0x0006fcd4	0	FILENAME-PIC?
0x200	0x0006fce4	0	#FILENAME
0x202	0x0006fcf4	1	DEF-%GETNEXTFILENAME
0x203	0x0006fd18	1	DEF-%GETPREFILENAME
0x204	0x0006fd3c	0	GETNEXTFILENAME
0x205	0x0006fd4c	0	%GETNEXTFILENAME
0x206	0x0006fd5c	0	%GETNEXTNEXTFILENAME
0x207	0x0006fd6c	0	GETPREFILENAME
0x208	0x0006fd7c	0	%GETPREFILENAME
0x20a	0x0006fd8c	0	DELFILENAME
0x20b	0x0006fd9c	0	MOVEFILENAME
0x20c	0x0006fdac	1	DEF-DELFILENAME
0x20d	0x0006fdc4	1	DEF-MOVEFILENAME
0x20f	0x0006fddc	0	COPYFILENAME
0x210	0x0006fdec	0	MARK&GETNEXTFILENAME
0x211	0x0006fdfc	0	CHANGEFILENAMEREM
0x212	0x0006fe0c	0	"CHANGEFILENAMEREM
0x215	0x0006fe1c	0	RENAMEFILENAME
0x218	0x0006fe2c	1	DEF-RENAMEFILENAME
0x21a	0x0006fe44	1	SETFILENAMEDEF
0x22c	0x0006fef0	0	FILENAME-REM
0x22d	0x0006fffc	0	VFFINDBUF
0x6	0x00070108	0	TSTITLE
0x7	0x0007020c	0	TSBUF
0x8	0x00070220	0	SIZE/TS
0x9	0x00070230	0	#TS-TOTAL
0xb	0x00070240	0	TS-MAXLEN
0xd	0x00070250	0	TSPARENT
0xf	0x00070260	0	TS-NO-MOUSEMOVE?
0x11	0x00070270	1	TS-INIT
0x18	0x000702ac	1	TS-QUIT
0x1c	0x000702cc	1	>TSTITLE
0x21	0x000702ec	1	>#TS
0x25	0x0007031c	1	#TS>
0x2e	0x00070364	0	TSCFG
0x30	0x00070390	1	READTS
0x59	0x00070644	0	TSCFGFILE
0x5b	0x00070658	1	WRITETS
0x73	0x000707a0	0	TS-Y
0x74	0x000707b0	0	TS-YMAX
0x75	0x000707c0	0	TS-XMAX
0x76	0x000707d0	0	TS-TOP-LINE
0x77	0x000707e0	0	TS-LINEREPAINT?
0x79	0x000707f0	0	LAST-TS-TOP-LINE
0x7a	0x00070800	0	LAST-TS-Y
0x7c	0x00070810	0	TS-COL-CUR
0x86	0x000708b8	1	.1TS
0xfd	0x00070f24	0	WM_HSCROLL
0x7f	0x00071174	0	TS-WINDOW
0x123	0x000716a0	0	TS-HINT-WINDOW
0x137	0x00071d3c	0	TS1
0x176	0x00071fdc	0	LAST-TS-CLICK-Y
0x177	0x00071fec	1	%TS-CLICK
0x194	0x0007218c	1	TS-TRACK
0x19f	0x000721d8	1	TS-CLICK
0x1ab	0x0007226c	1	TS-UNCLICK
0x1b0	0x000722a4	1	TS-DBLCLICK
0x1bc	0x000722b4	1	%TS-UP
0x1c4	0x00072324	1	%TS-DOWN
0x1d0	0x00072390	1	TS-HOT-DUP?
0x1da	0x00072424	1	TS-GOTO-Y
0x1e0	0x00072494	1	TSINDEX
0x226	0x00072674	0	ADDTS-DLG
0x228	0x000726d8	0	ADDTSALIAS-DLG
0x22a	0x00072774	1	TS-ADD
0x243	0x000728a8	1	TS-DEL
0x254	0x0007296c	1	TS-CR
0x263	0x00072a44	1	TS-C-UP
0x26e	0x00072ac0	1	TS-C-DOWN
0x279	0x00072b3c	1	TS-MAIN
0x29e	0x00072df0	1	TS
0x231	0x00072ef0	0	"EDITFILE
0x233	0x00072f00	0	LASTCVPATH
0x234	0x0007300c	0	CVFINDBUF
0x236	0x00073118	0	CV-QUIT?
0x237	0x00073128	0	NOASKDEL?
0x239	0x00073138	0	RIGHTMOUSEMARK?
0x23a	0x00073148	0	CV-MAXIMIZE?
0x23c	0x00073158	0	CV-TOOLBAR
0x27f	0x0007ac24	0	FULL-TOOLBAR
0x4	0x0007c1b4	0	KEYWORD-DIC-INITED?
0x6	0x0007c1c4	0	KEYWORD-DIC-DIC
0x8	0x0007c1d4	0	DUMMY-KEYWORD-DIC
0xa	0x0007c1e4	1	+WINCVDIR
0xd	0x0007c220	1	"LOAD-KEYWORD-DIC
0x1e	0x0007c378	1	LOAD-KEYWORD-DIC-DIC
0x3f	0x0007c598	1	GETKEYWORDDICBYEXT
0x4a	0x0007c62c	1	ISFILESUPPORTKEYWORD
0x4d	0x0007c650	1	KEYWORD-DIC-INIT
0x5b	0x0007c6dc	1	KEYWORD-DIC-QUIT
0x6	0x0007c73c	0	VF-FG
0x7	0x0007c74c	0	VF-BG
0x9	0x0007c75c	0	VF-.KEYWORD?
0xa	0x0007c76c	0	VF-COLOR-KEYWORD?
0xb	0x0007c77c	0	VF-F-KEYWORD?
0xd	0x0007c78c	0	VF-START-X
0xe	0x0007c79c	0	VF-START-Y
0xf	0x0007c7ac	0	VF-ALT?
0x10	0x0007c7bc	0	VF-QP?
0x11	0x0007c7cc	0	VF-UTF8?
0x12	0x0007c7dc	0	VF-OR-FIND?
0x14	0x0007c7ec	0	VF-RCLICK-ESC?
0x16	0x0007c7fc	0	VTYPEBUF
0x17	0x0007c80c	0	VTYPEBUF-SIZE
0x19	0x0007c81c	0	VF-FILENAME
0x1a	0x0007c920	0	VF-TITLE
0x1c	0x0007ca24	0	VFFONTTYPE
0x1e	0x0007ca34	0	VFFONT
0x20	0x0007ca84	0	FIRST-ENGLISH?
0x21	0x0007ca94	0	VF-FILEMARK?
0x22	0x0007caa4	0	VF-GB?
0x23	0x0007cab4	0	VF-SJIS?
0x24	0x0007cac4	0	VF-VTYPE?
0x26	0x0007cad4	0	VFMENU?
0x27	0x0007cae4	0	VF-FULLSCREEN?
0x28	0x0007caf4	0	VF-STARTXY-BEFOREFULLSCREEN
0x29	0x0007cb0c	0	VF-STARTXYSIZE-BEFOREFULLSCREEN
0x2b	0x0007cb24	0	VF-STARTXSIZE
0x2c	0x0007cb34	0	VF-STARTYSIZE
0x2e	0x0007cb44	0	VF-CHAR-WIDTH
0x2f	0x0007cb54	0	VF-CHAR-HEIGHT
0x30	0x0007cb64	0	VF-CHAR-YBASE
0x31	0x0007cb74	1	REAL-VF-CHAR-HEIGHT
0x4	0x0007cb98	0	ENGLISHFILEIDX
0x5	0x0007cba8	0	ENGLISHFILE
0x7	0x0007cbd4	0	KK-FILE
0x9	0x0007cc00	0	CHIPH-APPEND-FILE
0xb	0x0007cc2c	0	SHOW-ENGLISH?
0xc	0x0007cc3c	0	SHOW-CHINESE?
0xd	0x0007cc4c	0	EF-SHOW-ENGLISH?
0xe	0x0007cc5c	0	EF-SHOW-CHINESE?
0x10	0x0007cc6c	0	LAST-ENGLISH-WORD
0x11	0x0007cd70	0	CURSOR-ENGLISH-WORD
0x12	0x0007ce74	0	LAST-ENGLISH-N
0x13	0x0007ce84	0	ENGLISHFILE-NAME
0x16	0x0007cf88	0	ENGCHAR?
0x17	0x0007cf98	0	KKPHONE-EXIST?
0x19	0x0007cfa8	0	KKPHONE
0x1c	0x0007cff8	0	ENGLISH-IDX?
0x2	0x0007d008	0	TYPELOG-FILE
0x5	0x0007d01c	1	TYPELOG-EMIT
0x9	0x0007d040	1	TYPELOG-TYPE
0xd	0x0007d064	1	TYPELOG-CR
0x12	0x0007d094	0	TYPELOG-FILENAME
0x14	0x0007d198	1	START-TYPELOG
0x1b	0x0007d1f0	1	END-TYPELOG
0x22	0x0007d238	1	SET-TYPELOG-FILENAME
0xf	0x0007d254	0	INDEX-APPEND-KEY-PARTITION?
0x11	0x0007d264	0	.RE-INDEX-MSG?
0x14	0x0007d274	0	INDEXFILE
0x16	0x0007d2b0	0	TXT1
0x18	0x0007d2cc	0	INDEX-DATA-PTR
0x1a	0x0007d2dc	0	INDEX-DATA-ADR
0x1b	0x0007d2ec	0	INDEX-DATA-LEN
0x1d	0x0007d2fc	0	INDEX-PARTITION
0x1e	0x0007d30c	0	INDEX-KEY-PARTITION
0x1f	0x0007d31c	0	INDEX-DATA-TMP
0x20	0x0007d32c	0	INDEX-DATA-TMP-SIZE
0x22	0x0007d33c	0	INDEX-TMP
0x23	0x0007d34c	0	INDEX-BASIC-KEYS
0x24	0x0007d35c	0	INDEX-BASIC-KEYS-2
0x25	0x0007d36c	0	INDEX-SOURCE-FILE
0x26	0x0007d37c	0	INDEX-DATA-FILE
0x27	0x0007d38c	0	INDEX-IDX-FILE
0x2e	0x0007d39c	0	INDEX-DATA-MFILE
0x30	0x0007d3ac	0	HAVE-INDEX?
0x31	0x0007d3bc	0	INDEX-CAPS?
0x32	0x0007d3cc	0	INDEX-DATA-OPENED?
0x35	0x0007d3dc	1	UNSIGNED-BYTE-SORT
0x57	0x0007d488	1	INDEX-C-GET-INDEX
0x58	0x0007d4ac	1	INDEX-C-GET-INDEX-2
0x5a	0x0007d4d0	1	INDEX-2C-GET-INDEX
0x65	0x0007d568	1	OPEN-INDEX-DATA
0x72	0x0007d5ec	1	CLOSE-INDEX-DATA
0x78	0x0007d630	1	SEARCH-INDEX
0x124	0x0007d9f8	0	CONTAIN?:
0x128	0x0007da38	0	SEARCH:
0x138	0x0007dab8	0	SEARCH1:
0x16a	0x0007dcf0	0	TEST:
0x190	0x0007deec	1	INIT-INDEX-DATA-PTR
0x19a	0x0007df5c	0	INDEX-VERSION
0x1a9	0x0007df64	1	%INDEX-KEYS
0x202	0x0007e230	0	READ-INDEX:
0x249	0x0007e520	0	IDX-BUF-FILE
0x24b	0x0007e53c	1	>IDX-FILE
0x250	0x0007e560	0	INDEX:
0x28c	0x0007e870	0	RE-INDEX-MSG-ON:
0x28d	0x0007e898	0	RE-INDEX-MSG-OFF:
0x28f	0x0007e8c0	0	?RE-INDEX:
0x2a4	0x0007ea08	0	HAVE-INDEX?:
0x2a6	0x0007ea30	0	SET-FILENAME:
0x2ac	0x0007eaa4	0	FILENAME:
0x2ae	0x0007ead0	0	SET-PARTITION:
0x2b3	0x0007eaf8	0	KEY-PARTITION:
0x2b4	0x0007eb1c	0	PARTITION:
0x2b7	0x0007eb40	0	SET-CAPS:
0x2ea	0x0007ed84	0	TMP-INDEXFILE
0x2f5	0x001dd22c	0	ENG1?
0x2f8	0x001dd258	0	INDEX-TEST
0xd	0x0007ee04	0	ORIGIN-VERB-INDEXFILE
0x10	0x0007ee84	1	>ORIGIN-VERB
0x51	0x0007f184	1	ENG-KERNEL-INIT
0x60	0x0007f250	1	ENG-KERNEL-QUIT
0x64	0x0007f270	1	>ONESELF&ONE'S
0x21	0x0007f37c	0	KKPHONE-NAME
0x23	0x0007f394	1	CREATE-KKPHONE
0x2d	0x0007f418	1	KK-SEARCH-COMPARE
0x38	0x0007f44c	1	%ENGCHAR?
0x44	0x0007f49c	1	WORD+
0x59	0x0007f4e0	1	ENGLISH-INDEX
0x6d	0x0007f5a0	1	DIC-SORT-GETWORD
0x72	0x0007f5bc	0	ENGLISH-INDEXFILE
0x73	0x0007f63c	0	KK-INDEXFILE
0x74	0x0007f6bc	0	CHIPH-INDEXFILE
0x77	0x0007f73c	1	READ-CHIPH-APPEND-FILE
0x7c	0x0007f780	1	ENGLISH-INIT
0x10b	0x0007fc58	1	ENGLISH-QUIT
0x11c	0x0007fce8	1	?ENGLISH-INIT
0x11f	0x0007fd14	1	OLD-SE
0x166	0x0007fe80	0	IDX-SE-ADR
0x167	0x0007fe90	0	IDX-SE-LEN
0x169	0x0007fea0	1	SE
0x176	0x0007ff10	1	SEARCHENGLISH2
0x1d7	0x0008075c	1	SEARCHENGLISH1
0x1e9	0x00080828	1	SEARCHENGLISH-LINE
0x203	0x000808cc	1	SEARCHENGLISH-A
0x21b	0x00080938	1	SEARCHENGPH
0x253	0x00080a58	1	ENGLISH-SAVE
0x4	0x00080abc	0	CDIC-ENGLISHFILE
0x6	0x00080ae8	0	CDIC-ENGLISHFILE-FILENAME
0x8	0x00080bec	0	CDIC-ENG-INITED?
0xa	0x00080bfc	0	EDIT-ENGLISH-PHRASE?
0xc	0x00080c0c	0	CDIC-EDIT-CHIPH?
0xe	0x00080c1c	1	CDIC-ENG-INIT
0x2d	0x00080d18	1	CDIC-ENG-QUIT
0x32	0x00080d44	1	ENG-BIN-SEARCH-COMPARE
0x44	0x00080d94	1	%CDIC-EDIT-ENGLISH
0x85	0x00081148	1	CDIC-EDIT-ENGLISH
0x8d	0x00081164	0	ENG-EX-FILE
0x8f	0x00081190	1	EDIT-ENG-EX
0x25e	0x00081400	1	EDIT-ENGLISH
0x281	0x00081438	1	GET-CURSOR-ENGLISH-WORD
0x2a9	0x000816c0	1	WWWCHAR?
0x2b2	0x00081740	1	GET-WWW-WORD
0x2bb	0x00081780	0	PHONEFILE
0x2bc	0x000817ac	0	CHIPH
0x2bd	0x000817d8	0	PHONEFILEIDX
0x2be	0x000817e8	0	CURSOR-PHONE-WORD
0x2c1	0x000817f8	1	PHONE-INDEX
0x2d0	0x000818a8	0	PHONEFILE-NAME
0x2d1	0x000819ac	0	CHIPH-NAME
0x2d3	0x00081ab0	0	PHONE-IDX?
0x2d5	0x00081ac0	0	PHONE-INDEXFILE
0x2d7	0x00081b40	1	PHONE-INIT
0x325	0x00081e08	1	?PHONE-INIT
0x329	0x00081e34	1	PHONE-QUIT
0x335	0x00081e9c	1	SEARCHPHONE-LINE
0x345	0x00081f0c	1	SEARCHPHONE1
0x36d	0x00081fcc	1	PHONE-SAVE
0x37a	0x00082064	1	EDIT-PHONE1
0x393	0x000821f0	1	EDIT-PHONE
0x397	0x00082220	1	X-EDIT-PHONE
0x3a4	0x000822e8	1	EDIT-PHONE&ENGLISH
0x35	0x00082318	0	WARP?
0x36	0x00082328	0	DISPLAYANSI?
0x37	0x00082338	0	VF-XLINE?
0x39	0x00082348	0	%VFGOTO
0x3b	0x00082358	0	VF-MARK-X0
0x3c	0x00082368	0	VF-MARK-Y0
0x3d	0x00082378	0	VF-MARK-X1
0x3e	0x00082388	0	VF-MARK-Y1
0x3f	0x00082398	0	VF-X
0x40	0x000823a8	0	VF-Y
0x41	0x000823b8	0	VF-ENG?
0x42	0x000823c8	0	(VF)
0x44	0x000823d8	0	VF-CHARSET
0x47	0x000823e8	0	LINE-CUR
0x48	0x000823f8	0	VF-LINE-LAST
0x49	0x00082408	0	VF-COL-CUR
0x4a	0x00082418	0	MAX-LINES
0x4c	0x00082428	0	MAX-COLS
0x4d	0x00082438	0	SCREEN-COLS
0x4e	0x00082448	0	SCREEN-ROWS
0x4f	0x00082458	0	VF-READ-OK?
0x4	0x00082468	0	FILEMARKFILE
0x6	0x00082494	1	FILEMARK-INIT
0x7	0x000824bc	1	FILEMARK-QUIT
0xb	0x000824dc	1	GET-FILEMARK-CFG-FILENAME
0x12	0x00082518	1	SETFILEMARK
0x3f	0x000826f8	1	GETFILEMARK
0x55	0x0008285c	0	VFFILE
0x57	0x00082888	0	VF-LINE-BUF
0x58	0x00082898	0	VF-LINE-BUF2
0x5b	0x000828a8	0	VF-DICTWIN?
0x6	0x000828b8	0	DICT-YSIZE
0x7	0x000828c8	0	DICTBUF
0x9	0x000828dc	1	DICTWIN-INIT
0x13	0x000828fc	1	DICTWIN-QUIT
0x1b	0x00082970	0	ENGDIC?
0x1e	0x00082980	1	WINTYPE
0x32	0x00082a10	1	?WINCR
0x34	0x00082a38	0	DICTWIN-BG
0x17	0x000830e8	0	DICTWIN
0x116	0x000834f8	0	STR-0X01
0x119	0x00083500	1	XSEARCHPHONE
0x19b	0x000839c4	1	%XSEARCHENGLISH
0x1f8	0x00083cf4	1	XSEARCHENGLISH
0x1fc	0x00083d10	1	%FILL-DICTWIN
0x205	0x00083db4	1	FILL-DICTWIN
0x5f	0x00083dd0	1	#LINE"
0x6a	0x00083e30	1	VF-SAVEFILEMARK
0x72	0x00083ea8	1	VF-LOADFILEMARK
0x77	0x00083ee4	1	VF-QUIT
0x7f	0x00083f20	1	%"OPEN-TEXT
0x96	0x0008403c	0	VF-SET-YBASE
0x9b	0x0008404c	0	CREATEVFFONT
0x9d	0x0008405c	1	SETVFCOLOR
0xa0	0x0008408c	1	VF-SET-TABS-VALUE
0xad	0x00084194	0	VF-MENU-BAR
0x11a	0x000857c4	0	VF-POPUPBAR
0x13e	0x00085fcc	0	VF-TOOLBAR
0x174	0x00088ad4	0	WARP-VF-YMAX
0x17f	0x00088b4c	0	VFSTATUSFONT
0x177	0x00088d04	0	VF-STATUS-WINDOW
0x1a7	0x00089160	1	ADJVFMARK
0x1b7	0x0008920c	1	NOVFMARK?
0xf	0x0008924c	1	GB?
0x54	0x0008930c	1	XGB?
0x73	0x0008942c	0	GB2BIG5FILE
0x74	0x00089458	0	GB2BIG5ADJFILE
0x75	0x00089484	0	BIG52GBFILE
0x77	0x000894b0	0	KOREA2BIG5FILE
0x78	0x000894dc	0	BIG52KOREAFILE
0x79	0x00089508	0	BIG52SJISFILE
0x7b	0x00089534	0	GB2BIG5ADJBUF
0x7c	0x00089548	0	SJISFILE
0x7d	0x0008955c	0	SJISCFILE
0x7f	0x00089570	0	GB2BIG5-TABLE
0x81	0x00089580	0	GB2BIG5-AVAILABLE?
0x86	0x00089590	1	GB-OFFSET.DUP
0xa7	0x000895d0	1	+.COUNT
0xc2	0x000895f0	0	GB2BIG5FILE-TOTALLINE
0xc4	0x00089600	0	GB2BIG5-ORI
0xc8	0x00089618	1	GB2BIG5
0x120	0x00089774	1	GB2BIG5-NO-PH-FIX
0x134	0x00089810	1	BIG5-OFFSET
0x155	0x000898c4	1	BIG52GB
0x178	0x00089990	1	SJIS?
0x185	0x00089a1c	1	XSJIS?
0x1b0	0x00089b3c	1	SJIS2BIG5-BIN-SEARCH-COMPARE
0x1b7	0x00089b70	1	SJIS2BIG5
0x1e1	0x00089c78	1	BIG52SJIS-BIN-SEARCH-COMPARE
0x1e7	0x00089cac	1	BIG52SJIS
0x216	0x00089d7c	1	KOREA?
0x225	0x00089e24	1	XKOREA?
0x240	0x00089f44	1	KOREA2BIG5-BIN-SEARCH-COMPARE
0x247	0x00089f78	1	KOREA2BIG5
0x25a	0x0008a048	1	BIG52KOREA
0x270	0x0008a118	0	CHI-SEQ-SIZE
0x272	0x0008a120	0	CHI-SEQ
0x274	0x000900d4	1	FILL-CHI-SEQ
0x27b	0x00090110	1	"=GB?
0x29a	0x00090204	1	+WINCVDIR
0x2a6	0x0009027c	1	GBFILE-INIT
0x2e1	0x0009070c	1	GBFILE-QUIT
0x2f4	0x001de7b0	0	GB-TEST
0x1c3	0x000907bc	1	VF-XBIG5?
0x1cd	0x00090830	1	VF-BIG5?
0x4	0x000908a4	0	KEYWORD-WINTYPE-CHILD-WINDOW
0x6	0x000908e0	0	COMMENT-FG
0x7	0x000908f0	0	KEYWORD-NORM-FG
0x9	0x00090900	0	END-COMMENT$
0xa	0x00090a04	0	/*?
0xb	0x00090a14	0	CUR-KEYWORD
0xc	0x00090a24	0	KEYWORD-TMP
0xd	0x00090a34	1	>KEYWORD-TMP
0xf	0x00090a50	1	FLUSH-KEYWORD-TMP
0x3	0x00090a84	1	"GET-KEYWORD-COLOR
0x18	0x00090b94	1	GETWORD-TYPE
0x27	0x00090c5c	1	"CHECK-END-COMMENT
0x3d	0x00090d4c	1	F-KEYWORD-WINTYPE
0x7f	0x00091074	1	F-CHECK/*-KEYWORD-WINTYPE
0x3	0x00091148	1	C-"GET-KEYWORD-COLOR
0xd	0x000911a8	1	KEYWORD-COLOR-TYPE
0x21	0x00091240	0	NORM-DELIMITER
0x22	0x00091268	0	END-LINE-DELIMITER
0x25	0x00091270	1	"PEEK-CHAR
0x27	0x000912a0	1	GETDELIMITERS
0x2e	0x0009131c	1	C-GETWORD
0x40	0x000913f4	1	C-KEYWORD-WINTYPE
0x9c	0x00091868	1	C-CHECK/*-KEYWORD-WINTYPE
0x1e5	0x00091b0c	1	VF-SWITCH-KEYWORD
0x1ee	0x00091b74	1	WINTYPE
0x202	0x00091bf8	1	VFTYPE
0x226	0x00091d10	0	REDRAW-XXX?
0x229	0x00091d20	0	VF-MARK-BG
0x22a	0x00091d30	0	VF-MARK-FG
0x22c	0x00091d40	1	>VFMARKCOLOR
0x22d	0x00091d64	1	>VFCOLOR
0x24a	0x00091d88	1	.1VFTYPE
0x29f	0x000920f4	1	VF-ENGLISH
0x2bb	0x00092208	1	VF-PHONE
0x2e4	0x00092304	1	VF-PHONE1
0x2f0	0x00092350	0	SIZE/LINE
0x2f1	0x00092360	0	VTYPE-LINE-MAX
0x2f2	0x00092370	1	VTYPE1
0x30e	0x000924c8	0	WIDTH/VTYPE
0x310	0x000924d0	1	VTYPE-INIT
0x32c	0x0009266c	0	PAGE-N:
0x422	0x000931e0	0	RETITLE:
0x477	0x000936ac	0	WM_SYSCHAR
0x4a4	0x00093820	0	WM_MBUTTONDOWN
0x4a7	0x00093868	0	WM_MBUTTONDBLCLK
0x4b7	0x0009393c	0	WM_RBUTTONDBLCLK
0x1db	0x00093970	0	VF-WINDOW
0x4be	0x00093d80	0	ENGCHECK
0x4bf	0x00093ec8	0	WARPCHECK
0x4c0	0x00094010	0	FONTSIZECOMBO
0x4c3	0x000942bc	0	ID_ENGCHECK
0x4c4	0x000942cc	0	ID_WARPCHECK
0x4c6	0x000942dc	0	ID_FONTSIZE
0x534	0x0009476c	1	ADD-1VF-FONTSIZE
0x539	0x000947ac	1	FONTSIZE_INIT
0x54a	0x000948cc	1	%CREATEVFFONT
0x5cf	0x00094d20	0	FONTSIZEBUF
0x5d1	0x00094e2c	1	DO-FONTSIZE
0x4c8	0x0009507c	0	VF
0x607	0x0009531c	0	LAST-VF-X
0x608	0x0009532c	0	LAST-VF-Y
0x60b	0x0009533c	1	GETVF-TRACK-XY
0x61a	0x000953c4	1	VF-UNCLICK
0x61e	0x00095404	1	%VF-TRACK
0x63b	0x000955f4	1	VF-TRACK
0x654	0x00095734	1	VF-CLICK
0x66c	0x00095868	1	VF-DBLCLICK
0x68c	0x00095a08	1	VF-RCLICK
0x690	0x00095a24	1	VF-INIT
0x6a2	0x00095ad0	1	%%VFGOTO
0x6b4	0x00095bc4	1	"OPEN-TEXT
0x6bd	0x00095c18	0	VF-FIND-CASE?
0x6bf	0x00095c28	0	LAST-VF-FIND-X
0x6c0	0x00095c38	0	LAST-VF-FIND-Y
0x6c1	0x00095c48	0	LAST-VF-FIND-FOUND?
0x6c3	0x00095c58	0	LAST-VFFOUNDBUF
0x6c5	0x00095d5c	0	DO-VF-FIND
0x6c8	0x00095d6c	1	DO-VF-FIND1
0x6cd	0x00095d94	0	VF-FIND-MUTE?
0x6cf	0x00095da4	1	%%VF-FIND
0x743	0x00096180	1	%VF-FIND
0x746	0x000961a4	0	VFFINDWINDOWX
0x747	0x000961b4	0	VFFINDWINDOWY
0x748	0x000961c4	0	LASTKEYISFIND?
0x74e	0x000961d4	0	ID_FILELIST
0x74f	0x000961dc	0	IDD_FIND_RESULT
0x751	0x000961e4	1	NO-SORT-LISTBOX
0x75a	0x00096258	0	LCCDLG_VF
0x772	0x0009639c	0	TEMPLATE
0x774	0x000963a4	1	ADD-LIST
0x786	0x00096508	0	GETSELECTION:
0x789	0x00096550	0	SETSELECTION:
0x78c	0x00096598	1	GET-SEL-TEXT
0x793	0x000965f4	1	DO-LIST-SEL
0x7ab	0x000966f0	1	DO-LIST-BOX
0x7bb	0x00096748	1	RESET-LIST-BOX
0x7bf	0x00096784	1	DO-FIND-RESULT
0x7eb	0x0009691c	1	GET-DIALOG
0x770	0x00096ab4	0	VF-FIND-RESULT-DLG
0x81a	0x00096ad4	1	VF-FIND-RESULT
0x82e	0x00096b54	0	TEMPLATE
0x845	0x00096cac	1	GET-DIALOG
0x82c	0x00096ecc	0	VFFIND-DLG
0x871	0x00096eec	1	VF-FIND
0x879	0x00096f30	1	"CHANGEVF
0x891	0x00097048	1	VF-F8
0x896	0x0009709c	1	VF-'W'
0x89b	0x000970f0	0	UNI-CRLF$
0x89d	0x000970fc	1	COPYVF
0x92a	0x000974d8	0	VFSAVE-DLG
0x92c	0x00097548	0	VFSAVEBUF
0x92e	0x00097654	1	VF-'S'
0x975	0x000979cc	1	VF-MARKTOREM
0x98c	0x00097b24	1	VF-ALT-G
0x99d	0x00097c4c	1	%VF-SET-YBASE
0x9ae	0x00097d64	1	VFDECODE
0x9c8	0x00097ef0	0	VF-STRBUF
0x9ca	0x00097f04	0	LAST-VF-CONVERSION
0x9cc	0x00097f14	1	VF-CONVERSION
0xa26	0x0009854c	1	VF-P
0xa31	0x000985d4	1	%ADJ-VF-SIZE
0xa57	0x000986c8	1	%VF
0xb79	0x0009960c	0	VFAUTOSEARCH?
0xb7c	0x0009961c	1	"VF1
0xbc3	0x0009986c	0	VF-FORCE-UTF8?
0xbc5	0x0009987c	1	"VF
0x1c	0x00000884	1	LE@
0x1d	0x00000898	1	LE!
0x23	0x00099aa0	0	TMAGIC
0x38	0x00099ba4	0	>INPUTBLOCK
0x39	0x00099bb4	0	T#
0x3b	0x00099bc4	0	MD5[]
0x3f	0x00099bdc	0	MD5[A]
0x40	0x00099be4	0	MD5[B]
0x41	0x00099bec	0	MD5[C]
0x42	0x00099bf4	0	MD5[D]
0x44	0x00099bfc	0	MD5[]SAVED
0x47	0x00099c14	0	MD5[A]SAVED
0x48	0x00099c1c	0	MD5[B]SAVED
0x49	0x00099c24	0	MD5[C]SAVED
0x4a	0x00099c2c	0	MD5[D]SAVED
0x58	0x00099c34	1	LROTATE
0x60	0x00099c4c	1	MD5-XX
0xcf	0x00099ce8	0	FFROTATE
0xd2	0x00099cf0	1	MD5-FF-A
0xe5	0x00099d28	1	MD5-FF
0xef	0x00099d44	0	GGROTATE
0xf1	0x00099d4c	1	MD5-GG-A
0x105	0x00099d84	1	MD5-GG
0x10e	0x00099da0	0	HHROTATE
0x110	0x00099da8	1	MD5-HH-A
0x11c	0x00099dd8	1	MD5-HH
0x124	0x00099df4	0	IIROTATE
0x126	0x00099dfc	1	MD5-II-A
0x134	0x00099e30	1	MD5-II
0x13e	0x00099e4c	1	MD5-BLOCK
0x175	0x00099fa8	0	BITS/CHAR
0x176	0x00099fb0	0	$PAD
0x17b	0x00099ff8	1	MD5-FINAL-D
0x1a5	0x0009a0c0	1	INITMD5[]
0x1ac	0x0009a104	1	MD5
0x1ca	0x0009a16c	1	L<>B
0x1cd	0x0009a180	1	BE@
0x1d3	0x0009a198	1	MD5[]>STACK
0x1da	0x0009a1d4	0	$MD5
0x1dc	0x0009a1fc	1	MD5[]>$
0x1ed	0x001dfc24	0	.MD5
0x1f1	0x001dfc5c	0	MMM
0x1f6	0x001dfc90	0	MD5TEST
0x1ff	0x001dfda4	0	NULL$
0x202	0x001dfdc8	0	MD5TESTS
0x4	0x0009a2e0	0	MD5-DLL
0xa	0x0009a2f8	1	">MD5
0x11	0x0009a314	0	MD5-TMP
0x13	0x0009a35c	1	BEGIN-">MD5
0x15	0x0009a394	0	"FILE>MD5-DSIZE
0x17	0x0009a3ac	1	END-">MD5
0x19	0x0009a3ec	1	DO-"FILE>MD5
0x1d	0x0009a438	1	"FILE>MD5
0x2f	0x001e0140	0	T
0x4	0x0009a494	0	CRC32_POLYNOMIAL
0x6	0x0009a49c	0	CRC32-TABLE
0x9	0x001e02b4	0	MAKE-CRC-TABLE
0x17	0x0009a8a0	1	CRC-MORE
0x43	0x0009a910	1	"CALC-CRC32
0x46	0x0009a940	1	.CRC32
0x4d	0x001e03c0	0	CRC-TEST
0x54	0x0009a9c4	1	(.CRC32)
0x56	0x0009aa3c	1	">CRC32
0x5a	0x0009aa54	0	CRC32-TMP
0x5c	0x0009aa64	1	BEGIN-">CRC32
0x5e	0x0009aa80	1	DO-">CRC32
0x60	0x0009aab4	1	END-">CRC32
0x67	0x0009aad0	1	DO-"FILE>CRC32
0x6a	0x0009aaec	1	"FILE>CRC32
0x7	0x0009ab20	0	VH-FG
0x8	0x0009ab30	0	VH-BG
0xb	0x0009ab40	0	VH-CP
0xd	0x0009ab50	0	VH-ENG?
0xf	0x0009ab60	0	(VH)
0x11	0x0009ab70	0	VH-NEW-FILE?
0x12	0x0009ab80	0	VH-EVERSAVE?
0x13	0x0009ab90	0	VH-CHAR-YBASE
0x15	0x0009aba0	0	VH-QUIT?
0x16	0x0009abb0	0	HEXNUM?
0x17	0x0009abc0	0	VH-INS?
0x1b	0x0009abd0	0	VHMODIFIED?
0x1c	0x0009abe0	0	VH-ALT?
0x1e	0x0009abf0	0	VHLINEREPAINT?
0x1f	0x0009ac00	0	VH-X
0x20	0x0009ac10	0	VH-Y
0x21	0x0009ac20	0	VHWM_CHAR?
0x22	0x0009ac30	0	VH-ESC?
0x24	0x0009ac40	0	EVERRIGHT?
0x26	0x0009ac50	0	VH-MAPING?
0x28	0x0009ac60	0	VH-MFILE
0x2d	0x0009ac70	1	.VH-MAPING
0x35	0x0006a684	0	VH-CHAR-WIDTH
0x36	0x0006a694	0	VH-CHAR-HEIGHT
0x39	0x0009acc4	0	VHBUF-LEN
0x3a	0x0009acd4	0	VHBUF
0x3b	0x0009ace4	0	VHBUF-BLEN
0x3d	0x0009acf4	0	VH-TOP-LINE
0x3e	0x0009ad04	0	VH-LINE-LAST
0x3f	0x0009ad14	0	VH-COL-CUR
0x41	0x0009ad24	0	VHSCREEN-COLS
0x42	0x0009ad34	0	VHSCREEN-ROWS
0x43	0x0009ad44	0	VH-READ-OK?
0x45	0x0009ad54	0	VH-FILENAME
0x47	0x0009ae58	1	CLOSE-VH-MAPING
0x4f	0x0009aea8	1	VH-QUIT
0x5b	0x0009aef8	1	%VHPOSITION
0x5d	0x0009af2c	1	VHPOSITION
0x5f	0x0009af50	0	MKX0
0x60	0x0009af60	0	MKY0
0x61	0x0009af70	0	MKX1
0x62	0x0009af80	0	MKY1
0x64	0x0009af90	1	OFF-VHMARK
0x6b	0x0009afc8	1	MKXY>POSITION
0x6c	0x0009afe8	1	POSITION>MKXY
0x6e	0x0009b018	1	NOMARK?
0x70	0x0009b088	1	ADJMKXY
0x8e	0x0009b228	1	REDISPLAY-VH
0x90	0x0009b24c	1	SETVHCOLOR
0x94	0x0009b270	0	VH-SET-YBASE
0x97	0x0009b280	1	VH-SET-AUTO-VH-MAPING-SIZE
0x116	0x0009b360	0	VH-MENU-BAR
0x15e	0x0009c0a8	0	VH-POPUP-BAR
0x17c	0x0009c764	1	"OPEN-HEX
0x1c0	0x0009c9cc	1	%SAVEVH
0x1da	0x0009cae0	1	SAVEVH
0x1e3	0x0009cb40	1	ADJVHSIZE
0x1f1	0x0009cbe8	1	VHXY@
0x1f9	0x0009cc2c	1	VHXY!
0x206	0x0009cc9c	1	ADJXY
0x21c	0x0009cdb0	1	MKSTART
0x222	0x0009cdec	1	MKEND
0x228	0x0009ce28	1	MKSIZE
0x22b	0x0009ce48	0	VH-TOOLBAR
0x244	0x0009e7bc	0	VH-STATUS-WINDOW
0x265	0x0009ebcc	0	VH-INFO-BUF
0x269	0x0009ed0c	1	.INFO=
0x278	0x0009ed88	0	1BYTEBUF
0x267	0x0009f0cc	0	VH-INFO-WINDOW
0x2b5	0x0009f79c	0	VH-HEAD-WINDOW
0x2ee	0x0009fc34	0	VH-DBCS?
0x2f0	0x0009fc44	1	VH-WINTYPE
0x309	0x0009fd44	1	WINTYPE
0x311	0x0009fd78	0	.1VHLINE-N
0x31a	0x0009fd88	0	.1VHLINE-BUF
0x31c	0x0009fdc0	0	MKFG
0x31d	0x0009fdd0	0	MKBG
0x31f	0x0009fde0	0	.1VHLINE-Y
0x320	0x0009fdf0	0	MARKTYPE-N
0x321	0x0009fe00	0	%MARKTYPE
0x322	0x0009fe10	1	MARKTYPE
0x348	0x000a00bc	1	.1VHLINE
0x37a	0x000a039c	0	LAST-VH-Y
0x37b	0x000a03ac	0	LAST-VH-TOP-LINE
0x2e7	0x000a0e3c	0	VH-WINDOW
0x43c	0x000a124c	0	VH-TITLE
0x43e	0x000a197c	0	VH
0x4af	0x000a1c1c	1	%VH-SET-YBASE
0x4bd	0x000a1d34	1	XY>VHXY
0x4d3	0x000a1e08	0	VH-TRACK?
0x4d5	0x000a1e18	1	VH-UNCLICK
0x4d7	0x000a1e50	0	TMPMKX0
0x4d8	0x000a1e60	0	TMPMKY0
0x4da	0x000a1e70	0	VH-CLICK-XY
0x4dc	0x000a1e88	1	%VH-CLICK
0x4eb	0x000a1fe0	0	LAST-VH-X
0x4ec	0x000a1ff0	0	LAST-VH-Y
0x4ee	0x000a2000	0	CLICK-X0
0x4ef	0x000a2010	0	CLICK-Y0
0x4f1	0x000a2020	1	VH-TRACK
0x517	0x000a213c	1	VH-CLICK
0x520	0x000a21bc	1	VH-DBLCLICK
0x522	0x000a21cc	1	TOCURSOR
0x528	0x000a2240	1	%VH-UP
0x530	0x000a22a0	1	VH-UP
0x533	0x000a22cc	1	%VH-DOWN
0x53c	0x000a2340	1	VH-DOWN
0x53e	0x000a236c	1	VH-LEFT
0x54b	0x000a23f4	1	VH-RIGHT
0x55c	0x000a24e0	1	VH-PGUP
0x566	0x000a2584	1	VH-PGDN
0x570	0x000a263c	1	VH-HOME
0x57a	0x000a268c	0	HEXTONUMBER-TBL
0x57b	0x000a26a4	1	HEXTONUMBER
0x583	0x000a2724	1	PUTVHCHAR
0x5b0	0x000a28b8	1	TOGHEXNUM
0x5bf	0x000a293c	1	%VH-ESC?
0x5d6	0x000a2a58	1	VH-F3?
0x5e5	0x000a2b00	1	VH-F8
0x5eb	0x000a2b54	1	ADJVHCURSOR
0x5f3	0x000a2bc8	1	%VHGOTO
0x600	0x000a2c48	1	HEXNUMBER?
0x60d	0x000a2cd4	1	VH-ALT-G
0x618	0x000a2de8	0	VHFINDBUF
0x619	0x000a2eec	0	VHREPLACEBUF
0x61b	0x000a2ff0	0	TMPVHFINDBUF
0x61c	0x000a30f4	0	TMPVHREPLACEBUF
0x61f	0x000a31f8	0	VH-FIND-CASE?
0x620	0x000a3208	0	VHHEXINPUT?
0x623	0x000a3218	1	VHPOS
0x627	0x000a3250	0	VHLASTFINDPOS
0x628	0x000a3260	0	VHLASTFIND-FOUND?
0x62b	0x000a3270	1	CAPS-COMPARE1
0x636	0x000a3300	1	L-CAPS-SEARCH1
0x651	0x000a3440	1	%%VH-FIND
0x674	0x000a35f8	1	%VH-FIND
0x67c	0x000a3650	0	#VHREPLACE
0x67e	0x000a3660	1	%VH-REPLACE
0x6a8	0x000a3884	1	VH-REPLACE
0x6aa	0x000a38b0	1	VH-REPLACEALL
0x6c0	0x000a39ac	0	VHREPLACEDIALOG?
0x6c3	0x000a39bc	0	VHFINDWINDOWX
0x6c4	0x000a39cc	0	VHFINDWINDOWY
0x6c6	0x000a39dc	1	$>HEXSTR
0x6ce	0x000a3aa0	1	HEXSTR>$
0x6e8	0x000a3c04	0	TEMPLATE
0x712	0x000a3ecc	1	GET-DIALOG1
0x71b	0x000a3f58	1	GET-DIALOG
0x6e6	0x000a4444	0	VHFIND-DLG
0x782	0x000a4464	0	VHLASTKEYISFIND?
0x784	0x000a4474	1	VH-F6
0x78d	0x000a44d0	1	VH-F7
0x795	0x000a4524	1	VH-END
0x79a	0x000a4550	1	VH-'ESC'?
0x7a1	0x000a4594	1	VH-INIT
0x7b2	0x000a4648	1	VH-ALT-O
0x7c1	0x000a46d0	1	SHIFTMKXY
0x7cc	0x000a475c	1	VH-ALT-Z
0x7e7	0x000a4858	1	%VH-ALT-D
0x7fa	0x000a4900	1	VH-C-C
0x81b	0x000a4ae4	1	VH-C-X
0x82b	0x000a4be8	0	VHSAVE-DLG
0x82d	0x000a4c58	1	VH-ALT-S
0x864	0x000a4f14	1	VH-C-V
0x8bb	0x000a51cc	1	VH-ALT-D
0x8bd	0x000a51f4	1	VH-DELETE
0x8d4	0x000a52dc	1	VH-BACKSPACE
0x8da	0x000a5330	0	VH-ALT-I-DLG
0x8dc	0x000a538c	1	VH-ALT-I
0x910	0x000a5688	1	VH-ALT-M
0x937	0x000a57f0	1	VH-ALT-B
0x945	0x000a5878	1	VH-ALT-F
0x958	0x000a59dc	1	DBETWEEN
0x95e	0x000a5a38	1	VH-ALT-K
0x97c	0x000a5c84	1	VH-ALT-U
0x2	0x000a5cac	0	GASC-X
0x3	0x000a5cbc	0	GASC-Y
0x5	0x000a5ccc	1	ASCVALUE>
0x6	0x000a5cf0	1	>ASCVALUE
0x8	0x000a5f48	0	GASC-WINDOW
0x2c	0x000a64ac	0	GASC
0x4a	0x000a675c	0	DOGETASC
0x4b	0x000a676c	0	GETASCPARENT
0x4e	0x000a677c	0	GASCINDEX-1
0x51	0x000a678c	1	GASCINDEX
0x62	0x000a6880	1	%GETASC
0x76	0x000a69f0	1	GASC-CLICK
0x7d	0x000a6a70	1	GASC-DBLCLICK
0x82	0x000a6a90	1	GETASC
0x982	0x000a6b14	1	VH-DOGETASC
0x98b	0x000a6b7c	1	VH-GETASC
0x2	0x000a6ba8	0	GBIG-X
0x3	0x000a6bb8	0	GBIG-Y
0x4	0x000a6bc8	0	GBIG-MX
0x5	0x000a6bd8	0	GBIG-MY
0x6	0x000a6be8	0	GBIGFILE
0x8	0x000a6d9c	0	GBIG-WINDOW
0x27	0x000a7324	0	GBIG
0x3f	0x000a75d4	0	DOGETBIG
0x41	0x000a75e4	0	GETBIGPARENT
0x43	0x000a75f4	1	%GETBIG
0x5a	0x000a7824	1	GBIG-CLICK
0x63	0x000a78c8	1	GBIG-DBLCLICK
0x68	0x000a78e8	1	GETBIG
0x994	0x000a7ac8	1	VH-DOGETBIG
0x9a4	0x000a7ba8	1	VH-GETBIG
0x9aa	0x000a7bd4	0	VH-C-B-SEL
0x9ac	0x000a7be4	1	VH-C-B
0x9cd	0x000a7eb0	0	VH-DEF-GOTO
0x9cf	0x000a7ec0	1	"VH1
0xa8a	0x000a87a0	1	"VH
0x290	0x000a881c	0	CV-QUIT
0x291	0x000a882c	0	CV-SPACE
0x293	0x000a883c	0	INDBLCLICK?
0x295	0x000a884c	0	CV-Y
0x296	0x000a885c	0	NOPAINT?
0x298	0x000a886c	0	CV-TOP-LINE
0x299	0x000a887c	0	CV-PER-PAGE
0x29a	0x000a888c	0	#PV-LINE
0x29c	0x000a889c	1	"=.OR..
0x29e	0x000a88c0	0	CV.PATH-BUF
0x2a0	0x000a89c4	1	FILL-CV.PATH-BUF
0x8	0x000a89e0	0	DIROBJECT
0x9	0x000a8a1c	0	FIND_DATA
0xa	0x000a8a2c	0	DWFILEATTRIBUTES
0xb	0x000a8a3c	0	FTCREATIONTIME
0xc	0x000a8a4c	0	FTLASTACCESSTIME
0xd	0x000a8a5c	0	FTLASTWRITETIME
0x10	0x000a8a6c	0	DFILESIZE
0x11	0x000a8a7c	0	DWRESERVED0
0x12	0x000a8a8c	0	DWRESERVED1
0x13	0x000a8a9c	0	CFILENAME
0x14	0x000a8aac	0	CALTERNATEFILENAME
0x16	0x000a8abc	0	FINDHANDLE
0x17	0x000a8acc	0	FIND_DATA.REL>ABS
0x19	0x000a8adc	0	FINDFIRST:
0x26	0x000a8b6c	0	FINDNEXT:
0x27	0x000a8ba8	0	FIND_DATA:
0x28	0x000a8bd0	0	FINDCLOSE:
0x2a	0x000a8c08	0	FINDDIR-NAME:
0x2b	0x000a8c34	0	FINDDIR-ALTERNATENAME:
0x2d	0x000a8c60	0	FINDDIR-DSIZE:
0x2e	0x000a8c88	0	FINDDIR-ATTRIB:
0x2f	0x000a8cac	0	FINDDIR-TIME:
0x32	0x000a8cd4	0	ADIR
0x34	0x000a8e24	0	LISTARGUMENT
0x36	0x000a8f28	0	DIRTMP-SIZE
0x38	0x000a8f30	0	MAX-DIRBUF
0x39	0x000a8f40	0	DIR-TOTAL
0x3a	0x000a8f50	0	#DIR-MARK
0x3b	0x000a8f60	0	DIR-MARK-SIZE
0x3c	0x000a8f78	0	DIR-TOTAL-BYTE
0x3d	0x000a8f90	0	REAL-DIR-TOTAL
0x40	0x000a8fa0	0	RANDOM-DIR?
0x42	0x000a8fb0	0	DIRTMP
0x43	0x000a91f4	0	DIRTMP1
0x44	0x000a9438	0	DIRTMP2
0x45	0x000a967c	0	DIRTMP3
0x47	0x000a98c0	0	DIRTMP-FILENAMEW
0x55	0x000a9ac4	0	CDIR-LIST
0x57	0x000a9ad8	0	>DIRTMP-DSIZE
0x58	0x000a9ae0	0	>DIRTMP-MARK
0x59	0x000a9ae8	0	>DIRTMP-ATTRIB
0x5a	0x000a9af0	0	>DIRTMP-REM
0x5b	0x000a9af8	0	>DIRTMP-TIME
0x5c	0x000a9b00	0	>DIRTMP-ALTERNATENAME
0x5d	0x000a9b08	0	>DIRTMP-FLAG
0x5e	0x000a9b10	0	>DIRTMP-DIR-DSIZE
0x61	0x000a9b18	0	>DIRTMP1-DSIZE
0x62	0x000a9b20	0	>DIRTMP1-MARK
0x63	0x000a9b28	0	>DIRTMP1-ATTRIB
0x64	0x000a9b30	0	>DIRTMP1-REM
0x65	0x000a9b38	0	>DIRTMP1-TIME
0x66	0x000a9b40	0	>DIRTMP1-ALTERNATENAME
0x67	0x000a9b48	0	>DIRTMP1-FLAG
0x68	0x000a9b50	0	>DIRTMP1-DIR-DSIZE
0x6a	0x000a9b58	0	>DIRTMP2-DSIZE
0x6b	0x000a9b60	0	>DIRTMP2-MARK
0x6c	0x000a9b68	0	>DIRTMP2-ATTRIB
0x6d	0x000a9b70	0	>DIRTMP2-REM
0x6e	0x000a9b78	0	>DIRTMP2-TIME
0x6f	0x000a9b80	0	>DIRTMP2-ALTERNATENAME
0x70	0x000a9b88	0	>DIRTMP2-FLAG
0x71	0x000a9b90	0	>DIRTMP2-DIR-DSIZE
0x73	0x000a9b98	0	>DIRTMP3-DSIZE
0x74	0x000a9ba0	0	>DIRTMP3-MARK
0x75	0x000a9ba8	0	>DIRTMP3-ATTRIB
0x76	0x000a9bb0	0	>DIRTMP3-REM
0x77	0x000a9bb8	0	>DIRTMP3-TIME
0x78	0x000a9bc0	0	>DIRTMP3-ALTERNATENAME
0x79	0x000a9bc8	0	>DIRTMP3-FLAG
0x7a	0x000a9bd0	0	>DIRTMP3-DIR-DSIZE
0x7d	0x000a9bd8	1	DIRBUF-INIT
0x82	0x000a9bf8	1	DIRBUF-QUIT
0x88	0x000a9c18	1	ZERO-DIRBUF
0x99	0x000a9c8c	1	DIR-INIT
0x9d	0x000a9ca8	1	DIR-QUIT
0xa0	0x000a9cc0	0	_LOCALTIME
0xa1	0x000a9cd4	0	DATETMPBUF
0xb7	0x000a9ce8	1	FIND_DATA>DIRTMP
0xe6	0x000a9e58	1	FIND_DATA>DIRTMP2
0x109	0x000a9f34	1	#>DIRTMP
0x10a	0x000a9f68	1	#>DIRTMP1
0x10b	0x000a9f9c	1	#>DIRTMP2
0x10c	0x000a9fd0	1	#>DIRTMP3
0x10e	0x000aa004	1	#>DIRTMPNAME
0x10f	0x000aa03c	1	#>DIRTMPNAME1
0x110	0x000aa074	1	#>DIRTMPNAME2
0x115	0x000aa0ac	1	DIRTMP>#
0x116	0x000aa0e8	1	DIRTMP1>#
0x118	0x000aa124	1	DIRTMP=DIR?
0x119	0x000aa148	1	DIRTMP1=DIR?
0x11a	0x000aa16c	1	DIRTMP2=DIR?
0x11c	0x000aa190	1	DIRTMP=LONGFILENAME?
0x11d	0x000aa1cc	1	DIRTMP1=LONGFILENAME?
0x11e	0x000aa208	1	DIRTMP2=LONGFILENAME?
0x121	0x000aa244	1	DIRTMP=UNICODE?
0x125	0x000aa270	1	DIRTMP1=UNICODE?
0x129	0x000aa29c	1	DIRTMP=UNICODE?__
0x12e	0x000aa2f4	1	GET-DIRTMP-VALID-FILENAME
0x135	0x000aa338	1	DIRTMP=REM?
0x13c	0x000aa354	1	DIRTMP1=REM?
0x143	0x000aa370	1	DIRTMP2=REM?
0x14b	0x000aa38c	1	DIRTMP=DISK?
0x14c	0x000aa3d8	1	DIRTMP1=DISK?
0x14d	0x000aa424	1	DIRTMP2=DISK?
0x14f	0x000aa470	1	PACK-DIRLIST
0x15b	0x000aa510	1	RANDOM-DIR
0x163	0x000aa5ac	0	READ-REM-HANDLE
0x164	0x000aa5bc	0	READ-REM-TMP
0x165	0x000aa7c0	0	READ-REM-NAME
0x168	0x000aa8c4	0	READ-REM-MATCH?
0x16a	0x000aa8d4	0	#LAST-READ-REM
0x16c	0x000aa8e4	0	DIR.DOC
0x16e	0x000aa9e8	1	GETDIR.DOC
0x17f	0x000aaa80	0	READING-DIR.DOC?
0x181	0x000aaa90	0	REMFILE
0x183	0x000aaabc	0	DIRIDX-BUF
0x185	0x000aaacc	0	DIR-BIN-SEARCH-KEY
0x186	0x000aabd0	0	DIR-BIN-SEARCH-CHAR
0x19f	0x000aac1c	1	DIR-BIN-SEARCH
0x1c3	0x000aad2c	1	>DIRIDX-SORT-KEY
0x1c8	0x000aad64	1	DIRIDX-SORT-KEY-CMP-NAME
0x1d3	0x000aade8	1	SORTDIRIDX
0x1ee	0x000aae6c	0	READ-REM-N
0x1f1	0x000aae84	1	OVER.C@.DUP.'+'.=.SWAP.'>'.=.OR
0x1fe	0x000aaeb8	1	%READ-REM
0x239	0x000ab0cc	0	DIRSORT-CHG1
0x23a	0x000ab0dc	0	DIRSORT-CHG2
0x23c	0x000ab0ec	1	DIRSORT-CHG
0x244	0x000ab13c	1	READ-REM
0x278	0x000ab1c4	1	>DIRSORT-KEY
0x27e	0x000ab204	1	DIRSORT-KEY-CMP-NAME
0x29e	0x000ab2e0	1	DIRSORT-KEY-CMP-NAME-LEN
0x2ab	0x000ab348	1	DIRSORT-KEY-CMP-EXT
0x2bd	0x000ab3fc	1	DIRSORT-KEY-CMP-REM
0x2cc	0x000ab484	1	DIRSORT-KEY-CMP-DATE
0x2e4	0x000ab63c	1	DIRSORT-KEY-CMP-SIZE
0x2fa	0x000ab6f8	0	READ-DIR-ERROR?
0x2fc	0x000ab708	1	#CV-GOTOY
0x308	0x000ab798	1	"CV-GOTOY
0x311	0x000ab820	1	"EMPTYDIR?
0x326	0x000ab8f0	0	NEED-UPDATEEMPTYDIR?
0x328	0x000ab900	1	SET-DIRSORT
0x335	0x000ab9bc	0	UPDATEDIR-BUF1
0x336	0x000ab9d0	0	NULL-CHAR
0x338	0x000ab9d8	0	CHECKEMPTYDIR?
0x33a	0x000ab9e8	0	LIST-DISK?
0x33c	0x000ab9f8	1	READ-DIR
0x43f	0x000ac330	1	SORT-CDIR
0x441	0x000ac374	1	XCHG-CDIR
0x2a8	0x000ac394	0	LAST-MARKLINE
0x2ae	0x000ac3a4	0	LINEREPAINT?
0x2b0	0x000ac3b4	0	DIR-WINDOW-XSIZE
0x2b1	0x000ac3c4	0	DIR-WINDOW-YSIZE
0x2b5	0x000ac3d4	0	SPLIT-TRACKING?
0x2b7	0x000ac3e4	0	VP-CURX
0x2b8	0x000ac3f4	0	VP-CURY
0x2ba	0x000ac404	0	VP-TARGETX
0x2bb	0x000ac414	0	VP-TARGETY
0x2c1	0x000ac424	0	FORCEVH?
0x2c2	0x000ac434	0	FORCEVF?
0x2c4	0x000ac444	0	"VIEWFILE
0x2c9	0x000ac454	0	#MARKLINE
0x2d3	0x000ac464	0	>DISKBUF-PATH
0x2d4	0x000ac46c	0	>DISKBUF-ATTRIB
0x2d5	0x000ac474	0	>DISKBUF-LABEL
0x2d6	0x000ac47c	0	B/DISKBUF
0x2dc	0x000ac484	0	1DISKBUF
0x2dd	0x000ac68c	0	DISKBUF
0x2df	0x000ac6a0	1	>#DISKBUF
0x2e2	0x000ac6d0	1	$?ADD-DISK-PATH
0x2	0x000ac7c0	0	BZ2-DLL
0x4	0x000ac7e4	1	"UN-BZIP2
0x6	0x000ac99c	0	BSZIP-DLL
0x8	0x000ac9b8	0	UNARCTOBUF
0x9	0x000acac4	0	ARC-Y
0xa	0x000acad4	0	EXEARCOFFSET
0xc	0x000acae4	0	UNZIP-DEL?
0xd	0x000acaf4	0	ARCBUSY?
0xe	0x000acb04	0	ARC-PV-WINDOW-BUSY?
0xf	0x000acb14	0	ARC-PV-YSIZE
0x10	0x000acb24	0	ARCPV?
0x11	0x000acb34	0	ARC-DOPASS?
0x12	0x000acb44	0	#LISTARCHIVE
0x13	0x000acb54	0	ARC-VERSION
0x14	0x000acb64	0	ARC-ENG?
0x15	0x000acb74	0	(ARC)
0x17	0x000acb84	0	SHOW-ARC-COMMENT?
0x19	0x000acb94	0	ARC-PASSWORD
0x1a	0x000acca0	0	ARC-ENCRYPTED?
0x1c	0x000accb0	0	UNARC-ALL?
0x1d	0x000accc0	0	FILLINGARCLIST?
0x1f	0x000accd0	0	UNARC-MARK?
0x21	0x000acce0	0	.1ARCHIVE
0x23	0x000accf0	0	ARCHANDLE
0x25	0x000acd00	0	PVARC?
0x26	0x000acd10	0	ARCTYPE
0x27	0x000acd20	0	ARCMODIFIED?
0x2a	0x000acd30	0	UNARCBUF
0x2b	0x000ace34	0	ARC-FILENAME
0x2c	0x000acf40	0	TEMPDIR
0x2f	0x000ad044	0	ARC-COMMENT
0x30	0x000ad054	0	ARC-COMMENT-SIZE
0x32	0x000ad064	0	#ARC-MARK
0x33	0x000ad074	0	ARC-MARK-SIZE
0x34	0x000ad08c	0	ARC-TOTAL-SIZE
0x35	0x000ad0a4	0	ARC-TOTAL-ORI-SIZE
0x37	0x000ad0bc	0	ARC-MAX-NAME
0x4	0x000ad0cc	0	ZIPMARK
0x5	0x000ad0d8	0	ARJMARK
0x6	0x000ad0e0	0	ARJMARK1
0x7	0x000ad0ec	0	ACEMARK
0x8	0x000ad0fc	0	7Z-HEADER
0x9	0x000ad108	0	RARMARKBLOCK
0x10	0x000ad114	1	"GETARCTYPE
0x3c	0x000ad958	0	ARC-PASSWORD-DLG
0x3e	0x000ad9c0	0	DISPLAY-ARC-PWD-*?
0x40	0x000ad9d0	1	INPUT-ARC-PASSWORD
0x4b	0x000ada8c	0	ARC-MENU
0x64	0x000adef0	0	ARC-POPUPBAR
0x7d	0x000ae350	1	GETLINECHAR
0x8a	0x000ae3cc	1	ARC-COMMENT-MXMY
0x9b	0x000ae468	1	ARC-COMMENT-#LINE
0xae	0x000ae520	0	ARCLIST
0xaf	0x000ae530	0	ARCLISTBLEN
0xb0	0x000ae540	0	#ARCLIST
0xb1	0x000ae550	0	ARC-QUIT?
0xb2	0x000ae560	0	ARC-COL-CUR
0xb4	0x000ae570	0	B/ARCTMP
0xb5	0x000ae580	0	ARCTMP
0xb7	0x000ae580	0	>ARCTMP-NAME
0xb8	0x000ae6a0	0	>ARCTMP-ORISIZE
0xb9	0x000ae6a8	0	>ARCTMP-ARCSIZE
0xba	0x000ae6b0	0	>ARCTMP-DATE
0xbb	0x000ae6b8	0	>ARCTMP-MARK
0xbf	0x000ae6c0	1	#>ARCTMP
0xc6	0x000ae724	1	ARCTMP>#
0xd1	0x000ae7b4	1	ADD-ARCTMP
0xd7	0x000ae7d8	0	ZIPERROR?
0xd8	0x000ae7e8	0	#ZIPPROCESSEDFILES
0xd9	0x000ae7f0	0	#ZIPPROCESSEDBYTES
0xe0	0x000ae7f8	0	OVERWRITEZIP-PARENT
0xe3	0x000ae808	0	TESTINGARC?
0xe4	0x000ae818	0	OVERWRITEZIP-EXIST?
0xe6	0x000ae828	1	OVERWRITEZIP?
0x101	0x000ae90c	1	BREAK-UNARC?
0x106	0x000ae950	0	MAKINGZIP?
0x107	0x000ae960	0	ZORDEREDBYTES
0x109	0x000ae9c0	0	&.UNZIPINFO
0x109	0x000ae9c8	1	.UNZIPINFO
0x122	0x000aeafc	1	.TSZD-ERROR
0x129	0x000aeb44	1	UNZIP
0x1b7	0x000af018	0	AUNZIP32-DLL
0x1b9	0x000af038	0	AZOVERWRITE_ALL
0x1bb	0x000af040	1	UNZIP11
0x213	0x000af3b0	0	RAROPENARCHIVEDATAEX
0x214	0x000af3c0	0	ARCNAME
0x215	0x000af3d0	0	ARCNAMEW
0x216	0x000af3e0	0	OPENMODE
0x217	0x000af3f0	0	OPENRESULT
0x218	0x000af400	0	CMTBUF
0x219	0x000af410	0	CMTBUFSIZE
0x21a	0x000af420	0	CMTSIZE
0x21b	0x000af430	0	CMTSTATE
0x21c	0x000af440	0	FLAGS
0x21d	0x000af450	0	RESERVED
0x212	0x000af460	0	RAROPENARCHIVEDATAEX
0x222	0x000af4e8	0	RARHEADERDATA
0x223	0x000af4f8	0	ARCNAME
0x224	0x000af508	0	FILENAME
0x225	0x000af518	0	FLAGS
0x226	0x000af528	0	PACKSIZE
0x227	0x000af538	0	UNPSIZE
0x228	0x000af548	0	HOSTOS
0x229	0x000af558	0	FILECRC
0x22a	0x000af568	0	FILETIME
0x22b	0x000af578	0	UNPVER
0x22c	0x000af588	0	METHOD
0x22d	0x000af598	0	FILEATTR
0x22e	0x000af5a8	0	CMTBUF
0x22f	0x000af5b8	0	CMTBUFSIZE
0x230	0x000af5c8	0	CMTSIZE
0x231	0x000af5d8	0	CMTSTATE
0x221	0x000af5e8	0	RARHEADERDATA
0x236	0x000af82c	0	ERAR_END_ARCHIVE
0x238	0x000af834	0	ERAR_NO_MEMORY
0x239	0x000af83c	0	ACEERR_EXISTS
0x23b	0x000af844	0	ERAR_BAD_DATA
0x23c	0x000af84c	0	ERAR_BAD_ARCHIVE
0x23d	0x000af854	0	ERAR_UNKNOWN_FORMAT
0x23e	0x000af85c	0	ERAR_EOPEN
0x23f	0x000af864	0	ERAR_ECREATE
0x240	0x000af86c	0	ERAR_ECLOSE
0x241	0x000af874	0	ERAR_EREAD
0x242	0x000af87c	0	ERAR_EWRITE
0x243	0x000af884	0	ERAR_SMALL_BUF
0x245	0x000af88c	0	RAR_OM_LIST
0x246	0x000af894	0	RAR_OM_EXTRACT
0x248	0x000af89c	0	RAR_SKIP
0x249	0x000af8a4	0	RAR_TEST
0x24a	0x000af8ac	0	RAR_EXTRACT
0x24f	0x000af8b4	0	HARCDATA
0x251	0x000af8c4	1	.RARERROR
0x26a	0x000afb00	0	RAR-DLL
0x26c	0x000afb1c	1	"GET-RAR-COMMENT
0x283	0x000afc64	1	UNRAR
0x17	0x000b02d8	0	ACEOPENARCHIVEDATA
0x18	0x000b02e8	0	ARCNAME
0x19	0x000b02f8	0	OPENMODE
0x1a	0x000b0308	0	OPENRESULT
0x1b	0x000b0318	0	FLAGS
0x1c	0x000b0328	0	HOST
0x1d	0x000b0338	0	AV
0x1e	0x000b0348	0	CMTBUF
0x1f	0x000b0358	0	CMTBUFSIZE
0x20	0x000b0368	0	CMTSIZE
0x21	0x000b0378	0	CMTSTATE
0x24	0x000b0388	0	CHANGEVOLPROC
0x25	0x000b0398	0	PROCESSDATAPROC
0x16	0x000b03a8	0	ACEOPENARCHIVEDATA
0x41	0x000b044c	0	ACEHEADERDATA
0x42	0x000b045c	0	ARCNAME
0x43	0x000b046c	0	FILENAME
0x44	0x000b047c	0	FLAGS
0x45	0x000b048c	0	PACKSIZE
0x46	0x000b049c	0	UNPSIZE
0x47	0x000b04ac	0	FILECRC
0x48	0x000b04bc	0	FILETIME
0x49	0x000b04cc	0	METHOD
0x4a	0x000b04dc	0	QUAL
0x4b	0x000b04ec	0	FILEATTR
0x4c	0x000b04fc	0	CMTBUF
0x4d	0x000b050c	0	CMTBUFSIZE
0x4e	0x000b051c	0	CMTSIZE
0x4f	0x000b052c	0	CMTSTATE
0x40	0x000b053c	0	ACEHEADERDATA
0x56	0x000b077c	0	ACE-DLL
0x62	0x000b0798	1	"GET-ACE-COMMENT10
0x74	0x000b08d8	1	UNACE10
0x4	0x000b0e70	0	ACE2-DLL
0x6	0x000b0e8c	0	ACE_COMMENT_OK
0x7	0x000b0e94	0	ACE_COMMENT_SMALLBUF
0x9	0x000b0e9c	0	ACE_COMMENT_NONE
0x16	0x000b0ee0	0	ACEGLOBALDATASTRUC
0x17	0x000b0ef0	0	OBJ
0x18	0x000b0f00	0	MAXARCHIVETESTBYTES
0x19	0x000b0f10	0	MAXFILEBUFSIZE
0x1b	0x000b0f20	0	COMMENTBUF
0x1c	0x000b0f30	0	COMMENTBUFSIZE
0x1d	0x000b0f40	0	COMMENTSTATE
0x1f	0x000b0f50	0	DECRYPTPASSWORD
0x20	0x000b0f60	0	RESERVED1
0x22	0x000b0f70	0	ENCRYPTPASSWORD
0x23	0x000b0f80	0	TEMPDIR
0x25	0x000b0f90	0	KEYPATH
0x26	0x000b0fa0	0	USERAV
0x27	0x000b0fb0	0	ISGENERALKEY
0x28	0x000b0fc0	0	OWNERWINDOW
0x2a	0x000b0fd0	0	COMPRESSIONLEVEL
0x2b	0x000b0fe0	0	RESERVED2
0x2d	0x000b0ff0	0	INFOCALLBACKPROC
0x2e	0x000b1000	0	ERRORCALLBACKPROC
0x2f	0x000b1010	0	REQUESTCALLBACKPROC
0x30	0x000b1020	0	STATECALLBACKPROC
0x32	0x000b1030	0	RESERVED
0x34	0x000b1040	0	RESERVED
0x36	0x000b1050	0	SIZEOFACEINITDLLSTRUC
0x37	0x000b1058	0	SIZEOF:
0x15	0x000b107c	0	ACEGLOBALDATASTRUC
0x3a	0x000b107c	0	ACEINITDLLSTRUC
0xc6	0x000b1200	0	ACEREADARCHIVEDATASTRUC
0xc7	0x000b1210	0	ARCHIVENAME
0xc8	0x000b1220	0	VOLUMENUMBER
0xc9	0x000b1230	0	FLAGS
0xca	0x000b1240	0	HOSTCREATED
0xcb	0x000b1250	0	TIMECREATED
0xcc	0x000b1260	0	VERSIONCREATED
0xcd	0x000b1270	0	VERSIONEXTRACT
0xce	0x000b1280	0	AV
0xcf	0x000b1290	0	RESERVED
0xd1	0x000b12a0	0	RESERVED
0xc5	0x000b12b0	0	ACEREADARCHIVEDATASTRUC
0xd5	0x000b12b0	0	ACEARCHIVEDATASTRUC
0xf5	0x000b1394	0	ACEEXTRACTSTRUC
0xf7	0x000b13a4	0	SOURCEDIR
0xf8	0x000b13b4	0	FILELIST
0xff	0x000b13c4	0	EXCLUDELIST
0x100	0x000b13d4	0	FULLMATCH
0x101	0x000b13e4	0	RECURSESUBDIRS
0x102	0x000b13f4	0	RESERVED
0x104	0x000b1404	0	DESTINATIONDIR
0x105	0x000b1414	0	EXCLUDEPATH
0x106	0x000b1424	0	DECRYPTPASSWORD
0x107	0x000b1434	0	RESERVED
0x109	0x000b1444	0	SIZEOFACEEXTRACTSTRUC
0xf4	0x000b1468	0	ACEEXTRACTSTRUC
0x10d	0x000b1468	0	ACEFILESSTRUC
0x113	0x000b1548	0	ACETESTSTRUC
0x115	0x000b1558	0	SOURCEDIR
0x116	0x000b1568	0	FILELIST
0x11d	0x000b1578	0	EXCLUDELIST
0x11e	0x000b1588	0	FULLMATCH
0x11f	0x000b1598	0	RECURSESUBDIRS
0x120	0x000b15a8	0	RESERVED
0x122	0x000b15b8	0	DECRYPTPASSWORD
0x123	0x000b15c8	0	RESERVED
0x125	0x000b15d8	0	SIZEOFACETESTSTRUC
0x112	0x000b15fc	0	ACETESTSTRUC
0x166	0x000b16e0	0	&1PARM-CALLBACK
0x166	0x000b16e8	1	1PARM-CALLBACK
0x16b	0x000b1714	1	ACEDLL-INIT
0x183	0x000b181c	1	"GET-ACE-COMMENT
0x1a3	0x000b1840	1	UNACE
0x310	0x000b1c54	1	%.1ARCHIVE2
0x324	0x000b1e8c	0	ARC-FILENAME-WINDOW
0x347	0x000b24b0	0	ARC-STATUS-WINDOW
0x380	0x000b28c0	0	ARC-LINE-CUR
0x381	0x000b28d0	0	ARC-LINEREPAINT?
0x383	0x000b28e0	0	SCREEN-COLS
0x384	0x000b28f0	0	SCREEN-ROWS
0x386	0x000ae540	0	ARC-LINE-LAST
0x38b	0x000b2900	0	ARC-TOOLBAR
0x3b7	0x000b4c7c	0	DOLISTARC
0x3b9	0x000b4c8c	1	ARC+POSITION
0x3bd	0x000b4cc4	0	"LISTARCHIVE-FILENAME
0x3bf	0x000b4dc8	1	"LISTARCHIVE
0x3cc	0x000b4e44	0	ARJHEADER
0x3cd	0x000b5048	0	ARJNAME
0x3cf	0x000b524c	1	READ1ARJHEADER
0x3dc	0x000b529c	0	ARJ-EXTFILE_FLAG
0x418	0x000b52a4	1	%LISTARJ
0x442	0x000b5500	1	"LISTARJ
0x4a9	0x000b4e44	0	ZIPHEADER
0x4aa	0x000b5048	0	ZIPNAME
0x4ad	0x000b5524	0	ZIP-EXTRA-FIELD-BUF
0x4b3	0x000b5544	1	READ1ZIPHEADER
0x52d	0x000b58d0	1	%LISTZIP
0x538	0x000b5938	1	"LISTZIP
0x561	0x000b4e44	0	GZHEADER
0x562	0x000b5048	0	GZNAME
0x564	0x000b597c	0	GZ-TIME
0x566	0x000b5984	1	READ1GZHEADER
0x59f	0x000b5c0c	1	%LISTGZ
0x5a5	0x000b5c68	1	"LISTGZ
0x5da	0x000b4e44	0	TARHEADER
0x5db	0x000b5048	0	TARNAME
0x5dd	0x000b5c8c	1	READ1TARHEADER
0x5f4	0x000b5dc4	1	%LISTTAR
0x5fa	0x000b5e20	1	"LISTTAR
0x5fe	0x000b5e44	0	RAR.HEAD_CRC
0x5ff	0x000b5e54	0	RAR.HEAD_TYPE
0x600	0x000b5e64	0	RAR.HEAD_FLAGS
0x601	0x000b5e74	0	RAR.HEAD_SIZE
0x602	0x000b5e84	0	RAR.ADD_SIZE
0x604	0x000b4e44	0	RARBLOCK
0x606	0x000b5e94	0	RAR.ADD_SIZE1
0x609	0x000b5e9c	1	READ1RARBLOCK
0x619	0x000b5f88	0	#RARLIST
0x61a	0x000b5048	0	RARNAME
0x6ab	0x000b5f98	0	RAR-FILEHEADER
0x6ad	0x000b5fbc	0	LISTRAR-POSITION-SAVER
0x6af	0x000b5fd4	1	%LISTRAR
0x6ef	0x000b6288	1	"LISTRAR1
0x6f7	0x000b62b4	1	"RAR-HEADER-ENCRYPTED?
0x727	0x000b6424	0	>RARHEADERDATAEX-ARCNAME
0x728	0x000b642c	0	>RARHEADERDATAEX-ARCNAMEW
0x729	0x000b6434	0	>RARHEADERDATAEX-FILENAME
0x72a	0x000b643c	0	>RARHEADERDATAEX-FILENAMEW
0x72b	0x000b6444	0	>RARHEADERDATAEX-FLAGS
0x72c	0x000b644c	0	>RARHEADERDATAEX-PACKSIZE
0x72d	0x000b6454	0	>RARHEADERDATAEX-PACKSIZEHIGH
0x72e	0x000b645c	0	>RARHEADERDATAEX-UNPSIZE
0x72f	0x000b6464	0	>RARHEADERDATAEX-UNPSIZEHIGH
0x730	0x000b646c	0	>RARHEADERDATAEX-HOSTOS
0x731	0x000b6474	0	>RARHEADERDATAEX-FILECRC
0x732	0x000b647c	0	>RARHEADERDATAEX-FILETIME
0x733	0x000b6484	0	>RARHEADERDATAEX-UNPVER
0x734	0x000b648c	0	>RARHEADERDATAEX-METHOD
0x735	0x000b6494	0	>RARHEADERDATAEX-FILEATTR
0x736	0x000b649c	0	>RARHEADERDATAEX-CMTBUF
0x737	0x000b64a4	0	>RARHEADERDATAEX-CMTBUFSIZE
0x738	0x000b64ac	0	>RARHEADERDATAEX-CMTSIZE
0x739	0x000b64b4	0	>RARHEADERDATAEX-CMTSTATE
0x73a	0x000b64bc	0	>RARHEADERDATAEX-RESERVED
0x73b	0x000b64c4	0	B/RARHEADERDATAEX
0x73f	0x000b64cc	1	"LISTRAR-X
0x790	0x000b68a0	1	"LISTRAR
0x7bb	0x000b6984	0	ACEBLOCK
0x7bc	0x000b6994	0	HEAD_CRC
0x7bd	0x000b69a4	0	HEAD_SIZE
0x7be	0x000b69b4	0	HEAD_TYPE
0x7bf	0x000b69c4	0	HEAD_FLAGS
0x7c0	0x000b69d4	0	ADDSIZE
0x7c1	0x000b69e4	0	OTHER
0x7ba	0x000b69f4	0	ACEBLOCK
0x805	0x000b6a18	1	READ1ACEBLOCK
0x809	0x000b4e44	0	ACEFILEBLOCK1
0x80a	0x000b5048	0	ACEFILENAME
0x80c	0x000b6a54	0	ACETMPPOSITION
0x80e	0x000b6a64	1	%LISTACE
0x83e	0x000b6cd4	1	"LISTACE
0x8c5	0x000b4e44	0	LZHHEADER
0x8c6	0x000b5048	0	LZHNAME
0x8c7	0x000b6cf8	0	HEADERLEVEL
0x8c9	0x000b6d08	0	LZHTMPBUF
0x8cb	0x000b6d18	1	%LISTLZH
0x8fb	0x000b704c	1	"LISTLZH
0x944	0x000b4e44	0	ARCHEADER
0x946	0x000b7098	1	%LISTARC
0x95c	0x000b71c8	1	"LISTARC
0x96c	0x000b71ec	0	CAB_SIGNATURE
0x981	0x000b7230	0	CAB_HEADER
0x982	0x000b7240	0	SIG
0x983	0x000b7250	0	CSUMHEADER
0x984	0x000b7260	0	CBCABINET
0x985	0x000b7270	0	CSUMFOLDERS
0x986	0x000b7280	0	COFFFILES
0x987	0x000b7290	0	CSUMFILES
0x988	0x000b72a0	0	VERSION
0x989	0x000b72b0	0	CFOLDERS
0x98a	0x000b72c0	0	CFILES
0x98b	0x000b72d0	0	FLAGS
0x98c	0x000b72e0	0	SETID
0x98d	0x000b72f0	0	ICABINET
0x98e	0x000b7300	0	SIZE/CAB_HEADER
0x980	0x000b7324	0	CAB_HEADER
0x993	0x000b738c	0	CAB_FOLDER
0x994	0x000b739c	0	COFFCABSTART
0x995	0x000b73ac	0	CCFDATA
0x996	0x000b73bc	0	TYPECOMPRESS
0x997	0x000b73cc	0	SIZE/CAB_FOLDER
0x992	0x000b73f0	0	CAB_FOLDER
0x99c	0x000b743c	0	CAB_ENTRY
0x99d	0x000b744c	0	CBFILE
0x99e	0x000b745c	0	UOFFFOLDERSTART
0x99f	0x000b746c	0	IFOLDER
0x9a0	0x000b747c	0	DATE
0x9a1	0x000b748c	0	TIME
0x9a2	0x000b749c	0	ATTRIBS
0x9a3	0x000b74ac	0	SIZE/CAB_ENTRY
0x99b	0x000b74d0	0	CAB_ENTRY
0x9aa	0x000b5048	0	CABFILENAME
0x9ac	0x000b74e8	1	FILE+OFFSET
0x9b2	0x000b7534	1	READASCIIZ
0x9ba	0x000b75d8	1	%LISTCAB
0x9d8	0x000b7818	1	"LISTCAB
0x9e8	0x000b4e44	0	LZHEADER
0x9e9	0x000b5048	0	LZNAME
0x9eb	0x000b783c	1	%LISTLZ
0x9ff	0x000b78f0	1	"LISTLZ
0xa0d	0x000b7928	1	%LISTBZIP2
0xa35	0x000b7a88	1	"LISTBZIP2
0xa3d	0x000b7ac0	1	%LISTZ
0xa51	0x000b7b88	1	"LISTZ
0x5	0x000b7bc0	0	7ZIP-DLL
0xad0	0x000b7bdc	1	%LIST7Z
0xb2e	0x000b7f70	1	"LIST7Z
0xb3f	0x000b7fb0	1	LCC-SCAN
0xb47	0x000b801c	1	"ARCTMPDEL
0xb5c	0x000b8078	0	VIEWARCBUF
0xb5e	0x000b8184	0	UNARCTOTMP
0xb61	0x000b8194	1	"PVLISTARCHIVE
0x4	0x000b833c	0	LIMIT-TIME-KEY?-MS-CNT
0x8	0x000b834c	0	PV-ING?
0xa	0x000b835c	0	PV-CHILD-WINDOW
0xc	0x000b8398	1	LIMIT-TIME-KEY?-RESET
0x10	0x000b83bc	1	LIMIT-TIME-KEY?
0x15	0x000b8408	1	SAFE-?KEY?
0x1e	0x000b846c	1	PV-EMPTY
0x25	0x000b84b8	1	.PV-ENDFILE
0x2c	0x000b84ec	1	%.1ARCHIVE
0x63	0x000b8710	0	ARCPV-FILENAME
0x65	0x000b8728	1	AFTERARCPV
0x87	0x000b88b8	1	"ARCPV
0xa0	0x000aa5bc	0	DIRPV-TMP
0xa6	0x000b8970	1	FILENAME-CP-WINTYPE
0xb1	0x000b898c	1	%"DIRPV
0x106	0x000b8c6c	1	"DIRPV
0x2	0x000b8cd0	0	BMPTARGETHEIGHT
0x3	0x000b8ce0	0	BMPTARGETWIDTH
0x7	0x000b8d04	0	BMPINFOHEADER
0x19	0x000b8d30	0	HDIB
0x1e	0x000b8d40	1	BMP-QUIT
0x29	0x000b8d94	0	"READJPG:
0x96	0x000b8e7c	0	BMPSIZE:
0x9e	0x000b8eb4	0	DIB:
0xa0	0x000b8ed8	0	SHOW-BMP-SCALED?
0xa2	0x000b8ee8	1	SHOW-BMP
0x103	0x000b9138	1	"SHOWPIC
0x125	0x000b92fc	0	SCALE-X
0x126	0x000b930c	0	SCALE-Y
0x12a	0x000b931c	0	NEEDRESIZE?
0x142	0x000b932c	1	UTF8-WINTYPE
0x158	0x000b9380	1	PV-LIST-TORRENT
0x1aa	0x000b96a4	0	UNI-TXT-HEAD
0x1ab	0x000b96ac	0	UNI-CRLF$
0x1ad	0x000b96b8	1	"=UNI-FILE?
0x1b9	0x000b9778	1	"=GB-FILE?
0x1c5	0x000b9810	1	"=TORRENT?
0x1cd	0x000b9898	1	PV-LIST-UNI-TXT
0x7	0x000b9964	0	RIFF-SIZE
0x8	0x000b9974	0	RIFF-TYPE
0xa	0x000b9984	0	AVI-VIDEO-CODE
0xc	0x000b999c	0	RIFF-AVI-TYPE
0xd	0x000b99a4	0	RIFF-WAVE-TYPE
0xe	0x000b99ac	0	RIFF-CDXA-TYPE
0x1d	0x000b99b4	1	GET-RIFF-LIST
0x32	0x000b9aa8	1	GET-RIFF-CHUNK
0x56	0x000b9b68	0	AVIMAINHEADER-CB
0x58	0x000b9b70	0	AVIMAINHEADER
0x5a	0x000b9b70	0	WAVE-FMT-HEADER
0x5c	0x000b9ba0	1	>AVIMAINHEADER-WIDTH
0x5d	0x000b9bbc	1	>AVIMAINHEADER-HEIGHT
0x5f	0x000b9bd8	1	>AVIMAINHEADER-MICROSECPERFRAME
0x60	0x000b9bf4	1	>AVIMAINHEADER-TOTALFRAMES
0x62	0x000b9c10	1	AVIMAINHEADER-WIDTH
0x63	0x000b9c28	1	AVIMAINHEADER-HEIGHT
0x66	0x000b9c40	1	LIST-RIFF-CHUNK
0x79	0x000b9d44	1	LIST-MAIN-RIFF-LIST
0xb8	0x000b9f2c	0	MPG-SEQ-HEADER
0xba	0x000b9f38	1	LIST-MPG
0xde	0x000ba00c	0	>WAVE-FMT-WFORMATTAG
0xdf	0x000ba014	0	>WAVE-FMT-WCHANNELS
0xe0	0x000ba01c	0	>WAVE-FMT-DWSAMPLESPERSEC
0xe1	0x000ba024	0	>WAVE-FMT-DWAVGBYTESPERSEC
0xe2	0x000ba02c	0	>WAVE-FMT-WBLOCKALIGN
0xe3	0x000ba034	0	>WAVE-FMT-WBITSPERSAMPLE
0xe4	0x000ba03c	0	B/WAVE-FMT
0xe7	0x000ba044	1	"GET-WAVE-CHUNK
0xfd	0x000ba150	0	WAVE-DATA-CHUNK-SIZE
0xff	0x000ba160	1	LIST-WAVE
0x108	0x000ba1e4	0	MKV-HEADER
0x10c	0x000ba1fc	1	LIST-AVI
0x153	0x001e6a8c	0	T
0x1e7	0x000ba520	1	PV-LIST-RIFF
0x204	0x000ba5e4	1	"PV-TEXTFILE
0x25a	0x000ba7b4	1	"PV
0x3b5	0x000bb358	1	"DIRTMP2-PV
0xb80	0x000bb6f0	0	ARC-PV-WINDOW
0xbb6	0x000bbc4c	0	SETSCROLL:
0xbc4	0x000bbccc	0	LAST-ARC-LINE-CUR
0xbc5	0x000bbcdc	0	LAST-ARC-Y
0xbd4	0x000bbcec	0	.1ARC-N
0xbd7	0x000bbcfc	1	.1ARC
0xbac	0x000bc7e8	0	ARC-WINDOW
0xcb6	0x000bcbf8	0	LAST-ARC-Y
0xcb7	0x000bcc08	1	%ARC-CLICK
0xcd4	0x000bcdac	1	ARC-TRACK
0xcdf	0x000bcdf8	1	ARC-CLICK
0xce9	0x000bce78	1	ARC-UNCLICK
0xced	0x000bceb0	1	ARC-DBLCLICK
0x1	0x000bcecc	0	SCROLL-CHILD-WINDOW
0x3	0x000bcf08	0	TOPY
0x4	0x000bcf18	0	TOPX
0x5	0x000bcf28	0	TOTALY
0x6	0x000bcf38	0	TOTALX
0x7	0x000bcf48	0	WINMX
0x8	0x000bcf58	0	WINMY
0x9	0x000bcf68	0	CURX
0xa	0x000bcf78	0	CURY
0xc	0x000bcf88	0	FONT-WIDTH
0xd	0x000bcf98	0	FONT-HEIGHT
0xf	0x000bcfa8	0	LINEREPAINT?
0x11	0x000bcfb8	0	SW-CLICKFUNC
0x12	0x000bcfc8	0	MOVECURSOR-FUNC1
0x14	0x000bcfd8	0	SW-YBASE
0x16	0x000bcfe8	0	DISABLE-HOME-END-PGUP-PGDN?
0x18	0x000bcff8	1	MOVECURSOR-FUNC
0x31	0x000bd0c0	1	CALC-WINMXY
0x3b	0x000bd12c	0	TOTALY:
0x3d	0x000bd154	0	CURX:
0x3e	0x000bd17c	0	CURY:
0x40	0x000bd1a4	0	SET-FONTSIZE:
0x45	0x000bd1d8	0	SET-CURX:
0x46	0x000bd200	0	SET-CURY:
0x51	0x000bd2a4	0	SET-YBASE:
0x53	0x000bd2cc	0	WINMY:
0x54	0x000bd2f4	0	WINMX:
0x55	0x000bd31c	0	TOPY:
0x56	0x000bd344	0	TOPX:
0x57	0x000bd36c	0	SET-TOPX:
0x58	0x000bd394	0	SET-TOPY:
0x59	0x000bd3bc	0	SET-CLICKFUNC:
0x5a	0x000bd3e4	0	SET-MOVECURSOR-FUNC:
0x5c	0x000bd40c	0	SET-LINEREPAINT:
0x5e	0x000bd434	0	SETTOTALXY:
0x64	0x000bd47c	0	CLICK:
0x66	0x000bd4a8	1	UNCLICK
0x6b	0x000bd4c4	1	DBLCLICK
0x70	0x000bd4f4	1	CLICK
0xa6	0x000bd754	0	%HOME:
0xab	0x000bd7a8	0	%END:
0xd9	0x000bdc44	0	UP:
0xe6	0x000bdce4	0	DOWN:
0x12b	0x000be1f8	0	DISABLE-HOME-END-PGUP-PGDN:
0xcf4	0x000be390	0	ARC-COMMENT-WINDOW
0xd16	0x000be818	1	ARC-COMMENT-YSIZE
0xd14	0x000becf4	0	ARC
0xd7d	0x000bef94	1	OFF-ARCMARK
0xd84	0x000beff4	1	%ARC-UP
0xd8d	0x000bf064	1	ARC-UP
0xd94	0x000bf0a4	1	%ARC-DOWN
0xd9d	0x000bf110	1	ARC-DOWN
0xda5	0x000bf150	1	%ARC-SPACE
0xdb0	0x000bf1d8	1	ARC-SPACE1
0xdbf	0x000bf2d0	1	ARC-SPACE
0xdc4	0x000bf2ec	1	FILLARCLIST
0xdea	0x000bf464	1	STAYFILLARCLIST
0xdf1	0x000bf4ec	1	ARCWAITEXEC
0xdf6	0x000bf520	0	DELARC?
0xdf8	0x000bf530	1	%UNARC-ZIP
0xe0f	0x000bf5cc	1	%UNARC-RAR
0xe1e	0x000bf64c	1	%UNARC-ACE
0xe2d	0x000bf6cc	0	ARC@FILE
0xe2f	0x000bf6e0	1	MAKEARC@FILE
0xe45	0x000bf7f0	0	LHA-DLL
0xe46	0x000bf80c	0	ARJ-DLL
0xe47	0x000bf82c	0	TAR-DLL
0xe48	0x000bf848	0	CAB-DLL
0xe4c	0x000bf864	1	CALLUNLHA&ARJ&TAR
0xe76	0x000bfa08	1	%UNARC-LZH&ARJ&TAR
0xf26	0x000c0038	1	TAR-"UN-GZ
0xf3f	0x000c011c	1	TAR-"UN-BZIP2
0xf46	0x000c0148	1	"UN-LZ32
0xf85	0x000c02d0	1	%UNARC
0x1036	0x000c0b04	1	?FREEARCLIST
0x103e	0x000c0b7c	1	CV-UNARC
0x1055	0x000c0bc4	0	#DOARC
0x1057	0x000c0bd4	1	DOARC
0x1063	0x000c0c70	0	ARCEDIT-DLG
0x1065	0x000c0cd0	0	EVERUNARC?
0x4	0x000c0ce0	0	DOPASS
0x6	0x000c0cf0	1	PASS
0x1069	0x000c0fcc	1	ARC-C
0x1097	0x000c1218	1	ARCDOPASS
0x109d	0x000c1270	1	ARC-C-C
0x10a3	0x000c129c	1	UNALLARC
0x10a7	0x000c12bc	0	SIZE/ARCSTK
0x10a8	0x000c12cc	0	#MAXARCSTK
0x10aa	0x000c12dc	0	ARCSTK
0x10ab	0x000c12ec	0	ARCSTKDEPTH
0x10ad	0x000c12fc	1	>ARCSTK
0x10bd	0x000c1460	1	ARCSTK>
0x10cd	0x000c15a8	1	"UPDATE-ZIP
0x1108	0x000c1760	1	"UPDATE-LZH
0x1117	0x000c1828	1	"UPDATEARC
0x1159	0x000c1b98	1	DELARC
0x11b2	0x000c2094	1	DEL1ARC
0x11b8	0x000c20c4	1	%UNARCTOTMP
0x11ca	0x000c21a8	1	UNARCTOTMP1
0x11d4	0x000c21e4	1	"CV-UNARCTOTMP
0x11e7	0x000c22c0	1	ARCGETNEXTFILENAME
0x11f4	0x000c2350	1	ARCGETPREFILENAME
0x1201	0x000c23e0	1	ARCDELFILENAME
0x1203	0x000c2408	1	ARCMARK&GETNEXTFILENAME
0x1209	0x000c242c	1	UPDATEEDIT1ARC
0x1213	0x000c24a8	1	EDIT1ARC
0x1224	0x000c25a0	1	VIEWARC
0x1257	0x000c2790	1	EXE1ARC
0x125e	0x000c27dc	1	%TESTARC
0x127d	0x000c29e4	1	TESTARC
0x1294	0x000c2b40	0	ARC-FIND-DLG
0x1296	0x000c2ba8	0	LASTARC-FIND
0x1297	0x0007300c	0	ARCFINDBUF
0x129a	0x000c2bb8	1	%ARC-FIND
0x12ac	0x000c2cb0	1	ARC-FIND
0x12b0	0x000c2d08	1	QUIT1ARC
0x12cf	0x000c2e38	1	ARC-MAIN
0x1313	0x000c3358	1	"ARC
0x1359	0x000c35c0	1	FREE-ARC-DLLS
0x2f5	0x000c3680	1	GET-DISK-LABEL
0x30f	0x000c3798	1	7DROP
0x311	0x000c37b0	1	"ARCENCRYPTED?
0x327	0x000c3860	0	CHIFONT
0x329	0x000c38b0	0	DISABLE-CV-PV?
0x32b	0x000c39f4	0	PV-WINDOW
0x379	0x000c40f4	0	PATH-WINDOW
0x3b4	0x000c4504	1	(##)
0x3b5	0x000c4530	0	.TIME-BUF
0x3b6	0x000c4548	1	(NEW.DATE)
0x3bf	0x000c45fc	1	(NEW.TIME)
0x3c6	0x000c4a48	0	STATUS-WINDOW
0x441	0x000c4e58	0	REMOVEABLE-DISK-GREEN
0x442	0x000c50f8	0	DISK-WINDOW
0x484	0x000c5544	1	GET-DRIVE-TYPE
0x489	0x000c55a8	1	PURGE-DISKBUF
0x4aa	0x000c577c	1	FILL-DISKBUF
0x4d0	0x000c58f8	0	DIR-MBUTTON-FUNC
0x4d2	0x000c5908	0	DISK-XSIZE
0x4d4	0x000c5a98	0	DISK-SPLITTER
0x4ec	0x000c5d38	1	#CV-MARK
0x501	0x000c5df0	1	#CV-UNMARK
0x50d	0x000c5e94	1	%CV-SPACE
0x522	0x000c5eb0	0	.DIR-SIZE?
0x523	0x000c5ec0	0	.DIR-DATE?
0x524	0x000c5ed0	0	.DIR-TIME?
0x525	0x000c5ee0	0	.DIR-REM?
0x52d	0x000c5f2c	1	%WINTYPE
0x530	0x000c5f44	1	.##
0x53b	0x000c5fb8	1	CALC-DIR-LEN
0x566	0x000c61c0	1	%.DIRTMP1-SIZE
0x574	0x000c6240	1	%.DIRTMP1-DIR-DSIZE
0x584	0x000c62c0	1	.1DIR
0x684	0x000c6bd4	1	CVSETSCROLL
0x68e	0x000c6c14	0	LAST-CV-Y
0x68f	0x000c6c24	0	LAST-CV-TOP-LINE
0x691	0x000c6c34	0	CVPAINT?
0x693	0x000c6c44	0	LAST-BOX
0x696	0x000c6c54	1	.1DIR1
0x6a7	0x000c6cb8	1	.1TN-FILL-TN-DATA
0x6c9	0x000c6db8	0	SIZE/SHFILEINFO
0x6ca	0x000c6dc8	0	SHFILEINFO
0x6cb	0x000c6f2c	1	"GET-FILENAME-ICON
0x6f3	0x000c6fbc	0	ICON-XSIZE
0x6f4	0x000c6fcc	0	ICON-YSIZE
0x6f6	0x000c6fdc	1	.1TN
0x7f9	0x000c78d4	0	III
0x7fc	0x000c78e4	0	LINEREPAINT?-1
0x7fe	0x000c78f4	1	THUMBNAIL-PAINT
0x8a2	0x000c7e18	0	REPAINT:
0x8e2	0x000c817c	0	CV-TOP-LINE>SCROLL:
0x529	0x000c825c	0	DIR-WINDOW
0x9aa	0x000c866c	1	SETCVCOLOR
0x9b2	0x000c86a0	1	OPEN-IE
0x9bd	0x000c873c	0	CVPOSITION-NAME
0x9be	0x000c8840	0	LAST-CVPOSITION-Y
0x9bf	0x000c8850	1	SAVE-CVPOSITION
0x9c7	0x000c88b8	1	RESTORE-CVPOSITION
0x9d5	0x000c8970	1	LITTLE-UPDATEDIR
0x9f0	0x000c8ad0	0	UPDATEDIR-BUF
0x9f2	0x000c8ae4	1	FULL-UPDATEDIR
0xa41	0x000c8d0c	0	CHANGEHANDLES
0xa42	0x000c8d18	1	GETSECONDS
0xa43	0x000c8d3c	1	?UPDATEDIR
0xb0e	0x000c90b0	1	CREATECVFONT
0xb60	0x000c93b4	1	SET-TN
0xb7f	0x000c9590	0	TN-CACHE-PATH-DLG
0xb81	0x000c95f0	1	SET-TN-CACHE-PATH
0xb91	0x000c96b4	0	CV-DELETE-TN?
0xb94	0x000c96c4	0	ID-1
0xb97	0x000c96d4	0	ADD-FAVORITE
0xb9a	0x000c96e4	1	REFRESH-CV
0xb9c	0x000c9700	1	CV-FILE-PROPERTY
0xbac	0x000c9764	1	DOCK-CV
0xbb3	0x000c97a4	0	MENUCHECK
0xbb4	0x000c98ec	0	ID_MENUCHECK
0xbb7	0x000c98fc	0	CV-OVERWRITE-PARENT
0xbb9	0x000c990c	1	?"OVERWRITE
0xbbd	0x000c9928	1	CV-GRAB-SCREEN
0xbe8	0x000c9be8	0	CV-MENU
0xbef	0x000c9c34	0	WM_HOTKEY
0xd11	0x000ca59c	0	ADJDISKBUF:
0xbeb	0x000cb210	0	CV
0x11	0x000cb4c0	0	MSG-START-MS
0x14	0x000cb4d0	0	MSG-TITLE
0x16	0x000cb5d4	0	#MAX-LINEBUF
0x18	0x000cb5e4	0	MSG-LINEBUF
0x1a	0x000cbc00	0	NOMSG?
0x1b	0x000cbc10	0	MSG-QUIT?
0x1c	0x000cbc20	0	#LINEBUF-PER-PAGE
0x1d	0x000cbc30	0	LINEBUF-TOTAL
0x1f	0x000cbc40	0	HAVE-ALL-PERCENT?
0x20	0x000cbc50	0	HAVE-SINGLE-PERCENT?
0x21	0x000cbc60	0	HAVE-LINEBUF?
0x22	0x000cbc70	0	LINEBUF-TOP-LINE
0x24	0x000cbc80	0	#MSG-MAX-ALL-PERCENT
0x25	0x000cbc98	0	#MSG-MAX-SINGLE-PERCENT
0x26	0x000cbcb0	0	#MSG-CURRENT-ALL-PERCENT
0x27	0x000cbcc8	0	#MSG-CURRENT-SINGLE-PERCENT
0x29	0x000cbce0	0	#MSG-XCHAR
0x2a	0x000cbcf0	0	#MSG-YCHAR
0x2c	0x000cbd00	0	MSG-CHAR-WIDTH
0x2d	0x000cbd10	0	MSG-CHAR-HEIGHT
0x2f	0x000cbd20	0	MSG-START-X
0x30	0x000cbd30	0	MSG-START-Y
0x36	0x000cc1e4	0	ALLPERCENTBAR
0x93	0x000cc5f4	0	SINGLEPERCENTBAR-MSGTXT
0x97	0x000cc760	0	SINGLEPERCENTBAR
0xac	0x000ccdbc	0	LCCMSG-WINDOW
0xe0	0x000cd50c	0	LCCMSG
0x134	0x000cd7ac	1	MSG-INIT
0x139	0x000cd7e4	0	>LINEBUF-NOSCROLL?
0x13b	0x000cd7f4	1	%">LINEBUF
0x150	0x000cd8c4	0	MSG-ADDPATH?
0x152	0x000cd8d4	1	">LINEBUF
0x16b	0x000cd9d0	1	NO-SCROLL-">LINEBUF
0x16f	0x000cd9f0	1	>SINGLEPERCENTBAR-MSGTXT
0x174	0x000cda28	1	>#MSG-CURRENT-SINGLE-PERCENT
0x17a	0x000cda64	1	>MSG-TITLE
0x17d	0x000cda80	1	LCCMSG.PROGRESS
0x18d	0x000cdb34	1	STARTMSG
0x1a8	0x000cdc60	1	ENDMSG
0x1c2	0x000cdcc4	0	#TOTALCOPYSIZE
0x1c5	0x000cdcdc	0	COPY-HANDLE1
0x1c6	0x000cdcec	0	COPY-HANDLE2
0x1c7	0x000cdcfc	0	COPY-TEMP-BUF
0x1ca	0x000cdd0c	0	COPY-TEMP-BUF-SIZE
0x1cb	0x000cdd1c	0	COPY-FILE-SIZE
0x1cc	0x000cdd34	0	COPYED-FILE-SIZE
0x1cd	0x000cdd4c	0	APPENDCOPY?
0x1cf	0x000cdd5c	0	COPY-UN-READONLY?
0x1d1	0x000cdd6c	0	FILE-SIZE-HI
0x1d6	0x000cdd7c	0	CV-COPY-THD
0x1d9	0x000cdd8c	1	X-READ-FILE
0x1da	0x000cdda4	1	X-WRITE-FILE
0x210	0x000cddbc	0	SLOWCOPYDELAY
0x211	0x000cddcc	0	SLOWCOPY?
0x2	0x000cdddc	1	%%CV-COPYW
0xa3	0x000ce4c0	1	%CV-COPYW
0x1	0x000ce508	1	%%CV-COPY
0xb0	0x000cec0c	1	%CV-COPY
0xbe	0x000cec54	0	APPENDCOPY-BLEN
0xc0	0x000cec5c	1	"APPENDCOPY
0x4	0x000cef20	0	>DTA-ATTRIB
0x5	0x000cef28	0	>DTA-CREATIONTIME
0x6	0x000cef30	0	>DTA-LASTACCESSTIME
0x7	0x000cef38	0	>DTA-LASTWRITETIME
0x8	0x000cef40	0	>DTA-DSIZE
0x9	0x000cef48	0	>DTA-RESERVED0
0xa	0x000cef50	0	>DTA-RESERVED1
0xb	0x000cef58	0	>DTA-FILENAME
0xc	0x000cef60	0	>DTA-ALTERNATEFILENAME
0xe	0x000cef68	0	B/DTA
0x11	0x000cef70	0	DO-XRD-FILES
0x12	0x000cef80	0	DO-XRD-DIR
0x13	0x000cef90	0	DO-BEFORE-XRD
0x15	0x000cefa0	0	XRD-FILE-MASK
0x17	0x000cf0a4	0	XRD-ERROR?
0x19	0x000cf0b4	0	XRD-SUB?
0x1d	0x000cf0c4	1	%XRD-CUR-DIR
0x2d	0x000cf1c4	1	XRD-CUR-DIR
0x35	0x000cf204	1	XRD
0x5e	0x000cf428	0	XDIR-BUF
0x5f	0x000cf52c	0	XDIR-ORIGIN-BUF
0x61	0x000cf630	1	"XDIR
0x7a	0x000cf744	1	DTA>VALID-FILENAME
0x80	0x000cf79c	0	DELTREE-DSIZE
0x82	0x000cf7b4	1	DELTREE-DO-XRD-FILES
0x86	0x000cf7f8	1	DELTREE-DO-XRD-DIR
0x89	0x000cf828	1	"DELTREE
0x5	0x000cf8b0	0	"COPYDIR-SKIP?
0x7	0x000cf8c0	0	ORIGINDIR-LEN
0x8	0x000cf8d0	0	ORIGINDIR-LENW
0xa	0x000cf8e0	0	TARGETDIR
0xb	0x000cf9ec	0	ORIGINDIR
0xc	0x000cfaf8	0	COPYDIR-TMP1
0xd	0x000cfc04	0	COPYDIR-TMP2
0xe	0x000cfd10	0	COPYDIR-TMP3
0x13	0x000cfe1c	1	NT-COPYDIR-DO-XRD-FILES
0x61	0x000d0128	1	9X-COPYDIR-DO-XRD-FILES
0x96	0x000d0338	1	COPYDIR-DO-XRD-FILES
0x9d	0x000d0368	1	COPYDIR-DO-BEFORE-XRD
0xca	0x000d051c	1	"COPYDIR
0x110	0x000d07c8	0	CALDIRSIZE-SIZE
0x111	0x000d07e0	0	CALDIRSIZE-FILES
0x113	0x000d07f0	1	CALDIRSIZE-DO-XRD-FILES
0x11e	0x000d0814	1	"CALDIRSIZE
0x127	0x000d0874	1	CALDIRSIZE&FILES-DO-XRD-FILES
0x12e	0x000d08a0	1	"CALDIRSIZE&FILES
0xe56	0x000d0910	1	%CV-UP
0xe5f	0x000d0980	1	CV-UP
0xe6a	0x000d09b8	1	%CV-DOWN
0xe71	0x000d0a24	1	CV-DOWN
0xe7a	0x000d0a5c	1	CV-PGUP
0xe83	0x000d0abc	1	CV-PGDN
0xe87	0x000d0b1c	1	CV-HOME
0xe8a	0x000d0b60	1	CV-END
0xe8e	0x000d0bc0	1	ADJDISKBUF-"CD
0x5	0x000d0bf0	0	CV-CD-POS
0xd	0x000d0c1c	1	READ-CV-CD-POS
0x17	0x000d0c80	1	SAVE-CV-CD-POS
0x23	0x000d0cec	1	SET-CV-CD-POS
0x2d	0x000d0d9c	1	GET-CV-CD-POS
0x36	0x000d0dec	1	CV-CD-POS-INIT
0x3b	0x000d0e18	1	CV-CD-POS-QUIT
0xe97	0x000d0e40	1	ADJ-CV-CD-POS
0xeaa	0x000d0f20	1	REMEMBER-CV-CD-POS
0xeb4	0x000d0f8c	0	"CV-CD-ERRORBOX?
0xeb6	0x000d0f9c	1	%"CV-CD
0xecd	0x000d1080	1	TRY-"CV-CD
0xedb	0x000d1124	1	:"CV-CD
0xef6	0x000d12d8	1	CV-'\'
0xefb	0x000d1328	1	CV-CD..
0xf1b	0x000d1534	0	SAVEREM-HANDLE
0xf1c	0x000d1544	1	SAVEREM
0xf46	0x000d17c4	1	CVGETNEXTFILENAME1
0xf6d	0x000d18e4	1	CVGETNEXTFILENAME
0xf78	0x000d1940	1	%CVGETNEXTNEXTFILENAME
0xf7f	0x000d1984	1	%CVGETNEXTFILENAME
0xf86	0x000d19c0	1	CVGETPREFILENAME1
0xfab	0x000d1ad4	1	CVGETPREFILENAME
0xfb5	0x000d1b30	1	%CVGETPREFILENAME
0xfbe	0x000d1b6c	1	CVMARK&GETNEXTFILENAME
0x2a	0x000d1b98	0	EXIF-MOTOROLA?
0x2d	0x000d1ba8	0	EXIF-BASE-ADR
0x2e	0x000d1bb8	0	EXIF-BASE-LEN
0x30	0x000d1bc8	0	SUBIFD-OFFSET
0x31	0x000d1bd8	0	EXIF-MAKER-SUBIFD-OFFSET
0x33	0x000d1be8	0	EXIF-HEADER
0x34	0x000d1bf4	0	TIFF-HEADER
0x35	0x000d1c04	0	TIFF-HEADER2
0x36	0x000d1c14	1	EXIF-CHECK-REMAIN
0x3b	0x000d1c50	1	EXIF-W@
0x48	0x000d1ccc	1	CELL-BSWAP
0x4c	0x000d1ce0	1	EXIF-@
0x57	0x000d1d40	0	EXIF-TAG-DIC
0x59	0x000d1d78	0	EXIF-TAG-B/FORMAT
0x6e	0x000d1d88	0	>EXIF-TAG-FORMAT
0x6f	0x000d1d90	0	>EXIF-TAG-#COMPONENTS
0x70	0x000d1d98	0	>EXIF-TAG-DATA
0x73	0x000d1da0	0	TESTING-EXIF?
0x75	0x000d1db0	1	LIST-EXIF-FD-DIR
0xb4	0x000d2140	1	#GET-EXIF-TAG-DATA
0xbc	0x000d21c0	1	PARSE-EXIF
0xfc	0x000d24a8	1	"LOADEXIF
0x104	0x000d2524	1	FREE-EXIF
0x106	0x000d2544	1	EXIF-RATIONAL@
0x10b	0x000d2598	1	(.SHUTTER-SPEED)
0x110	0x000d25f0	1	(.SHUTTER-SPEED2)
0x119	0x000d2678	1	(.APERTURE-SPEED)
0x120	0x000d26dc	1	(.APERTURE-SPEED2)
0x138	0x000d2728	1	(.EV)
0x14e	0x000d2960	1	(.FOCAL-LENGTH)
0x16a	0x000d2b10	1	(.FLASH)
0x17a	0x000d2c1c	1	(.METERING-MODE)
0x18b	0x000d2d4c	1	(.EXPOSURE-MODE)
0x1ad	0x001e9c00	0	T
0x7	0x000d2f98	0	R-HISTOGRAM-DATA
0x8	0x000d2fa8	0	G-HISTOGRAM-DATA
0x9	0x000d2fb8	0	B-HISTOGRAM-DATA
0xb	0x000d2fc8	1	RGB-HISTOGRAM-INIT
0x11	0x000d3034	1	RGB-HISTOGRAM-QUIT
0x1b	0x000d306c	0	HISTOGRAM-HEIGHT
0x1f	0x000d3074	0	HISTOGRAM-LTGRAY
0x21	0x000d3098	1	DRAW-HISTOGRAM
0x4c	0x000d32e4	1	FI-CALC-RGB-HISTOGRAM
0x16	0x000d34a0	0	>MONITORINFO-CBSIZE
0x17	0x000d34a8	0	>MONITORINFO-RECT
0x18	0x000d34b0	0	>MONITORINFO-RCWORK
0x19	0x000d34b8	0	>MONITORINFO-DWFLAGS
0x1b	0x000d34c0	0	B/MONITORINFO
0x31	0x000d34c8	1	GET-MONITORFROMWINDOW
0x36	0x000d351c	1	GET-SCREEN-RECT1
0xb	0x000d35fc	0	SHIFT?-FLAG
0xc	0x000d360c	0	VP-BESTFIT-AMPLIFY?
0xd	0x000d361c	0	.VP-HISTOGRAM?
0xe	0x000d362c	0	VP-LOCK-RATIO?
0x10	0x000d363c	0	VP-FULLSCREEN-ANOTHER-MONITOR?
0x12	0x000d364c	1	SHIFT-ON
0x14	0x000d3668	1	?SHIFT
0x1d	0x000d3694	0	JPGCROP-DLL
0x21	0x000d36b0	0	JXFORM_NONE
0x22	0x000d36b8	0	JXFORM_FLIP_H
0x23	0x000d36c0	0	JXFORM_FLIP_V
0x24	0x000d36c8	0	JXFORM_TRANSPOSE
0x25	0x000d36d0	0	JXFORM_TRANSVERSE
0x26	0x000d36d8	0	JXFORM_ROT_90
0x27	0x000d36e0	0	JXFORM_ROT_180
0x28	0x000d36e8	0	JXFORM_ROT_270
0x29	0x000d36f0	0	JXFORM_RESAVE
0x2e	0x000d36f8	1	JPG-TRANSFORM
0x42	0x000d37d0	1	GET-JPG-MCU
0x72	0x000d3850	0	COLOROBJECT1
0x79	0x000d38bc	1	NEW-COLOR1
0x7f	0x000d38f4	0	DOT-WHITE
0x81	0x000d3918	0	VP-STARTXSIZE
0x82	0x000d3928	0	VP-STARTYSIZE
0x84	0x000d3938	0	VP-XSIZE
0x85	0x000d3948	0	VP-YSIZE
0x87	0x000d3958	0	VP-PIC-XSIZE
0x88	0x000d3968	0	VP-PIC-YSIZE
0x8a	0x000d3978	0	VP-SLIDESHOW-TIME
0x8b	0x000d3988	0	VP-SLIDESHOW-RANDOM?
0x8d	0x000d3998	0	VP-FULLSCREEN?
0x8e	0x000d39a8	0	VP-ORI-XY
0x8f	0x000d39c0	0	VP-ORI-XYSIZE
0x91	0x000d39d8	0	VP-SHOW-SIZE?
0x93	0x000d39e8	0	LAST-VP-X
0x94	0x000d39f8	0	LAST-VP-Y
0x95	0x000d3a08	0	VP-ALT?
0x97	0x000d3a18	0	VP-QUIT?
0x99	0x000d3a28	0	VP-STD-PERCENT
0x9b	0x000d3a38	0	VP-PERCENT
0x9f	0x000d3a48	0	ADJ-VP-SIZE
0xa1	0x000d3a58	0	TRACK-SCROLL?
0xa4	0x000d3a68	0	VP-FILENAME
0xa5	0x000d3b70	0	VP-TITLE
0xa7	0x000d3c78	0	VP-MARK-X1
0xa8	0x000d3c88	0	VP-MARK-Y1
0xa9	0x000d3c98	0	VP-MARK-X2
0xaa	0x000d3ca8	0	VP-MARK-Y2
0xac	0x000d3cb8	0	VP-MCU-YSIZE
0xad	0x000d3cc8	0	VP-MCU-XSIZE
0xb4	0x000d3cd8	0	TMP-JPG
0xb6	0x000d3ce8	1	VP-JPG-TRANSFORM
0xcd	0x000d3e04	0	VP-POPUPBAR
0x108	0x000d4b8c	0	VP-TOOLBAR
0x138	0x000d7d48	0	VP-SLIDESHOWING?
0x13d	0x000d7d58	0	CUR-VP-PERCENT
0x2	0x000d7da4	0	BMPTARGETHEIGHT
0x3	0x000d7db4	0	BMPTARGETWIDTH
0x7	0x000d7dd8	0	BMPINFOHEADER
0x19	0x000d7e04	0	HDIB
0x1e	0x000d7e14	1	BMP-QUIT
0xa0	0x000d7f90	0	SHOW-BMP-SCALED?
0xa2	0x000d7fa0	1	SHOW-BMP
0x103	0x000d81f0	1	"SHOWPIC
0x14d	0x000d83b4	0	X0
0x14e	0x000d83c4	0	Y0
0x14f	0x000d83d4	0	X1
0x150	0x000d83e4	0	Y1
0x152	0x000d83f4	0	CENTER-VP?
0x153	0x000d8404	0	VP-SHOW-BMP-SCALED?
0x155	0x000d8414	0	TMP-DC
0x156	0x000d8430	0	TMP-BITMAP
0x158	0x000d8440	0	BITMAPOLD
0x15a	0x000d8450	1	BMP-QUIT
0x161	0x000d84fc	1	ADJ-PICTURE-DC
0x18c	0x000d8710	1	VP-SHOW-BMP
0x1be	0x000d88e8	1	NT-VP-SHOW-BMP
0x1ff	0x000d8b68	1	%VP-SHOW-BMP
0x20d	0x000d8bdc	0	DELETEXSCROLL:
0x213	0x000d8c28	0	DELETESCROLL:
0x22b	0x000d8c84	1	BOX
0x235	0x000d8d4c	0	VP-ON_PAINTING?
0x238	0x000d8d5c	1	.VP-HISTOGRAM
0x247	0x000d8e3c	1	.EXIF
0x386	0x000d9be4	0	SCROLL-REPAINT?
0x3f4	0x000da108	0	VHSCROLL:
0x445	0x000da5f8	0	VP-CURSOR:
0x471	0x000da6b4	0	OFF-DIB:
0x474	0x000da6dc	0	"READPIC:
0x13f	0x000da9d4	0	VP-WINDOW
0x4b9	0x000daf7c	1	CALC-VP-WINDOW-SIZE
0x4e9	0x000db454	0	VP
0x551	0x000db6f4	0	ADJ-VP-MARK-XY
0x553	0x000db704	0	VP-TRACKING?
0x554	0x000db714	1	VP-CLICK
0x580	0x000db8c8	1	VP-UNCLICK
0x585	0x000db8ec	1	VP-TRACK
0x59d	0x000db960	1	VP-DBLCLICK
0x5a0	0x000db97c	1	VP-INIT
0x5af	0x000dba48	1	VP-FI-RESIZE
0x5b5	0x000dbaac	0	VP-SAVE-RESIZE?
0x5b7	0x000dbabc	1	%VP-SAVE
0x5da	0x000dbcf8	1	VP-SAVEBMP
0x5db	0x000dbd24	1	VP-SAVEJPG
0x5dc	0x000dbd50	1	VP-SAVEPNG
0x5dd	0x000dbd7c	1	VP-SAVETIF
0x5de	0x000dbda8	1	VP-SAVEGIF
0x617	0x000dbdd4	1	VP-SETWALL
0x63a	0x000dbf80	1	%ADJ-VP-SIZE
0x641	0x000dbfb0	0	VP-GETPREFILENAME?
0x643	0x000dbfc0	1	PRE-VP
0x68d	0x000dc178	1	"CHANGEVP
0x6be	0x000dc294	0	CONTINUE-VP-C-S?
0x6c0	0x000dc2a4	0	VP-TIMER
0x6c2	0x000dc2b4	1	(VP-C-S)
0x745	0x000dc7b0	1	VP-C-S
0x757	0x000dc8d4	0	VP-SAVE-SEL
0x759	0x000dc8e4	1	VP-SAVE
0x765	0x000dc994	0	VP-EVERRIGHT?
0x769	0x000dc9a4	1	%ADJ-VP-MARK-XY
0x781	0x000dcae8	1	VP-ALT-SAVE
0x7a2	0x000dcc30	1	VP-I
0x7ad	0x000dcce8	1	%"VP
0x933	0x000dde18	1	"VP
0xfcf	0x000ddefc	1	"=HEX?
0xfec	0x000ddfdc	0	DOCMARK
0xfee	0x000ddfe4	1	"=DOC,RIFF?
0x1011	0x000de0d8	0	.HLP-HEADER
0x1013	0x000de0e0	1	VIEW-HLP
0x5	0x000de200	0	DBFHANDLE
0x6	0x000de210	0	DBFHEADER
0x7	0x000de220	0	DBFHEADER-SIZE
0x9	0x000de230	0	#DBFRECORDS
0xa	0x000de240	0	DBFRECORD-SIZE
0xb	0x000de250	0	DBFRECORD-BUF
0xc	0x000de260	0	#CUR-DBFRECORD
0xd	0x000de270	0	DBFRECORD-DEL?
0xf	0x000de280	0	DBFFIELDS
0x10	0x000de290	0	#DBFFIELDS
0x12	0x000de2a0	1	>DBFFIELD-NAME
0x13	0x000de2b0	1	>DBFFIELD-TYPE
0x14	0x000de2c4	1	>DBFFIELD-OFFSET
0x15	0x000de2d8	1	>DBFFIELD-LENGTH
0x16	0x000de2ec	1	>DBFFIELD-DECIMALCOUNT
0x18	0x000de300	1	%ASCIIZ>"
0x1a	0x000de328	1	#GETDBFRECORD
0x2c	0x000de3fc	1	#PUTDBFRECORD
0x37	0x000de48c	0	DBFFIELD-NAME
0x38	0x000de4a0	0	DBFFIELD-TYPE
0x39	0x000de4b0	0	DBFFIELD-LENGTH
0x3a	0x000de4c0	0	DBFFIELD-DECIMALCOUNT
0x3c	0x000de4d0	1	#GETDBFFIELD-PARM
0x46	0x000de558	0	DBFFIELD-BUF
0x48	0x000de568	1	#GETDBFFIELD-BUF
0x50	0x000de5e4	1	"DBF-INIT
0x7a	0x000de7f0	1	DBF-QUIT
0x84	0x000de858	0	DBF-FILENAME
0x85	0x000de95c	0	DBF-EVERWRITE?
0x87	0x000debe4	0	TW
0xbb	0x000df030	1	DBF2TXT
0xce	0x000df15c	1	TKEY
0xef	0x000df2dc	1	TT1
0xff	0x000df380	1	"DBF
0x9	0x000df3c4	1	CV-LIST-TORRENT
0x102e	0x000df8bc	1	"CV-TORRENT
0x1033	0x000df8d8	1	%"VIEWFILE
0x4	0x000dfc7c	0	UNDELBUF-BLEN
0x5	0x000dfc84	0	#UNDELBUF
0x7	0x000dfc94	0	UNDELBUF
0x9	0x000dfca8	1	>UNDELBUF
0x2a	0x000dfdbc	1	X+WCOUNT
0x3f	0x000dfde4	1	#GETUNDELBUF
0x4b	0x000e0004	0	UNDEL-WINDOW
0x7	0x000e0450	0	FORTH-NDX
0x9	0x000e0488	0	/*?
0xa	0x000e0498	0	END-COMMENT$
0xc	0x000e059c	1	"CHECK-END-COMMENT
0x1e	0x000e0644	0	TESTING-FORTH-NDX?
0x20	0x000e0654	1	"ADD-1-FORTH-NDX
0x33	0x000e0780	1	%PARSE-FORTH-NDX
0x80	0x000e0bfc	1	"BUILD-FORTH-NDX
0x90	0x000e0cf4	1	FORTH-NDX-INIT
0x95	0x000e0d40	1	FORTH-NDX-QUIT
0x99	0x000e0d60	1	BUILD-FORTH-NDX-DO-XRD-FILES
0xa0	0x000e0dbc	0	FORTH-NDX-DIRS
0xa2	0x000e0ec0	1	BUILD-FORTH-NDX
0xb5	0x001eb9fc	0	T
0x8	0x000e0f70	0	>TEXTFILE-CACHE-TEXTLIST
0x9	0x000e0f78	0	>TEXTFILE-CACHE-CNT
0xa	0x000e0f80	0	B/TEXTFILE-CACHE
0xc	0x000e0f88	0	TEXTFILE-CACHE
0xe	0x000e0fc0	1	TEXTFILE-CACHE-INIT
0x12	0x000e0fe0	1	#FREE-TEXTFILE-CACHE
0x17	0x000e1018	1	TEXTFILE-CACHE-QUIT
0x1d	0x000e1084	0	MAX-TEXTFILE-CACHE
0x1f	0x000e1094	0	LAST-TEXTFILE-CACHE
0x22	0x000e10a4	1	ARRANGE-TEXTFILE-CACHE
0x39	0x000e11f8	1	"LOAD-FROM-TEXTFILE-CACHE
0x5a	0x001ebc40	0	T
0x2	0x000e1360	0	EF-SHARE-PTR
0x3	0x000e1370	0	EF-SHARE-HANDLE
0x5	0x000e1380	1	EF-FIELD+
0xa	0x000e13cc	0	EF-SHARE-NOOP
0xb	0x000e13d4	0	EF-SHARE-COMMAND
0xc	0x000e13dc	0	EF-SHARE-RESULT
0xd	0x000e13e4	0	EF-SHARE-DEF-GOTO-X
0xe	0x000e13ec	0	EF-SHARE-DEF-GOTO-Y
0xf	0x000e13f4	0	EF-SHARE-FILENAME
0x10	0x000e13fc	0	B/EF-SHARE
0x12	0x000e1404	1	INIT-EF-SHARE-MEMORY
0x1d	0x000e1468	1	UNINIT-EF-SHARE-MEMORY
0x28	0x000e14cc	0	DO-APPMSG
0x2a	0x000e14dc	1	_DO-APPMSG
0x2e	0x000e1504	0	WM_APPMSG
0x2f	0x000e1514	0	APP-CLASSNAME
0x31	0x000e1618	1	REGISTER-APPMSG
0x48	0x000e1760	0	APPMSG:
0x38	0x000e17e4	0	APP-WINDOW
0x57	0x000e1a94	0	EF-REMOTE-HWND
0x59	0x000e1aa4	1	EF-REMOTE-EXIST?
0x5e	0x000e1adc	1	EF-REMOTE-INIT
0x68	0x000e1b44	1	EF-REMOTE-QUIT
0x70	0x000e1b7c	1	EF-REMOTE-COMMAND
0x7b	0x001ec2b0	0	T
0x1e	0x000e1bd4	0	EF-AUTO-KEYWORD-COLOR?
0x1f	0x000e1be4	0	EF-KEYWORD-COLOR?
0x20	0x000e1bf4	0	FORTH-WORD-WIN?
0x22	0x000e1c04	0	E-COLOR-F?
0x24	0x000e1c14	0	EFFINDBUF
0x25	0x000e1d18	0	EFREPLACEBUF
0x27	0x000e1e1c	0	%EFGOTO
0x28	0x000e1e2c	0	ORIGIN-GREEN
0x2a	0x000e1e50	0	EF-CYAN
0x2e	0x000e1e74	0	EF-CTRL-S-SAVE?
0x2f	0x000e1e84	0	EF-TOOLBAR?
0x31	0x000e1e94	0	EF-DEF-MAXIMIZED?
0x33	0x000e1ea4	0	HIDE-EF-PARENT?
0x35	0x000e1eb4	0	EF-FULLSCREEN?
0x36	0x000e1ec4	0	EF-STARTXY-BEFOREFULLSCREEN
0x37	0x000e1edc	0	EF-STARTXYSIZE-BEFOREFULLSCREEN
0x39	0x000e1ef4	0	UNI-TEST?
0x3b	0x000e1f04	0	EF-RIGHT-AUTO-CR?
0x3d	0x000e1f14	0	EF-DICTWIN?
0x3f	0x000e1f24	0	EF-OR-FIND?
0x41	0x000e1f34	0	SHIFT-MARK?
0x43	0x000e1f44	0	EFFONTTYPE
0x45	0x000e1f54	0	CHANGE-EF-PARENT-TITLE?
0x49	0x000e1f64	0	EFMENU?
0x4f	0x000e1f74	0	CREATEEFFONT
0x50	0x000e1f84	0	CREATEEFFONT1
0x54	0x000e1f94	0	MARK-CHARSET
0x58	0x000e1fa4	1	EF-XBIG5?
0x62	0x000e2018	1	EF-BIG5?
0x6c	0x000e208c	0	EF-PARENT
0x6f	0x000e209c	0	EF-DEF-GOTO
0x70	0x000e20ac	0	EF-START-X
0x71	0x000e20bc	0	EF-START-Y
0x72	0x000e20cc	0	EF-STARTXSIZE
0x73	0x000e20dc	0	EF-STARTYSIZE
0x74	0x000e20ec	0	EF-FG
0x75	0x000e20fc	0	EF-BG
0x76	0x000e210c	0	MSGCOLOR?
0x77	0x000e211c	0	EF-MARGIN-YLINE
0x78	0x000e212c	0	EF-XLINE?
0x79	0x000e213c	0	EF-YLINE?
0x7a	0x000e214c	0	EF-FILEMARK?
0x7b	0x000e215c	0	CTRL-A-MARK?
0x7d	0x000e216c	0	EF-WORKING?
0x7f	0x000e217c	0	EF-SAVE-0A?
0x80	0x000e218c	0	EF-SAVE-TABS?
0x81	0x000e219c	0	EF-LOAD-TABS?
0x82	0x000e21ac	0	EF-AUTO-SAVE-TABS?
0x84	0x000e21bc	0	FILE-XSIZE
0x85	0x000e21cc	0	EF-CHAR-YBASE
0x87	0x000e21dc	0	EF-REPLY-COLOR
0x1	0x000e21ec	0	DEF.EXT
0x2	0x000e22f0	1	$ADD.EXT
0x1a	0x000e244c	0	DEFAULT-OPEN-PATH
0x1c	0x000e2550	1	$?+\
0x20	0x000e25bc	1	+DEFAULT-OPEN-PATH
0x40	0x001eca10	0	T
0x8b	0x000e27ac	1	ALIAS>REALFILENAME
0xb0	0x000e294c	0	EFWM_CHAR?
0xb1	0x000e295c	0	EF-ANSI?
0xb3	0x000e296c	0	EF-ALT?
0xb4	0x000e297c	0	EF-CTRL?
0xb5	0x000e298c	0	EF-LINEREPAINT?
0xb6	0x000e299c	0	EF-NOREPAINT?
0xb8	0x000e29ac	0	ACCHANDLE
0xb9	0x000e29bc	0	(EF)
0xbb	0x000e29cc	0	EF-QUIT?
0xbd	0x000e29dc	0	EF-MARK-FG
0xbe	0x000e29ec	0	EF-MARK-BG
0xc0	0x000e29fc	0	EF-CHAR-WIDTH
0xc1	0x000e2a0c	0	EF-CHAR-HEIGHT
0xc3	0x000e2a1c	1	REAL-EF-CHAR-HEIGHT
0xc5	0x000e2a40	0	EF-ENG?
0xca	0x000e2a50	0	EF-X
0xcb	0x000e2a60	0	EF-Y
0xcc	0x000e2a70	0	EF-INS?
0xcd	0x000e2a80	0	EF-TOTAL-FILE
0xce	0x000e2a90	0	#CUR-EF
0xd0	0x000e2aa0	0	EF-MARK-X0
0xd1	0x000e2ab0	0	EF-MARK-Y0
0xd2	0x000e2ac0	0	EF-MARK-X1
0xd3	0x000e2ad0	0	EF-MARK-Y1
0xd4	0x000e2ae0	0	EF-LINEMARK?
0xd7	0x000e2af0	0	EF-FILENAME
0xd8	0x000e2bfc	0	CLIPLINE-BUF
0xd9	0x000e2c0c	0	LINEBUF
0xda	0x000e2c1c	0	LINEBUF1
0xdc	0x000e2c2c	0	TEXT-MODIFIED?
0xdd	0x000e2c3c	0	TEXT-LEN
0xde	0x000e2c4c	0	TEXT-BUF
0xdf	0x000e2c5c	0	TEXT-BLEN
0xe1	0x000e2c6c	0	LINE-CUR
0xe2	0x000e2c7c	0	EF-LINE-LAST
0xe3	0x000e2c7c	0	EF-TOTAL
0xe4	0x000e2c8c	0	COL-CUR
0xe5	0x000e2c9c	0	MAX-LINES
0xe6	0x000e2cac	0	MAX-COLS
0xe8	0x000e2cbc	0	EF-YMAX
0xea	0x000e2ccc	0	EF-XMAX
0xeb	0x000e2cdc	0	EF-MARGIN-X1
0xec	0x000e2cec	0	EF-MARGIN-X2
0xee	0x000e2cfc	0	EF-UNI?
0xef	0x000e2d0c	0	EF-UTF8?
0xf1	0x000e2d1c	0	B/EFENTRY
0xf4	0x000e2d68	0	EFSTRU
0xf5	0x000e2d78	0	FILENAME
0xf6	0x000e2d88	0	TEXT-MODIFIED?
0xf7	0x000e2d98	0	TEXT-LEN
0xf8	0x000e2da8	0	TEXT-BUF
0xf9	0x000e2db8	0	TEXT-BLEN
0xfa	0x000e2dc8	0	EF-X
0xfb	0x000e2dd8	0	EF-Y
0xfc	0x000e2de8	0	LINE-CUR
0xfd	0x000e2df8	0	MAX-LINES
0xfe	0x000e2e08	0	EF-LINE-LAST
0xff	0x000e2e18	0	COL-CUR
0x100	0x000e2e28	0	MAX-COLS
0x101	0x000e2e38	0	EF-INS?
0x102	0x000e2e48	0	EF-MARK-X0
0x103	0x000e2e58	0	EF-MARK-Y0
0x104	0x000e2e68	0	EF-MARK-X1
0x105	0x000e2e78	0	EF-MARK-Y1
0x106	0x000e2e88	0	EF-MARGIN-X1
0x107	0x000e2e98	0	EF-MARGIN-X2
0x108	0x000e2ea8	0	EF-LINEMARK?
0x109	0x000e2eb8	0	EF-CHARSET
0x10a	0x000e2ec8	0	EF-UNI?
0x10b	0x000e2ed8	0	EF-UTF8?
0x10c	0x000e2ee8	0	EF-LOAD-TABS?
0x10d	0x000e2ef8	0	ENDSTRU
0xf3	0x000e2f08	0	EFSTRU
0x118	0x000e3070	0	#MAXEFENTRY
0x11b	0x000e3080	0	EFENTRY
0x11d	0x000e3094	1	EF>EFSTRU
0x13b	0x000e33c8	1	EFSTRU>EF
0x158	0x000e36e4	1	>EFENTRY
0x15f	0x000e3724	1	EFENTRY>
0x169	0x000e3798	1	#GETEFSTRU
0x16c	0x000e37cc	1	#GETEFENTRY
0x16f	0x000e37e8	1	#PUTEFSTRU
0x172	0x000e3824	1	#PUTEFENTRY
0x175	0x000e3840	1	#DEL1EFENTRY
0x17f	0x000e388c	1	#GOTOENTRY
0x188	0x000e38b8	1	FREEEF
0x18e	0x000e38e8	0	EF-READ-OK?
0x190	0x000e38f8	0	EMPTYLINE
0x192	0x000e3904	0	EF-LINE-BUF
0x194	0x000e3914	1	%#LINE"
0x198	0x000e3938	1	#LINE"
0x1a4	0x000e3994	1	#GETLINE
0x1a8	0x000e39b8	1	GETLINE
0x1aa	0x000e39d4	1	XCHGLINE
0x1af	0x000e3a00	0	LAST-TEXT-LEN
0x1b2	0x000e3a10	1	EMPTY-TEXT-BUF
0x1b8	0x000e3a3c	1	%#PUTLINE
0x1c0	0x000e3a8c	1	#PUTLINE
0x1cd	0x000e3b2c	1	PUTLINE
0x1cf	0x000e3b48	1	#INSERTLINE
0x1d9	0x000e3ba8	1	#?INSERTLINE
0x1df	0x000e3bdc	1	#INSERT-EMPTY-LINE
0x1e3	0x000e3c00	0	UNDEL-ON?
0x1e5	0x000e3c10	1	#MULTIDELLINE
0x1ff	0x000e3d30	1	#DELLINE
0x201	0x000e3d4c	1	?EF-CONVERT-UTF8
0x217	0x000e3e60	1	EF-EXPANDTABS
0x22d	0x000e3fbc	1	NEW-TEXT
0x254	0x000e40dc	1	%"OPEN-TEXT
0x27a	0x000e4258	1	"OPEN-TEXT
0x28d	0x000e42d4	0	EF-IS-KEY
0x28e	0x000e42e4	0	EF-SORT-CAPS?
0x290	0x000e42f4	1	>EF-IS-KEY
0x293	0x000e4328	1	EF-IS-KEY-CMP
0x299	0x000e4380	1	EF-SORT
0x2ba	0x000e4534	0	EF-SET-YBASE
0x2bd	0x000e4544	0	EF-TOOLBAR
0x2fd	0x000ea0d4	1	ADJ-EF-MARK
0x31b	0x000ea16c	0	EFFONT
0x31d	0x000ea1bc	0	EFMARKFONT
0x31f	0x000ea20c	0	EF-BIG5-FONT
0x320	0x000ea25c	0	EF-GB-FONT
0x321	0x000ea2ac	0	EF-SJIS-FONT
0x322	0x000ea2fc	0	EF-KOR-FONT
0x32d	0x000ea40c	0	YWINDOW
0x33f	0x000ea82c	0	FILE-SPLITTER
0x35b	0x000eaacc	0	EF-HILIGHT-Y
0x35c	0x000eaadc	0	EF-HILIGHT-X0
0x35d	0x000eaaec	0	EF-HILIGHT-X1
0x36e	0x000eab4c	1	>EFCOLOR
0x370	0x000eab70	1	SWITCH-KEYWORD-CFG
0x381	0x000eac18	1	WINTYPE
0x38d	0x000eac78	1	EFWINTYPE
0x3a9	0x000ead94	0	ORIGIN-EF-CHARSET
0x3ab	0x000eada4	1	?>MARK-CHARSET
0x3b5	0x000eae04	1	>EF-CHARSET
0x3be	0x000eae58	1	%.1EFLINE
0x3ef	0x000eb0dc	1	.1EFLINE
0x455	0x000eb618	1	SETXYWINDOW
0x466	0x000eb6c8	0	LAST-LINE-CUR
0x467	0x000eb6d8	0	LAST-COL-CUR
0x468	0x000eb6e8	0	LAST-EF-Y
0x46a	0x000eb6f8	1	%ON_PAINT
0x551	0x000ec0f0	1	SET-Y-LONGSCROLL
0x573	0x000ec404	1	EF?PUSHALTKEY
0x363	0x000ec6e0	0	EF-WINDOW
0x5b5	0x000ecb04	1	EF-CHANGE-MARGIN-YLINE
0x5c2	0x000ecc2c	1	SET-TABS-VALUE
0x5cf	0x000ecd34	1	EF-CHANGE-COLOR
0x5d3	0x000ecd64	0	EF-MENU-BAR
0x6a3	0x000efa40	0	EF-POPUPBAR
0x6c4	0x000f0228	0	FILE-WINDOW
0x6	0x000f0674	0	DICT-YSIZE
0x7	0x000f0684	0	DICTBUF
0x9	0x000f0698	1	DICTWIN-INIT
0x13	0x000f06b8	1	DICTWIN-QUIT
0x1b	0x000f072c	0	ENGDIC?
0x1e	0x000f073c	1	WINTYPE
0x32	0x000f07cc	1	?WINCR
0x34	0x000f07f4	0	DICTWIN-BG
0x17	0x000f0ea4	0	DICTWIN
0x116	0x000f12b4	0	STR-0X01
0x119	0x000f12bc	1	XSEARCHPHONE
0x19b	0x000f1780	1	%XSEARCHENGLISH
0x1f8	0x000f1ab0	1	XSEARCHENGLISH
0x1fc	0x000f1acc	1	%FILL-DICTWIN
0x205	0x000f1b70	1	FILL-DICTWIN
0x6e9	0x000f1b8c	1	GET-CURSOR-FORTH-WORD
0x70e	0x000f1db8	1	EF-NEST-FORTH-WORD
0x727	0x000f1f30	0	ADJFILE-WINDOW:
0x729	0x000f1f38	0	FORTH-WORD-WIN-WORD
0x72d	0x000f2078	1	DISPLAY-FILE
0x72b	0x000f2284	0	FORTH-WORD-WIN
0x7df	0x000f2a4c	0	LAST-FORTH-WORD-WIN-WORD
0x87a	0x000f3260	1	DO-FILE-WINDOW
0x89f	0x000f3354	1	EFFONTTYPE-STR
0x8a7	0x000f33ac	1	%CREATEEFFONT1
0x90a	0x000f3674	1	%CREATEEFFONT
0x772	0x000f3968	0	EF
0x978	0x000f3c08	1	FILE-SPLITTER-TRACK
0x983	0x000f3c84	1	FILE-SPLITTER-CLICK
0x989	0x000f3ce8	1	FILE-SPLITTER-UNCLICK
0x98d	0x000f3d20	0	FDEL-BUF
0x98f	0x000f3d30	1	%EF-DEL
0x9bc	0x000f3f78	1	EF-DEL
0x9c7	0x000f3ff4	1	%EF-HOME
0x9cb	0x000f4018	1	EF-HOME
0x9cf	0x000f4038	1	%EF-UP
0x9dc	0x000f40d8	1	EF-UP
0x9e0	0x000f40f8	1	%EF-DOWN
0x9ec	0x000f41ac	1	EF-DOWN
0x9f2	0x000f41cc	1	%EF-RIGHT
0x9ff	0x000f4290	1	%EF-END
0xa04	0x000f42fc	1	EF-RIGHT
0xa2a	0x000f43c4	1	%EF-LEFT
0xa37	0x000f4474	1	EF-LEFT
0xa4e	0x000f4554	1	EF-PGUP
0xa55	0x000f45a8	1	EF-PGDN
0xa62	0x000f4630	1	%EF-INPUTC
0xa72	0x000f46c0	1	%EF-INSERTC
0xa88	0x000f47e0	1	EF-INPUTC
0xa9e	0x000f48c4	1	"EF-PUTSTR
0xab2	0x000f49b0	1	?CONVERT-CHARSET
0xac0	0x000f4a30	1	?CONVERT-CHARSET2
0xacd	0x000f4ab0	1	%EF-BACKSPACE
0xad5	0x000f4af8	1	EF-BACKSPACE
0xadd	0x000f4b58	1	EF-END
0xadf	0x000f4b70	1	EF-ENTER
0xaf4	0x000f4cb4	1	OFF-EF-MARK
0xb03	0x000f4de8	1	?ADJMARK-DELETE
0xb1a	0x000f4ec8	1	EF-DELLINE
0xb23	0x000f4f0c	1	?ADJMARK-INSERT
0xb47	0x000f4fa0	1	EF-TAB
0xb52	0x000f5034	1	EF-BTAB
0xb5a	0x000f50bc	1	EF-INS
0xb5c	0x000f50e0	1	%%EFGOTO
0xb71	0x000f51d4	0	LOADFILE-DLG
0xb74	0x000f5230	1	EF-LOAD
0xb8b	0x000f5334	1	EF-C-HOME
0xb90	0x000f5360	1	EF-F8
0xb9a	0x000f53cc	0	#ENTRYOFMARK
0xb9b	0x000f53dc	0	%EF-MARK-X0
0xb9c	0x000f53ec	0	%EF-MARK-Y0
0xb9d	0x000f53fc	0	%EF-MARK-X1
0xb9e	0x000f540c	0	%EF-MARK-Y1
0xb9f	0x000f541c	0	%EF-LINEMARK?
0xba1	0x000f542c	1	NO-EF-MARK?
0xbb8	0x000f55b8	1	.NO-EF-MARK?
0xbbd	0x000f55fc	1	EF-ALT-B
0xbe8	0x000f57bc	1	EF-ALT-U
0xbed	0x000f57dc	1	DELMARK
0xc27	0x000f5a04	1	EF-ALT-D
0xc31	0x000f5a80	1	EF-ALT-L
0xc4e	0x000f5b9c	0	FILLMARKBUF
0xc50	0x000f5ca0	0	XFILL-PTR
0xc51	0x000f5cb0	0	XFILL-BUF
0xc54	0x000f5cc0	1	%XFILL
0xc5e	0x000f5d64	0	XFILL
0xc60	0x000f5d74	0	NOMODIFIED-FILLMARK?
0xc62	0x000f5d84	0	INSERT-FILLMARK?
0xc64	0x000f5d94	1	INSERT-FILL
0xc6d	0x000f5e08	1	%FILLMARK
0xc94	0x000f5ff0	1	FILLMARK
0xc9a	0x000f6014	1	EF-ALT-F
0xcad	0x000f6114	0	TMPMARKBUF
0xcae	0x000f6124	0	TMPMARKTBL
0xcaf	0x000f6134	0	TMPMARKBUF-TOTAL
0xcb0	0x000f6144	0	TMPMARKBUF-LEN
0xcb1	0x000f6154	0	TMPMARKLINEBUF
0xcb3	0x000f6164	1	#GET1TMPMARKBUF
0xcbe	0x000f61f8	1	COPYTOTMPMARKBUF
0xcee	0x000f644c	1	FREETMPMARKBUF
0xcf4	0x000f6484	0	OVERLAYCOPYMARK?
0xcf5	0x000f6494	0	MOVEMARK?
0xcf6	0x000f64a4	0	XMOVEMARK?
0xcf8	0x000f64b4	1	COPYMARK
0xd66	0x000f68ec	1	?1LINEMARK-LEFT
0xd6b	0x000f695c	1	EF-ALT-Z
0xd70	0x000f6978	1	EF-ALT-O
0xd76	0x000f6998	1	EF-ALT-M
0xd7d	0x000f69d0	1	EF-C-M
0xd86	0x000f6a10	1	EF-C-L
0xd8d	0x000f6a50	1	EF-C-V
0xde7	0x000f6df4	0	EF-C-C-SIZE
0xde8	0x000f6e04	0	EF-COPYED-LINE
0xdea	0x000f6e14	1	EF-C-C-XFILL
0xded	0x000f6e44	0	EF-CURGBLPTR
0xdef	0x000f6e54	1	EF-C-C-XFILL-COPY
0xdfa	0x000f6ec4	1	EF-C-C
0xe63	0x000f70d4	0	EF-FIND-CASE?
0xe65	0x000f70e4	0	LAST-EF-FIND-X
0xe66	0x000f70f4	0	LAST-EF-FIND-Y
0xe67	0x000f7104	0	LAST-EF-FIND-FOUND?
0xe69	0x000f7114	0	LAST-IS-REPLACE?
0xe6d	0x000f7124	0	LAST-EFFOUNDBUF
0xe6f	0x000f7228	0	DO-EF-FIND
0xe72	0x000f7238	1	DO-EF-FIND1
0xe78	0x000f7260	1	EF-UPPER
0xe7e	0x000f7270	1	%%EF-FIND
0xef8	0x000f7620	1	%EF-FIND
0xefe	0x000f7620	1	EF-ALT-N
0xf00	0x000f7658	0	#EFREPLACE
0xf03	0x000f7668	1	%EF-REPLACE
0xf39	0x000f782c	1	EF-REPLACE
0xf42	0x000f78a4	1	EF-REPLACEALL
0xf6a	0x000f7a48	0	REPLACEDIALOG?
0xf6c	0x000f7a58	0	EFFINDWINDOWX
0xf6d	0x000f7a68	0	EFFINDWINDOWY
0xf71	0x000f7ab4	0	TEMPLATE
0xf9a	0x000f7d88	1	GET-DIALOG
0xfaf	0x000f7f28	0	CHINEWBUF
0xf6f	0x000f8144	0	EFFIND-DLG
0xfef	0x000f8164	0	EFLASTKEYISFIND?
0xff1	0x000f8174	1	EF-FIND
0xff9	0x000f8174	1	EF-F6
0xffc	0x000f81b8	1	EF-F7
0x1003	0x000f81f4	0	LAST-EF-X
0x1004	0x000f8204	0	LAST-EF-Y
0x100e	0x000f8214	1	EF-UNCLICK
0x1014	0x000f8264	1	%EF-TRACK
0x1041	0x000f8504	0	FIRSTEF-TRACK?
0x1043	0x000f8514	1	EF-TRACK
0x1087	0x000f87b0	1	EF-CLICK
0x10a3	0x000f890c	1	EF-DBLCLICK
0x10c2	0x000f8a50	1	EF-ALT-G
0x10d1	0x000f8b5c	0	EF-TMP-FILE
0x10d2	0x000f8b68	0	EF-TMP-HANDLE
0x10d4	0x000f8b78	0	EF-TMP-ERROR?
0x10d6	0x000f8b88	1	EF-WRITE-TMP-XFILL
0x10da	0x000f8bb8	1	EF-ALT-C
0x10e9	0x000f8c90	0	EF-SAVEMARK-DLG
0x10ec	0x000f8ce8	1	EF-SAVEMARK
0x1115	0x000f8f60	1	EF-ALT-A
0x112c	0x000f906c	1	EF-ALT-X
0x1130	0x000f909c	0	ALT-V-FILE
0x1132	0x000f90c8	1	%EF-ALT-V
0x114d	0x000f9228	1	EF-ALT-V
0x1151	0x000f9244	0	INSERTFILE-DLG
0x1157	0x000f92a0	0	FILEOPEN-SAVEPATH
0x1159	0x000f93a4	0	EF-ALT-I-SEL
0x8	0x000f93b4	0	UUENCODE-FILE
0xa	0x000f93c8	0	TXT>UU-BUF
0xb	0x000f94cc	0	UUENCODE-BUF
0xd	0x000f94e0	1	TXT>UU
0x34	0x000f96a0	1	UUENCODE-INIT
0x39	0x000f96d0	1	UUENCODE-QUIT
0x3e	0x000f9700	1	%UUENCODE
0x53	0x000f97e8	1	"UUENCODE
0x115d	0x000f98cc	1	EF-ALT-I
0x11aa	0x000f9b2c	0	EF-DATETYPE
0x11ac	0x000f9b3c	1	EF-ALT-T
0x11e3	0x000f9e98	1	EF-ALT-W
0x1227	0x000fa1ec	1	EF-ALT-J
0x1235	0x000fa284	1	ALT-K
0x127c	0x000fa294	1	EF-ALT-KEY
0x129b	0x000fa494	0	EF-HANDLE
0x129c	0x000fa4a4	0	EF-SAVE-FILE
0x129e	0x000fa4b8	1	.EF-SAVE-MSGBOX
0x12a0	0x000fa4ec	0	UNI-CRLF$
0x12a2	0x000fa4f8	0	UNITXT-HEAD
0x12a5	0x000fa500	1	EF-SAVE
0x131f	0x000fa924	1	QUIT1EF
0x1348	0x000faaac	1	EF-CR
0x1355	0x000fab00	0	SAVEAS-DLG
0x1357	0x000fab60	1	EF-SAVEAS
0x1368	0x000fac98	1	EF-SHIFT-DEL
0x1378	0x000fad68	1	EF-C-END
0x1380	0x000fad94	1	EF-DOGETASC
0x1389	0x000fae1c	1	EF-GETASC
0x1392	0x000fae48	1	EF-CTRL-UP
0x139f	0x000faeb8	1	EF-CTRL-DOWN
0x13b1	0x000faf10	1	EF-DOGETBIG
0x13d0	0x000fb054	1	EF-GETBIG
0x13dc	0x000fb080	0	D-X
0x13dd	0x000fb090	0	D-Y
0x13de	0x000fb0a0	0	QUIT?
0x13e0	0x000fb0b0	0	D-#
0x13e2	0x000fb0c0	0	D-TBL
0x13e3	0x000fb0d0	0	D-A-UPS
0x13e4	0x000fb0e0	0	D-A-DNS
0x13e5	0x000fb0f0	0	D-A-LFS
0x13e6	0x000fb100	0	D-A-RTS
0x13ef	0x000fb110	0	D-TBL01
0x13f0	0x000fb130	0	D-TBL02
0x13f1	0x000fb150	0	D-TBL03
0x13f2	0x000fb170	0	D-TBL04
0x13f3	0x000fb190	0	D-TBL05
0x13f4	0x000fb1b0	0	D-TBL06
0x13f5	0x000fb1d0	0	D-TBL07
0x13f7	0x000fb1f0	0	D-TBL-00
0x13fa	0x000fb210	0	D-A-UPS0
0x13fc	0x000fb254	0	D-A-DNS0
0x13fe	0x000fb298	0	D-A-LFS0
0x1400	0x000fb2dc	0	D-A-RTS0
0x1403	0x000fb320	0	D-A-D-UPS
0x1404	0x000fb330	0	D-A-D-DNS
0x1405	0x000fb340	0	D-A-D-LFS
0x1406	0x000fb350	0	D-A-D-RTS
0x140d	0x000fb360	0	D-TBL1
0x140e	0x000fb380	0	D-TBL2
0x140f	0x000fb3a0	0	D-TBL3
0x1410	0x000fb3c0	0	D-TBL4
0x1411	0x000fb3e0	0	D-TBL5
0x1412	0x000fb400	0	D-TBL6
0x1413	0x000fb420	0	D-TBL7
0x1415	0x000fb440	0	D-TBL-11
0x1417	0x000fb460	0	D-A-UPS1
0x1419	0x000fb4a4	0	D-A-DNS1
0x141b	0x000fb4e8	0	D-A-LFS1
0x141d	0x000fb52c	0	D-A-RTS1
0x1420	0x000fb570	1	D!
0x1439	0x000fb640	1	2DROP.BLBL
0x143b	0x000fb658	1	D@
0x1450	0x000fb738	0	CHOICEDBOX-X
0x1451	0x000fb748	0	CHOICEDBOX-Y
0x1452	0x000fb758	0	LASTMENUTO
0x1456	0x000fb768	1	SELDBOX
0x1485	0x000fb824	1	D-INIT
0x1495	0x000fb8ec	1	D1+
0x1496	0x000fb910	1	D1-
0x1498	0x000fb934	1	D-MATCH?
0x14a1	0x000fb9a4	1	D-A-UP?
0x14a2	0x000fb9d4	1	D-A-DN?
0x14a3	0x000fba04	1	D-A-RT?
0x14a4	0x000fba38	1	D-A-LF?
0x14a6	0x000fba6c	1	DT@.D!
0x14b2	0x000fba9c	1	D>>DD
0x14b6	0x000fbadc	1	REDRAWALL
0x14b9	0x000fbafc	1	?REDRAWALL
0x14bb	0x000fbb0c	1	D-UP
0x14ce	0x000fbb48	1	D-DOWN
0x14f1	0x000fbc10	1	D-LEFT
0x14ff	0x000fbcac	1	D-RIGHT
0x150c	0x000fbd10	1	DELSPACELINE
0x1528	0x000fbe6c	1	EF-FULL2HALF
0x1535	0x000fbf48	0	SPLITLONGLINE-MARGIN
0x1537	0x000fbf58	1	SPLITLONGLINE
0x15ab	0x000fc1e4	0	DO-DEAL-EF
0x15ae	0x000fc1f4	1	DEAL-EF
0x15bf	0x000fc300	1	$DO-DELBIG5SPC
0x15c0	0x000fc324	1	CE-DELBIG5SPC
0x15c5	0x000fc370	1	$DO-DELFULLSPC
0x15c6	0x000fc388	1	EF-DELFULLSPC
0x15cc	0x000fc3d8	1	$DO-HALFSPC2FULLSPC
0x15cf	0x000fc408	1	EF-HALFSPC2FULLSPC
0x15d4	0x000fc458	1	$DO-REMOVEANSI
0x15d5	0x000fc484	1	EF-REMOVEANSI
0x15dd	0x000fc4cc	1	EF-GB2BIG5
0x15e4	0x000fc51c	1	EF-BIG52GB
0x15ea	0x000fc56c	1	EF-SJIS2BIG5
0x15f0	0x000fc5d0	1	EF-BIG52SJIS
0x15f6	0x000fc634	1	EF-KOREA2BIG5
0x15fc	0x000fc694	1	EF-BIG52KOREA
0x1603	0x000fc6f4	1	%EF-SET-YBASE
0x1610	0x000fc80c	1	EF-QP
0x177e	0x000fc9f0	0	BIG52PINYIN-FILE
0x177f	0x000fca1c	0	BIG52PINYIN-BUF
0x1781	0x000fca2c	1	BIG52PINYIN-SEARCH-COMPARE
0x1786	0x000fca60	1	BIG52PINYIN
0x179d	0x000fcb74	1	$DO-BIG52PINYIN
0x17a0	0x000fcba8	1	CE-BIG52PINYIN
0x17b3	0x000fcc8c	0	LAST-C-O-SEL
0x17b5	0x000fcc9c	1	EF-C-O
0x1820	0x000fd300	0	EF-C-B-SEL
0x1822	0x000fd310	1	EF-C-B
0x1841	0x000fd5c0	1	EF-C-P
0x184d	0x000fd674	1	EF-UNDEL-BL
0x1857	0x000fd6ec	0	LAST-UNDEL-CURY
0x1859	0x000fd6fc	1	EF-UNDEL
0x1875	0x000fd850	0	LASTINPUTC
0x1877	0x000fd860	1	EF-SINGLE-KEY-IN
0x1895	0x000fd97c	0	EF-INPUT-BUF
0x1898	0x000fd984	1	EF-KEY
0x189d	0x000fd9a4	1	EF-KEY?
0x18a5	0x000fd9c4	1	%ADJ-EF-SIZE
0x18cd	0x000fda90	0	GET-CLIPBOARD-BUF
0x18cf	0x000fdb94	1	GET-CLIPBOARD-DATA
0x18e9	0x000fdcf0	1	EF-C-K
0x18fa	0x000fdd54	1	EF-INIT
0x1932	0x000fdf48	0	EF-PARENT-ORIGIN-POS
0x1934	0x000fdf60	1	?SHIFT-MARK-CUR-POS
0x1939	0x000fdf78	1	%"EF
0x1a90	0x000fef18	1	FREEEF-1
0x1	0x000fef60	0	CE-CFG
0x38	0x000ff1a4	1	READ-CECFG
0x3d	0x000ff1ec	1	WRITE-CECFG
0x1a9a	0x000ff218	1	EF-QUIT
0x1aa0	0x000ff238	1	"EF1
0x1b17	0x000ff4e8	1	"EF
0x1b4c	0x000ff500	1	NODUP-"OPEN-TEXT
0x1b5d	0x000ff62c	1	EF-DO-APPMSG
0x10bb	0x000ff6c8	1	%"EDITFILE
0x10dc	0x000ff80c	1	UPDATE-CV-Y-DIR
0x10f2	0x000ff90c	1	OFF-ALL-REM
0x10f8	0x000ff978	0	$DOCV
0x10fb	0x000ff988	0	RELOADDIR?
0x10fc	0x000ff998	0	SAVEREM?
0x10fd	0x000ff9a8	0	DELREM?
0x10fe	0x000ff9b8	0	#DIR-MARK-OLD
0x10ff	0x000ff9c8	0	CV-Y-BEFOREDOCV
0x1100	0x000ff9d8	0	DOCV-NOUNMARK?
0x1102	0x000ff9e8	1	..\?
0x110e	0x000ffaa0	0	DOCV-ADJALLPERCENT?
0x1110	0x000ffab0	0	CHECK..?
0x1112	0x000ffac0	0	DO1CVONLY?
0x1114	0x000ffad0	0	ALLOW-CV-PRE-READ?
0x1116	0x000ffae0	0	CV-PRE-READ?
0x1118	0x000ffaf0	0	CUR-CV-PRE-READ
0x111a	0x000ffb00	0	#MAX-CV-PRE-READ-BUF-LEN
0x111b	0x000ffb10	0	CV-PRE-READ-BUF-LEN
0x111d	0x000ffb20	0	CV-PRE-READ-BUF
0x1120	0x000ffb30	1	INIT-CV-PRE-READ
0x1129	0x000ffb80	1	QUIT-CV-PRE-READ
0x112e	0x000ffbb4	1	%CV-PRE-READ
0x113d	0x000ffc30	1	CV-PRE-READ
0x1166	0x000ffd8c	1	DOCV
0x121c	0x00100330	1	$CV-GET-MD5
0x1231	0x00100434	1	CV-GET-MD5
0x1236	0x00100460	1	?.DIRTMP-MD5-ERROR
0x1240	0x001004f4	1	$CV-TEST-MD5
0x1255	0x00100620	1	CV-TEST-MD5
0x1273	0x0010064c	1	$CV-MAKE-MD5
0x1286	0x00100744	1	CV-MAKE-MD5
0x9	0x00100874	0	#CHECK.MD5-ERROR
0xb	0x00100884	1	CHECK-1-MD5
0x21	0x001009ac	1	%CHECK.MD5
0x39	0x00100b54	1	"CHECK.MD5
0x53	0x001f0484	0	T
0x12a4	0x00100c54	1	CV-CHECK-MD5
0x12ce	0x00100f24	1	CV-"FILE>CRC32
0x12d2	0x00100f4c	1	$CV-GET-CRC32
0x12e7	0x00101054	1	CV-GET-CRC32
0x1303	0x00101080	1	?.DIRTMP-CRC32-ERROR
0x130d	0x00101114	1	$CV-TEST-CRC32
0x1322	0x00101244	1	CV-TEST-CRC32
0x1340	0x00101270	1	$CV-MAKE-SFV
0x1354	0x00101368	1	CV-MAKE-SFV
0x9	0x00101534	0	#CHECK.SFV-ERROR
0xb	0x00101544	1	CHECK-1-SFV
0x21	0x00101674	1	%CHECK.SFV
0x3e	0x00101868	1	"CHECK.SFV
0x58	0x001f06bc	0	T
0x1375	0x00101968	1	CV-CHECK-SFV
0x139d	0x00101c38	0	SC_MONITORPOWER
0x139f	0x00101c40	1	TURN-OFF-MONITOR
0x13a9	0x00101c7c	1	REGISTER-GRAB-HOTKEY
0x13b1	0x00101ce4	1	UNREGISTER-GRAB-HOTKEY
0x13b8	0x00101d40	1	%REGISTER-CV-HOTKEY
0x13c5	0x00101d80	1	REGISTER-CV-HOTKEY
0x13cc	0x00101db0	1	UNREGISTER-CV-HOTKEY
0x13d4	0x00101dec	1	SET-CV-FILENAME-CP
0x13d6	0x00101e18	1	ADJ-VP-BEST-FIT-OPTION
0x1	0x00101e84	1	LINKTOLCC
0x2	0x00101ebc	1	LINKTOLCC2
0x3	0x00101ef8	1	LINKTOLCC3
0x4	0x00101f40	1	MAILTOLCC
0x13e6	0x00101f80	0	%CV-MENU
0x1428	0x00102db8	0	F12-MENUITEM
0x152b	0x00105030	0	CV-POPUPBAR
0x154e	0x001057fc	1	CV-SORTDIR
0x1561	0x001058bc	1	ANYDIR-DOCV?
0x1570	0x00053630	0	CHANGEREMBUF
0x1572	0x00105958	0	USESAME-REM?
0x1574	0x00105968	0	CHANGEREM-DLG
0x1576	0x001059ec	0	CHANGEREM-PARENT
0x1578	0x001059fc	1	$CV-REM
0x15aa	0x00105b48	1	CVCHANGEFILENAMEREM
0x15b4	0x00105b88	1	CV"CHANGEFILENAMEREM
0x15bb	0x00105bc0	1	CV-';'
0x15d0	0x00105c54	0	CHANGEPATH-DLG
0x15d2	0x00053630	0	CHANGEPATHBUF
0x15d3	0x00105cac	1	CV-'P'
0x1614	0x00053630	0	RENAMEBUF
0x1616	0x00105de4	1	$CV-RENAME
0x1676	0x0010629c	1	CV-'R'
0x1688	0x00106330	1	CV-RENAMEFILENAME
0x16a4	0x00106490	1	CVCOPYREMTO
0x16ad	0x001064e0	1	$CV-COPY
0x176c	0x00106cf0	1	$CV-COMBI
0x1789	0x00106e58	0	COPY-DLG
0x178b	0x00106ed8	0	CV-COMBI-OVERLAY?
0x178d	0x00106ee8	1	$CV-COMBI-OVERLAY?
0x1794	0x00106f44	0	#TOTALCOPYFILES
0x1796	0x00106f54	1	$CALCSIZE
0x17a3	0x00106fdc	1	$CALCSIZE&FILES
0x17b8	0x00107080	0	CEREMOTE
0x17ba	0x001070f0	0	&CEFILEPROGRESS
0x17ba	0x001070f8	1	CEFILEPROGRESS
0x17c2	0x0010715c	1	$COPYTOCE
0x17e0	0x00107344	1	BATCH_COPYTOCE
0x17f0	0x00107460	1	%CV-'C'
0x1896	0x00107c7c	1	CVCOPYFILENAME
0x189e	0x00107cb8	1	CV-'C'
0x18a0	0x00107ce8	0	MOVETARGETBUF
0x18a2	0x00107df4	1	OFF-DIRTMP
0x18ab	0x00107e5c	0	CVMOVEBUF
0x18af	0x00107f60	1	$CV-MOVE
0x1989	0x001088d8	0	MOVE-DLG
0x198b	0x00108948	1	%CV-'M'
0x1a05	0x00108f14	1	CVMOVEFILENAME
0x1a0f	0x00108f6c	1	CV-'M'
0x1a14	0x00108f9c	1	$CV-DEL
0x1a70	0x0010940c	1	%CV-'D'
0x1ab2	0x00109628	1	CVDELFILENAME
0x1abc	0x00109680	1	CV-'D'
0x1ae2	0x001096b0	0	LABEL-DLG
0x1ae5	0x00109708	1	CV-'L'
0x1b22	0x001098d8	0	PACKHEADER
0x1b23	0x001098e8	0	CHECKCODE
0x1b24	0x001098f8	0	SN
0x1b25	0x00109908	0	TOTAL
0x1b26	0x00109918	0	NAME
0x1b21	0x00109928	0	PACKHEADER
0x1b2a	0x00109940	1	"PACK
0x1b77	0x00109f18	1	DEL*.U??
0x1b8a	0x0010a064	1	CV-CR
0x1c02	0x0010a3bc	1	CV-'V'
0x1c0a	0x0010a414	1	CV-'H'
0x1c19	0x0010a480	1	CV-'E'
0x1c2b	0x0010a518	0	FIND-DLG
0x1c2d	0x0010a58c	0	FIND-CASE?
0x1c2f	0x0010a59c	1	%CV-'F'
0x1c62	0x0010a85c	1	CV-'F'
0x1c69	0x0010a8d0	1	CV-'T'
0x1c77	0x0010a99c	1	CV-ALT-T
0x1c86	0x0010aa78	1	CV-ALT-U
0x1c92	0x0010ab14	1	CV-'N'
0x1c94	0x0010ab2c	1	$CV-GO
0x1cb5	0x0010ac64	1	CV-'G'
0x1cbf	0x0010ac90	1	CV-'K'
0x1cc1	0x0010acb8	0	CV-SHIFT-N
0x1cc2	0x0010acc8	1	CV-SHIFT
0x1d3a	0x00053630	0	EXEBUF
0x1d3c	0x0010b27c	1	CV-F2
0x1d6b	0x00053630	0	MDBUF
0x1d6d	0x0010b454	1	CV-F3
0x1d8b	0x0010b65c	0	CV-Z-ALL-SAME-PASSWORD?
0x1d8c	0x0010b66c	0	FIRST-$CV-'Z'?
0x1d8f	0x0010b67c	0	CV-ARC-PASSWORD-DLG
0x1d93	0x0010b6f4	1	$CV-'Z'
0x1dce	0x0010b948	1	CV-'Z'
0x1e1b	0x0010bbe8	0	MAKEARC-HANDLE
0x1e1d	0x0010bbf8	1	?MAKEARCERROR
0x1e1f	0x0010bc30	1	$MAKEARC
0x1e36	0x0010bd44	0	ADDZIPERROR?
0x1e38	0x0010bd54	0	CURZIPDIR-LEN
0x1e3a	0x0010bd64	1	DO-MAKEARC-ZIP-DIR-FILES
0x1e50	0x0010be94	1	"ADD1ZIPDIR
0x1e5a	0x0010bef8	1	"ADD1ZIP
0x1e66	0x0010bf90	1	MAKEARC-ZIP
0x1ece	0x0010c43c	1	MAKEARC-LZH
0x1ef4	0x0010c668	1	MAKEARC-7Z
0x1f2f	0x0010c9d8	1	?.ARCITERROR
0x1f32	0x0010ca10	1	%ARCIT
0x1fc2	0x0010d1a4	1	CV-ALT-Z
0x1fd4	0x00053630	0	CHANGELISTARGUMENTBUF
0x1fd6	0x0010d224	1	CV-F8
0x1fe2	0x0010d2fc	0	LAST-CV-Y
0x1fe3	0x0010d30c	0	CV-CLICK-X
0x1fe4	0x0010d31c	0	CV-CLICK-Y
0x1fe6	0x0010d32c	0	CV-CLICK-#Y
0x1fe8	0x0010d33c	1	CALC-CV-CLICK-XY
0x2007	0x0010d43c	1	%CV-CLICK
0x203b	0x0010d66c	1	CV-TRACK
0x2060	0x0010d7b4	1	CV-CLICK
0x2073	0x0010d870	1	CV-UNCLICK
0x2079	0x0010d8b4	1	CV-DBLCLICK
0x208f	0x0010d96c	1	DIR-MBUTTON-FUNC1
0x2095	0x0010d998	0	LAST-STATUS-MOUSEY
0x2096	0x0010d9a8	0	SPLIT-OFFSET
0x2097	0x0010d9b8	0	LAST-PV-WINDOW-YSIZE
0x2099	0x0010d9c8	1	STATUS-TRACK
0x20ac	0x0010da60	1	STATUS-CLICK
0x20b6	0x0010dae4	1	STATUS-UNCLICK
0x20bc	0x0010db28	1	PV-TRACK
0x20be	0x0010db38	1	PV-CLICK
0x20e0	0x0010db68	1	PATH-CLICK
0x20e5	0x0010db94	1	$CV-'A'
0x210e	0x0010dd34	1	CV-'A'
0x2114	0x0010dd64	0	DOS-DLG
0x2116	0x00053630	0	DOSBUF
0x2117	0x0010ddc0	1	CV-DOS
0x211d	0x0010de44	0	XRUN-DLG
0x211f	0x00053630	0	XRUNBUF
0x2121	0x0010deac	1	$CV-XRUN
0x2137	0x0010df48	1	CV-'X'
0x213f	0x0010dfc0	0	CVOPENFILE-DLG
0x2141	0x00053630	0	CVOPENFILEBUF
0x2143	0x0010e028	0	CV-O-HEXMODE?
0x2145	0x0010e038	1	CV-'O'
0x216c	0x0010e1a4	1	$SER-REN
0x2184	0x0010e2b0	1	CV-ALT-R
0x218f	0x0010e324	0	DO+-*
0x2191	0x0010e334	1	+-*
0x21aa	0x0010e3c0	1	+-*DO+
0x21ab	0x0010e3dc	1	+-*DO-
0x21ae	0x0010e3f4	1	%CV-+-
0x21c1	0x0010e464	1	CV-'+'
0x21cc	0x0010e544	1	CV-'-'
0x21d7	0x0010e628	1	CV-'*'
0x21da	0x0010e68c	1	OFF.DIR
0x21e2	0x0010e6d0	1	CV-'0'
0x21ea	0x0010e71c	1	CV-'1'
0x21f3	0x0010e77c	1	CV-'2'
0x21fb	0x0010e7d0	1	CV-'3'
0x2202	0x0010e81c	1	CV-'4'
0x2208	0x0010e85c	1	CV-'5'
0x220d	0x0010e894	1	CV-'6'
0x2214	0x0010e8cc	1	CV-ALT-D
0x221d	0x0010e920	1	DISK-SPLITTER-TRACK
0x2228	0x0010e99c	1	DISK-SPLITTER-CLICK
0x222e	0x0010ea00	1	DISK-SPLITTER-UNCLICK
0x2231	0x0010ea38	1	CV-ERROR
0x223a	0x0010ea48	1	GET-CV-TIME
0x2244	0x0010eac0	1	DO-DISK-WINDOW
0x2255	0x0010eb90	1	CV-DO-DROPFILE
0x226c	0x0010ec54	1	CV-INIT
0x22ab	0x0010ee64	1	%CV-QUIT
0x5	0x0010eed4	0	B/SEARCHTMP
0x7	0x0010eedc	0	SEARCHTMP
0x8	0x0010f228	0	SEARCHTMP1
0xa	0x0010f574	0	>SEARCHTMP-DSIZE
0xb	0x0010f57c	0	>SEARCHTMP-MARK
0xc	0x0010f584	0	>SEARCHTMP-ATTRIB
0xd	0x0010f58c	0	>SEARCHTMP-TIME
0xe	0x0010f594	0	>SEARCHTMP-ALTERNATENAME
0xf	0x0010f59c	0	>SEARCHTMP-LINE
0x10	0x0010f5a4	0	>SEARCHTMP-BEFOREREM
0x11	0x0010f5ac	0	>SEARCHTMP-REM
0x14	0x0010f5b4	0	B/SEARCHTMP-NOREM
0x16	0x0010f5bc	1	SEARCHTMP=DIR?
0x18	0x0010f5e0	0	#SEARCH-MARK
0x19	0x0010f5f0	0	SEARCH-MARK-SIZE
0x1a	0x0010f608	0	SEARCH-TOTAL-SIZE
0x1e	0x0010f620	0	SEARCH-LIST
0x1f	0x0010f634	0	SEARCH-REM-LIST
0x22	0x0010f648	0	SEARCHBUSY?
0x24	0x0010f658	0	SEARCHBUF
0x25	0x0010f668	0	SEARCHBUFBLEN
0x27	0x0010f678	1	#SEARCHBUF
0x29	0x0010f698	0	SEARCH-QUIT?
0x2a	0x0010f6a8	0	SEARCH-COL-CUR
0x2b	0x0010f6b8	0	SEARCH-MAX-NAME
0x2c	0x0010f6c8	0	SEARCH-Y
0x2e	0x0010f678	1	SEARCH-LINE-LAST
0x31	0x0010f6d8	1	#>SEARCHTMP
0x3c	0x0010f760	1	#>SEARCHTMP1
0x46	0x0010f7e8	1	SEARCHTMP>#
0x52	0x0010f87c	0	SEARCH-TXT
0x53	0x0010f980	0	SEARCH-REM
0x54	0x0010fa84	0	SEARCH-ARGUMENT
0x55	0x0010fb88	0	SEARCH-DIR
0x56	0x0010fc8c	0	SEARCH-CASE?
0x57	0x0010fc9c	0	SEARCH-SUB?
0x59	0x0010fcac	0	SEARCHING?
0x5a	0x0010fcbc	0	SEARCH-PAINTENDONLY?
0x5c	0x0010fccc	0	LCCDLG4
0x78	0x0010fed4	0	TEMPLATE
0x7b	0x0010fedc	1	">ARGUMENT
0x7f	0x0010ff18	1	">DIR
0x76	0x00110510	0	SEARCH-DLG
0xd6	0x00110608	0	SEARCH-PV-WINDOW
0x106	0x00110ae4	0	#FOUNDLINE
0x116	0x00110af4	1	DTATIME>DIRTIME
0x125	0x00110b94	1	DTA>SEARCHTMP
0x144	0x00110c94	0	SEARCH-MENU
0x158	0x0011104c	0	SEARCH-TOOLBAR
0x186	0x00113a20	0	SEARCHING-FILENAME
0x18a	0x00113d54	0	SEARCH-FILENAME-WINDOW
0x1c2	0x00114164	0	SEARCH-LINE-CUR
0x1c3	0x00114174	0	SEARCH-LINEREPAINT?
0x1c5	0x00114184	0	SEARCH-SCREEN-COLS
0x1c6	0x00114194	0	SEARCH-SCREEN-ROWS
0x1df	0x001142b0	0	LAST-SEARCH-LINE-CUR
0x1e0	0x001142c0	0	LAST-SEARCH-Y
0x1e2	0x001142d0	0	.1SEARCHBUF
0x1e4	0x001146d4	0	(.##)BUF
0x1e6	0x001146dc	1	(.##)
0x1e9	0x00114720	1	.1SEARCH
0x1c8	0x00115270	0	SEARCH-WINDOW
0x2d1	0x00115680	0	LAST-SEARCH-Y
0x2d2	0x00115690	1	%SEARCH-CLICK
0x2ef	0x00115830	1	SEARCH-TRACK
0x2f9	0x00115868	1	SEARCH-CLICK
0x302	0x001158e8	1	SEARCH-UNCLICK
0x307	0x00115920	1	SEARCH-DBLCLICK
0x30c	0x00115960	0	SEARCH-TXT-CONTROL
0x30d	0x00115ac8	0	SEARCH-ARG-UMENT
0x30f	0x00115fdc	0	CVSEARCH
0x35a	0x0011627c	1	%SEARCH-UP
0x362	0x001162ec	1	SEARCH-UP
0x369	0x0011632c	1	%SEARCH-DOWN
0x372	0x00116398	1	SEARCH-DOWN
0x379	0x001163d8	1	SEARCH-SPACE
0x388	0x00116480	0	SEARCH-REMFILE
0x389	0x001164ac	0	SEARCH-TMPFILE
0x38b	0x001164d8	1	SEARCHFILE-DO-BEFORE-XRD
0x38f	0x00116510	0	FIRST-GETSEARCHFILE-REM?
0x391	0x00116520	1	GETSEARCHFILE-REM
0x3c9	0x0011669c	1	SEARCH1FILE
0x447	0x00116c9c	1	SEARCH1DIR
0x456	0x00116d70	1	"SEARCHFILE
0x46e	0x00116e98	1	SEARCHGETNEXTFILENAME
0x476	0x00116f08	1	%SEARCHGETNEXTFILENAME
0x47c	0x00116f44	1	SEARCHMARK&GETNEXTFILENAME
0x482	0x00116f70	1	SEARCHGETPREFILENAME
0x48a	0x00116fe0	1	%SEARCHGETPREFILENAME
0x491	0x0011701c	1	SEARCHDELFILENAME
0x4b5	0x00117198	1	SEARCHCHANGEFILENAMEREM
0x4b8	0x001171e0	1	SEARCH"CHANGEFILENAMEREM
0x4bb	0x001171f8	1	SEARCH-CR
0x4e3	0x00117374	1	SEARCH-'E'
0x4e8	0x001173c4	1	%SEARCHDLG
0x4eb	0x001173ec	1	%SEARCH-'W'
0x4f9	0x00117484	1	SEARCH-'W'
0x4fe	0x001174b4	0	$DOSEARCH
0x500	0x001174c4	1	DOSEARCH
0x525	0x00117690	1	$SEARCH-DEL
0x52e	0x00117708	1	SEARCH-DEL
0x535	0x0011777c	1	SEARCH-'T'
0x545	0x00117844	1	SEARCH-'U'
0x550	0x001178e0	1	$SEARCH-'G'
0x556	0x00117914	1	SEARCH-'G'
0x559	0x00117930	1	$SEARCH-'C'
0x573	0x00117ac0	1	SEARCH-'C'
0x598	0x00117c34	1	$SEARCH-'Z'
0x5a6	0x00117ca0	1	SEARCH-'Z'
0x5ae	0x00117d04	1	RANDOM-SEARCH-LIST
0x5bb	0x00117ddc	1	SEARCH-MAIN
0x5f0	0x00118168	1	SEARCHFILE
0x22c6	0x00118294	0	FILE_ID-FILE
0x22c9	0x001182c0	1	$DO-CV-GET-FILE_ID.DIZ
0x22df	0x001183fc	1	CV-GET-FILE_ID.DIZ
0x22e8	0x0011844c	0	FIRST-ARCLISTFILENAME
0x22ea	0x00118550	1	%%.1ARCHIVE
0x22f5	0x00118590	1	"GETFIRST-ARCLISTFILENAME
0x2310	0x001185d4	1	$DO-CV-ARCLISTNAME2REM
0x2323	0x00118650	1	CV-ARCLISTNAME2REM
0x2330	0x00118294	0	2UNIX-FILE
0x2332	0x001186ac	0	CV-C-O-FILE
0x2333	0x001186c0	0	CV-C-O-TYPE
0x2335	0x001186d0	0	2CRLF
0x234b	0x001186d8	1	>HTM
0x234e	0x001186f8	1	>HTMLINE
0x235d	0x00118718	1	(NEW.DATE1)
0x2368	0x001187d4	1	$MAKEINDEX.HTM
0x23b0	0x00118b58	1	MAKEINDEX.HTM
0x2405	0x00118fec	0	CV-C-O-RENAME-TYPE
0x2407	0x00118ffc	1	CV-C-O-RENAME
0x2436	0x00119280	0	JPG-RESAVE-SAVED
0x2437	0x00119298	0	JPG-RESAVE-ORG-TOTAL
0x2439	0x001192b0	0	JPG-RESAVE-CLEAN?
0x243b	0x001192c0	1	$CV-JPG-RESAVE
0x2466	0x001194b8	1	CV-KILL-DUP
0x2483	0x00119600	0	CV-PIC-CONVERT-TYPE
0x2497	0x00119610	1	$CV-C-O
0x8	0x0011a818	0	FD-SIZE-BUF
0xa	0x0011a82c	0	FDBUF
0xb	0x0011a840	0	#FDBUF
0xc	0x0011a850	0	#DUP
0xd	0x0011a860	0	#NEW
0xf	0x0011a870	0	FDUP-KILLED-SIZE
0x10	0x0011a880	0	FDUP-TOTAL-SIZE
0x13	0x0011a890	1	.STAT
0x25	0x0011a9b4	0	FD-SIZE.DAT
0x26	0x0011a9d0	0	FD-DATA.DAT
0x28	0x0011a9ec	0	SIZE/FDSAMPLE
0x29	0x0011a9f4	0	SIZE/END-SAMPLE
0x2b	0x0011a9fc	0	FDSAMPLE-BUF
0x2c	0x0011aa80	0	FDSAMPLE-TARGET-BUF
0x30	0x0011ab04	1	#COMPARE-FD
0x47	0x0011ac54	1	ADD-FD
0x5f	0x0011ad90	0	FD-II
0x61	0x0011ada0	1	>FDUPLOG
0x66	0x0011adcc	1	"FINDDUP
0xc9	0x0011b158	1	DD-DO-XRD-FILES
0xcd	0x0011b178	1	DD
0xdf	0x0011b1dc	1	LOAD-FD-DATABASE
0xe7	0x0011b240	1	SAVE-FD-DATABASE
0xed	0x0011b270	0	KILLHTML-BUF
0xf1	0x0011b284	1	"JPG-KILLHTML
0x10a	0x0011b39c	1	KILLHTM-DO-XRD-FILES
0x11d	0x0011b478	1	FINDUP-KILLHTM
0x183	0x0011b52c	0	FINDDUP-STATICS?
0x185	0x0011b53c	0	FDUP-TESTING?
0x188	0x0011b54c	1	FINDDUP-INIT
0x19e	0x0011b5e4	1	FINDDUP-QUIT
0x1bd	0x0011b798	1	FINDDUP
0x2643	0x0011b844	0	OPENFILE-DLG1
0x2645	0x0011b8a8	0	CV-IMPORT-RENAME-TXT1
0x2651	0x0011b920	1	CV-IMPORT-RENAME
0x269f	0x0011bcf4	1	CV-C-O
0x2748	0x0011c840	1	CV-CORP
0x279b	0x0011cd4c	0	CV-C-P-SEL
0x279d	0x0011cd5c	1	$CV-C-P
0x27ab	0x0011ce10	1	CV-C-P
0x27bb	0x0011cec8	1	CV-C-UP
0x27c9	0x0011cf38	1	CV-C-DOWN
0x27da	0x0011cfac	1	CVIEW-CTRL-KEY
0x5	0x0011d134	0	WINCV-CFG
0x9d	0x000aa5bc	0	WCS-TMP
0x9f	0x0011d80c	1	WCS=?
0xa2	0x0011d83c	1	DO-WCS
0xae	0x0011d924	0	WINCV-HISSTR-FILENAME
0xb0	0x0011d93c	1	LOAD-WINCV-HISSTR
0xbf	0x0011da20	0	WCSBUF
0xc1	0x0011da34	1	WCSPUTS
0xc2	0x0011da54	1	WCSCR
0xc3	0x0011da74	1	SAVE-WINCV-HISSTR
0xdb	0x0011dbd8	1	DEFAULT-WCS
0xe6	0x0011dc80	1	READ-WCS
0x118	0x0011dedc	1	WRITE-WCS
0x2805	0x0011dfa4	0	LAST-DEPTH
0x2823	0x0011dfb4	1	?UPDATE1EMPTYDIR
0x282e	0x0011e048	1	%ADJ-CV-SIZE
0x2845	0x0011e108	1	CV-C-S-C
0x2859	0x0011e20c	1	LINKNETDRIVE
0x286a	0x0011e2b4	0	1PRE-TN-UPDATE?
0x286c	0x0011e2c4	1	1PRE-TN
0x289b	0x0011e4ac	0	TN-LAST-CV-Y
0x289d	0x0011e4bc	1	PRE-TN-UPDATE-CV-Y
0x28af	0x0011e558	1	KEY?MS
0x28b5	0x0011e5ac	1	PRE-TN
0x28ec	0x0011e82c	1	EXPAND-ENVIRONMENT-STRINGS
0x28f4	0x0011e8d8	0	CV-ALT-C-FILENAMES
0x28f5	0x0011e8e8	1	$CV-GET-2-FILENAME
0x28fd	0x0011e934	1	CALL-WINMERGE
0x290a	0x0011ea58	1	CV-ALT-C
0x2923	0x0011eb64	1	DO-CV-ALT
0x294b	0x0011ed5c	1	CV-'I'
0x2972	0x0011ee9c	1	GET-LOGICAL-DRIVES
0x2976	0x0011eedc	1	DRIVE-IN-DISKBUF?
0x2982	0x0011ef8c	1	?ADD-NEW-DISKBUF
0x8	0x0011f10c	1	"CUE>TXT
0x31	0x001f35f4	0	T
0x3a	0x0011f378	1	$LCCW-CUE>TXT
0x42	0x0011f3a8	1	">IMGBT-TORRENT
0x5d	0x001f36a4	0	T
0x66	0x0011f59c	1	$LCCW-">IMGBT-TORRENT
0x6c	0x0011f5c8	1	$LCCW-JPG-TRANSFORM-AUTO
0x3	0x0011f7f4	1	"DIB2PIC
0x18	0x0011f8b0	0	DRAW-TEXT-FONT
0x1a	0x0011f8cc	0	DRAW-TEXT:
0x13	0x0011fb10	0	DIB-TEXT-WIN
0x46	0x0011ff78	1	DIB-DRAW-TEXT
0x4f	0x0011ffb8	1	FI-DRAW-TEXT
0x99	0x0011ffe8	0	C-LCCW-LTGRAY
0x9b	0x0012000c	1	ADD-COMMENT-TEXT
0xb1	0x00120128	0	CV-RESIZE-PIC-SIZE
0xb4	0x00120140	1	$CV-RESIZE-PIC-LCCW
0xc5	0x001201e4	1	$CV-RESIZE-PIC
0xd8	0x001202c0	0	C-OGM-MERGER-TMP
0xda	0x001202d0	1	$C-OGM-MERGER
0xe0	0x0012031c	1	C-OGM-MERGER
0xee	0x00120390	1	C-AVI2WAV
0x100	0x00120444	1	HMS>HMS0000
0x11e	0x001205fc	1	REM>OGMCUTTER-CMD
0x153	0x001207f4	1	C-OGM-CUTTER
0x162	0x00120854	0	FILELIST
0x164	0x00120864	1	$GATHERFILELIST
0x168	0x001208a4	1	C-COMBINEIMAGE
0x181	0x00120a84	0	LCCW-C-O-TYPE
0x183	0x00120a94	1	C-LCCW
0x29aa	0x00120d24	1	CV-CTRL-SHIFT
0x29b3	0x00120dcc	1	T1
0x2bbb	0x00121ec0	0	VFONLY?
0x2bbc	0x00121ed0	0	EFONLY?
0x2bbe	0x00121f7c	0	TMPWINDOW
0x2bc5	0x0012222c	0	CV-/P?
0x2bc7	0x0012223c	1	T
0x2c23	0x001224bc	1	TT
0x2c5f	0x00122614	1	T
0x2c70	0x00122660	1	CVTEST
0x2	0x001f3b4c	0	CHAIN-DELETE
0x1e	0x001f3cc0	0	"SA
0x45	0x001f3e0c	0	SA
0x2c77	0x00122684	1	ALPHA
0x2c81	0x001226b8	1	BETA
0x2c8e	0x00122768	1	SAT
